"cascadeOrder","selector","context","file","line","styleId","styleBlockOrder","includeOrder","afterDocumentClose","specificity","ownership","importantDeclarationCount","declarations"
"1",":root","","DashboardBaseStyles.html","2","","1","1","false","0-1-0","Shared","0","--bg: #f4f1ee; --canvas: #ebe7e3; --card: #ffffff; --ink: #172033; --muted: #667085; --line: #d5d9e2; --softline: #edf0f5; --navy: #182433; --navy2: #26374f; --blue: #235b8e; --bluesoft: rgba(35, 91, 142, 0.18); --slate: #6f7d8f; --slatesoft: rgba(111, 125, 143, 0.22); --pale: #a8c4dd; --palesoft: rgba(168, 196, 221, 0.30); --green: #067647; --red: #b42318; --amber: #b76e00; --chip: #eef4fb"
"2","*","","DashboardBaseStyles.html","24","","1","1","false","0-0-0","Shared","0","box-sizing: border-box"
"3","body","","DashboardBaseStyles.html","28","","1","1","false","0-0-1","Shared","0","margin: 0; background: var(--bg); color: var(--ink); font-family: Arial, Helvetica, sans-serif"
"4",".tabs","","DashboardBaseStyles.html","35","","1","1","false","0-1-0","Shared","0","height: 42px; display: flex; align-items: end; gap: 4px; background: #f7f7f8; border-bottom: 1px solid #d7dce4; padding: 0 10px"
"5",".tabBtn","","DashboardBaseStyles.html","45","","1","1","false","0-1-0","Shared","0","border: 0; background: transparent; padding: 12px 20px 11px; font-size: 16px; font-weight: 800; color: #344054; border-radius: 10px 10px 0 0; cursor: pointer"
"6",".tabBtn.active","","DashboardBaseStyles.html","56","","1","1","false","0-2-0","Shared","0","background: #d5e5fb; color: #174ea6; box-shadow: inset 0 -1px 0 #d5e5fb"
"7",".tabPage","","DashboardBaseStyles.html","62","","1","1","false","0-1-0","Shared","0","display: none; padding: 10px 12px 16px"
"8",".tabPage.active","","DashboardBaseStyles.html","67","","1","1","false","0-2-0","Shared","0","display: block"
"9",".dashboardShell","","DashboardBaseStyles.html","71","","1","1","false","0-1-0","Shared","0","max-width: 1920px; margin: 0 auto; background: var(--canvas); border: 1px solid #d4d7de; padding: 8px"
"10",".topBar","","DashboardBaseStyles.html","79","","1","1","false","0-1-0","Shared","0","display: grid; grid-template-columns: auto auto auto 1fr; gap: 10px; align-items: center; margin-bottom: 8px"
"11",".segGroup","","DashboardBaseStyles.html","87","","1","1","false","0-1-0","Shared","0","display: inline-flex; background: #ffffff; border: 1px solid #c9ced8; border-radius: 9px; padding: 3px; box-shadow: 0 1px 2px rgba(16, 24, 40, 0.08); gap: 3px"
"12",".segBtn","","DashboardBaseStyles.html","97","","1","1","false","0-1-0","Shared","0","border: 0; border-radius: 7px; background: transparent; padding: 9px 13px; font-weight: 800; font-size: 13px; color: #344054; cursor: pointer; white-space: nowrap"
"13",".resetBtn","","DashboardBaseStyles.html","97","","1","1","false","0-1-0","Shared","0","border: 0; border-radius: 7px; background: transparent; padding: 9px 13px; font-weight: 800; font-size: 13px; color: #344054; cursor: pointer; white-space: nowrap"
"14",".segBtn.active","","DashboardBaseStyles.html","110","","1","1","false","0-2-0","Shared","0","background: var(--navy); color: #ffffff; box-shadow: 0 1px 2px rgba(16, 24, 40, 0.14)"
"15",".resetBtn","","DashboardBaseStyles.html","116","","1","1","false","0-1-0","Shared","0","background: #ffffff; border: 1px solid #c9ced8; box-shadow: 0 1px 2px rgba(16, 24, 40, 0.08)"
"16",".kpiStrip","","DashboardBaseStyles.html","122","","1","1","false","0-1-0","Shared","0","display: grid; grid-template-columns: repeat(6, minmax(110px, 1fr)); gap: 6px"
"17",".kpiMini","","DashboardBaseStyles.html","128","","1","1","false","0-1-0","Shared","0","background: #ffffff; border: 1px solid #d8dde6; border-radius: 9px; padding: 7px 9px; min-height: 48px"
"18",".kpiMini .label","","DashboardBaseStyles.html","136","","1","1","false","0-2-0","Shared","0","font-size: 10px; color: var(--muted); font-weight: 800; text-transform: uppercase; letter-spacing: .03em; margin-bottom: 4px"
"19",".kpiMini .value","","DashboardBaseStyles.html","145","","1","1","false","0-2-0","Shared","0","font-size: 18px; line-height: 1.05; font-weight: 900; color: var(--ink)"
"20",".kpiMini .value.good","","DashboardBaseStyles.html","152","","1","1","false","0-3-0","Shared","0","color: var(--green)"
"21",".kpiMini .value.bad","","DashboardBaseStyles.html","156","","1","1","false","0-3-0","Shared","0","color: var(--red)"
"22",".chipRow","","DashboardBaseStyles.html","160","","1","1","false","0-1-0","Shared","0","min-height: 28px; display: flex; gap: 6px; flex-wrap: wrap; margin: 0 0 8px 0; align-items: center"
"23",".chip","","DashboardBaseStyles.html","169","","1","1","false","0-1-0","Shared","0","display: inline-flex; align-items: center; gap: 6px; background: var(--chip); border: 1px solid #c8d8ea; color: #23415f; border-radius: 999px; padding: 5px 9px; font-size: 12px; font-weight: 700"
"24",".chip button","","DashboardBaseStyles.html","182","","1","1","false","0-1-1","Shared","0","border: 0; background: transparent; cursor: pointer; color: #315f9b; font-weight: 900; padding: 0"
"25",".grid","","DashboardBaseStyles.html","191","","1","1","false","0-1-0","Shared","0","display: grid; grid-template-columns: 205px 1.08fr 1.08fr 1.28fr; grid-template-rows: 234px 234px 234px; gap: 7px; grid-template-areas: ""filters revenue customers customerTable"" ""filters units rpac productTable"" ""filters units avg productTable"""
"26",".filterPanel","","DashboardBaseStyles.html","202","","1","1","false","0-1-0","Shared","0","grid-area: filters; background: var(--card); border: 1px solid #bdc4cf; box-shadow: 0 1px 2px rgba(16, 24, 40, 0.18); overflow: hidden; min-height: 0"
"27",".sectionHeader","","DashboardBaseStyles.html","211","","1","1","false","0-1-0","Shared","0","background: #0f1720; color: #ffffff; padding: 6px 8px; display: flex; justify-content: space-between; align-items: center; font-size: 12px; font-weight: 900"
"28",".filterBlock","","DashboardBaseStyles.html","222","","1","1","false","0-1-0","Shared","0","border-bottom: 1px solid #dde1e8; padding: 8px"
"29",".deptList","","DashboardBaseStyles.html","227","","1","1","false","0-1-0","Shared","0","max-height: 232px; overflow-y: auto"
"30",".yearList","","DashboardBaseStyles.html","227","","1","1","false","0-1-0","Shared","0","max-height: 232px; overflow-y: auto"
"31",".deptRow","","DashboardBaseStyles.html","233","","1","1","false","0-1-0","Shared","0","display: grid; grid-template-columns: 1fr auto; align-items: center; gap: 8px; padding: 5px 3px; border-radius: 5px; cursor: pointer; font-size: 12px"
"32",".yearRow","","DashboardBaseStyles.html","233","","1","1","false","0-1-0","Shared","0","display: grid; grid-template-columns: 1fr auto; align-items: center; gap: 8px; padding: 5px 3px; border-radius: 5px; cursor: pointer; font-size: 12px"
"33",".deptRow:hover","","DashboardBaseStyles.html","245","","1","1","false","0-2-0","Shared","0","background: #eef5ff"
"34",".yearRow:hover","","DashboardBaseStyles.html","245","","1","1","false","0-2-0","Shared","0","background: #eef5ff"
"35",".deptRow.active","","DashboardBaseStyles.html","245","","1","1","false","0-2-0","Shared","0","background: #eef5ff"
"36",".yearRow.active","","DashboardBaseStyles.html","245","","1","1","false","0-2-0","Shared","0","background: #eef5ff"
"37",".labelSide","","DashboardBaseStyles.html","252","","1","1","false","0-1-0","Shared","0","display: flex; align-items: center; gap: 6px; min-width: 0"
"38",".labelSide span","","DashboardBaseStyles.html","259","","1","1","false","0-1-1","Shared","0","white-space: nowrap; overflow: hidden; text-overflow: ellipsis"
"39",".rowTotal","","DashboardBaseStyles.html","265","","1","1","false","0-1-0","Shared","0","color: #344054; font-size: 11px; white-space: nowrap; text-align: right"
"40","select","","DashboardBaseStyles.html","272","","1","1","false","0-0-1","Shared","0","width: 100%; border: 1px solid #cbd3df; border-radius: 7px; background: #ffffff; padding: 8px; font-size: 12px; color: var(--ink)"
"41","input[type=""text""]","","DashboardBaseStyles.html","272","","1","1","false","0-1-1","Shared","0","width: 100%; border: 1px solid #cbd3df; border-radius: 7px; background: #ffffff; padding: 8px; font-size: 12px; color: var(--ink)"
"42",".card","","DashboardBaseStyles.html","283","","1","1","false","0-1-0","Shared","0","background: #ffffff; border: 1px solid #bdc4cf; box-shadow: 0 1px 2px rgba(16, 24, 40, 0.18); padding: 7px; min-width: 0; min-height: 0; overflow: hidden"
"43",".areaRevenue","","DashboardBaseStyles.html","293","","1","1","false","0-1-0","Shared","0","grid-area: revenue"
"44",".areaCustomers","","DashboardBaseStyles.html","294","","1","1","false","0-1-0","Shared","0","grid-area: customers"
"45",".areaCustomerTable","","DashboardBaseStyles.html","295","","1","1","false","0-1-0","Shared","0","grid-area: customerTable"
"46",".areaUnits","","DashboardBaseStyles.html","296","","1","1","false","0-1-0","Shared","0","grid-area: units"
"47",".areaRpac","","DashboardBaseStyles.html","297","","1","1","false","0-1-0","Shared","0","grid-area: rpac"
"48",".areaAvg","","DashboardBaseStyles.html","298","","1","1","false","0-1-0","Shared","0","grid-area: avg"
"49",".areaProductTable","","DashboardBaseStyles.html","299","","1","1","false","0-1-0","Shared","0","grid-area: productTable"
"50",".cardHeader","","DashboardBaseStyles.html","301","","1","1","false","0-1-0","Shared","0","display: flex; justify-content: space-between; align-items: center; gap: 8px; margin-bottom: 4px"
"51",".chartTitle","","DashboardBaseStyles.html","309","","1","1","false","0-1-0","Shared","0","font-size: 12px; font-weight: 900; color: #101828; white-space: nowrap"
"52",".tableToggles","","DashboardBaseStyles.html","316","","1","1","false","0-1-0","Shared","0","display: inline-flex; background: #f1f4f8; border-radius: 7px; padding: 2px; gap: 2px"
"53",".tinyBtn","","DashboardBaseStyles.html","324","","1","1","false","0-1-0","Shared","0","border: 0; background: transparent; border-radius: 5px; padding: 4px 7px; font-size: 10px; font-weight: 800; color: #475467; cursor: pointer"
"54",".tinyBtn.active","","DashboardBaseStyles.html","335","","1","1","false","0-2-0","Shared","0","background: #ffffff; color: var(--blue); box-shadow: 0 1px 2px rgba(16, 24, 40, 0.11)"
"55",".chartBox","","DashboardBaseStyles.html","341","","1","1","false","0-1-0","Shared","0","position: relative; width: 100%; height: 196px"
"56",".areaUnits .chartBox","","DashboardBaseStyles.html","347","","1","1","false","0-2-0","Shared","0","height: 430px"
"57",".tableScroll","","DashboardBaseStyles.html","351","","1","1","false","0-1-0","Shared","0","height: 196px; overflow: auto; border-top: 1px solid #e1e5ec"
"58",".areaProductTable .tableScroll","","DashboardBaseStyles.html","357","","1","1","false","0-2-0","Shared","0","height: 430px"
"59","table","","DashboardBaseStyles.html","361","","1","1","false","0-0-1","Shared","0","width: 100%; border-collapse: collapse; font-size: 11px"
"60","th","","DashboardBaseStyles.html","367","","1","1","false","0-0-1","Shared","0","background: var(--navy); color: #ffffff; position: sticky; top: 0; z-index: 2; border: 1px solid #324255; padding: 5px; text-align: right; white-space: nowrap"
"61","th:first-child","","DashboardBaseStyles.html","379","","1","1","false","0-1-1","Shared","0","text-align: left"
"62","td:first-child","","DashboardBaseStyles.html","379","","1","1","false","0-1-1","Shared","0","text-align: left"
"63","td","","DashboardBaseStyles.html","384","","1","1","false","0-0-1","Shared","0","border: 1px solid #e4e7ec; padding: 5px; text-align: right; background: #ffffff; white-space: nowrap"
"64","tr:nth-child(even) td","","DashboardBaseStyles.html","392","","1","1","false","0-1-2","Shared","0","background: #fafbfc"
"65","tr.clickable:hover td","","DashboardBaseStyles.html","396","","1","1","false","0-2-2","Shared","0","background: #eaf3ff; cursor: pointer"
"66","tr.active td","","DashboardBaseStyles.html","396","","1","1","false","0-1-2","Shared","0","background: #eaf3ff; cursor: pointer"
"67",".negative","","DashboardBaseStyles.html","402","","1","1","false","0-1-0","Shared","0","color: var(--red); font-weight: 800"
"68",".positive","","DashboardBaseStyles.html","407","","1","1","false","0-1-0","Shared","0","color: var(--green); font-weight: 800"
"69",".footer","","DashboardBaseStyles.html","412","","1","1","false","0-1-0","Shared","0","font-size: 11px; color: #667085; margin-top: 5px"
"70",".twoShell","","DashboardBaseStyles.html","418","","1","1","false","0-1-0","Shared","0","display: grid; grid-template-columns: 255px 1fr; gap: 12px; max-width: 1900px; margin: 0 auto"
"71",".sideTwo","","DashboardBaseStyles.html","426","","1","1","false","0-1-0","Shared","0","background: #ffffff; border: 1px solid var(--line); padding: 14px; border-radius: 10px"
"72",".mainTwo","","DashboardBaseStyles.html","433","","1","1","false","0-1-0","Shared","0","min-width: 0"
"73",".bigKpis","","DashboardBaseStyles.html","437","","1","1","false","0-1-0","Shared","0","display: grid; grid-template-columns: repeat(5, 1fr); gap: 10px; margin-bottom: 10px"
"74",".bigKpi","","DashboardBaseStyles.html","444","","1","1","false","0-1-0","Shared","0","background: #ffffff; border: 1px solid var(--line); border-radius: 10px; padding: 12px"
"75",".bigKpi .label","","DashboardBaseStyles.html","451","","1","1","false","0-2-0","Shared","0","font-size: 11px; color: #667085; font-weight: 800; margin-bottom: 6px"
"76",".bigKpi .value","","DashboardBaseStyles.html","458","","1","1","false","0-2-0","Shared","0","font-size: 24px; font-weight: 900"
"77",".twoGrid","","DashboardBaseStyles.html","463","","1","1","false","0-1-0","Shared","0","display: grid; grid-template-columns: 1fr 1fr; gap: 10px"
"78",".twoGrid .wide","","DashboardBaseStyles.html","469","","1","1","false","0-2-0","Shared","0","grid-column: 1 / -1"
"79",".twoCard","","DashboardBaseStyles.html","473","","1","1","false","0-1-0","Shared","0","height: 310px"
"80",".twoCard .chartBox","","DashboardBaseStyles.html","477","","1","1","false","0-2-0","Shared","0","height: 265px"
"81",".error","","DashboardBaseStyles.html","481","","1","1","false","0-1-0","Shared","0","background: #fef3f2; border: 1px solid #fecdca; color: #b42318; padding: 10px; border-radius: 8px; margin: 10px; white-space: pre-wrap"
"82",".topBar","@media (max-width: 1150px)","DashboardBaseStyles.html","492","","1","1","false","0-1-0","Shared","0","display: block"
"83",".grid","@media (max-width: 1150px)","DashboardBaseStyles.html","492","","1","1","false","0-1-0","Shared","0","display: block"
"84",".twoShell","@media (max-width: 1150px)","DashboardBaseStyles.html","492","","1","1","false","0-1-0","Shared","0","display: block"
"85",".twoGrid","@media (max-width: 1150px)","DashboardBaseStyles.html","492","","1","1","false","0-1-0","Shared","0","display: block"
"86",".filterPanel","@media (max-width: 1150px)","DashboardBaseStyles.html","499","","1","1","false","0-1-0","Shared","0","margin-bottom: 10px"
"87",".card","@media (max-width: 1150px)","DashboardBaseStyles.html","499","","1","1","false","0-1-0","Shared","0","margin-bottom: 10px"
"88",".bigKpi","@media (max-width: 1150px)","DashboardBaseStyles.html","499","","1","1","false","0-1-0","Shared","0","margin-bottom: 10px"
"89",".kpiStrip","@media (max-width: 1150px)","DashboardBaseStyles.html","505","","1","1","false","0-1-0","Shared","0","grid-template-columns: 1fr"
"90",".bigKpis","@media (max-width: 1150px)","DashboardBaseStyles.html","505","","1","1","false","0-1-0","Shared","0","grid-template-columns: 1fr"
"91",".chartBox","@media (max-width: 1150px)","DashboardBaseStyles.html","510","","1","1","false","0-1-0","Shared","0","height: 260px"
"92",".areaUnits .chartBox","@media (max-width: 1150px)","DashboardBaseStyles.html","510","","1","1","false","0-2-0","Shared","0","height: 260px"
"93",".tableScroll","@media (max-width: 1150px)","DashboardBaseStyles.html","510","","1","1","false","0-1-0","Shared","0","height: 260px"
"94",".areaProductTable .tableScroll","@media (max-width: 1150px)","DashboardBaseStyles.html","510","","1","1","false","0-2-0","Shared","0","height: 260px"
"95",":root","","DashboardBaseStyles.html","519","","1","1","false","0-1-0","Shared","0","--bg: #f7f8fb; --canvas: #f3f6fa; --card: #ffffff; --ink: #102033; --muted: #5f6f82; --line: #d9e1ec; --softline: #eef2f7; --navy: #17283d; --navy2: #1f3b57; --blue: #1f5f99; --bluesoft: rgba(31, 95, 153, 0.18); --chip: #edf6ff"
"96","body","","DashboardBaseStyles.html","534","","1","1","false","0-0-1","Shared","0","background: #f7f8fb"
"97",".dashboardShell","","DashboardBaseStyles.html","538","","1","1","false","0-1-0","Shared","0","background: #f3f6fa; border: 1px solid #dce4ef; border-radius: 8px; padding: 10px; box-shadow: inset 0 1px 0 rgba(255,255,255,.9)"
"98",".tabs","","DashboardBaseStyles.html","546","","1","1","false","0-1-0","Shared","0","background: #ffffff"
"99",".tabBtn.active","","DashboardBaseStyles.html","550","","1","1","false","0-2-0","Shared","0","background: #d9eaff; color: #174a7c"
"100",".topBar.executiveTop","","DashboardBaseStyles.html","555","","1","1","false","0-2-0","Shared","0","grid-template-columns: auto auto auto minmax(680px, 1fr); gap: 8px; align-items: stretch; margin-bottom: 8px"
"101",".segGroup","","DashboardBaseStyles.html","562","","1","1","false","0-1-0","Shared","0","border-color: #d9e1ec; box-shadow: 0 1px 2px rgba(16, 24, 40, 0.06)"
"102",".resetBtn","","DashboardBaseStyles.html","562","","1","1","false","0-1-0","Shared","0","border-color: #d9e1ec; box-shadow: 0 1px 2px rgba(16, 24, 40, 0.06)"
"103",".kpiMini","","DashboardBaseStyles.html","562","","1","1","false","0-1-0","Shared","0","border-color: #d9e1ec; box-shadow: 0 1px 2px rgba(16, 24, 40, 0.06)"
"104",".filterCard","","DashboardBaseStyles.html","562","","1","1","false","0-1-0","Shared","0","border-color: #d9e1ec; box-shadow: 0 1px 2px rgba(16, 24, 40, 0.06)"
"105",".card","","DashboardBaseStyles.html","562","","1","1","false","0-1-0","Shared","0","border-color: #d9e1ec; box-shadow: 0 1px 2px rgba(16, 24, 40, 0.06)"
"106",".segBtn.active","","DashboardBaseStyles.html","571","","1","1","false","0-2-0","Shared","0","background: #17283d; color: #ffffff"
"107",".filterDeck","","DashboardBaseStyles.html","576","","1","1","false","0-1-0","Shared","0","display: grid; grid-template-columns: minmax(500px, 1.8fr) minmax(220px, .72fr) minmax(240px, .78fr) minmax(240px, .72fr); gap: 8px; margin: 0 0 8px 0"
"108",".filterCard","","DashboardBaseStyles.html","583","","1","1","false","0-1-0","Shared","0","background: #ffffff; border: 1px solid #d9e1ec; border-radius: 9px; overflow: hidden; min-height: 74px"
"109",".filterCard select","","DashboardBaseStyles.html","591","","1","1","false","0-1-1","Shared","0","margin: 8px; width: calc(100% - 16px)"
"110",".miniLabel","","DashboardBaseStyles.html","596","","1","1","false","0-1-0","Shared","0","font-size: 11px; font-weight: 900; letter-spacing: .03em; text-transform: uppercase; color: #5f6f82; padding: 9px 10px 0"
"111",".sectionHeader","","DashboardBaseStyles.html","605","","1","1","false","0-1-0","Shared","0","background: #17283d; border-bottom: 1px solid #263c57"
"112",".deptList","","DashboardBaseStyles.html","610","","1","1","false","0-1-0","Shared","0","max-height: 92px; overflow-y: auto; padding: 6px; display: grid; grid-template-columns: repeat(auto-fit, minmax(160px, 1fr)); gap: 3px 8px"
"113",".yearList","","DashboardBaseStyles.html","619","","1","1","false","0-1-0","Shared","0","max-height: 92px; overflow-y: auto; padding: 6px; display: grid; grid-template-columns: 1fr; gap: 3px"
"114",".deptRow","","DashboardBaseStyles.html","628","","1","1","false","0-1-0","Shared","0","padding: 4px 5px; border: 1px solid transparent"
"115",".yearRow","","DashboardBaseStyles.html","628","","1","1","false","0-1-0","Shared","0","padding: 4px 5px; border: 1px solid transparent"
"116",".deptRow.active","","DashboardBaseStyles.html","634","","1","1","false","0-2-0","Shared","0","background: #edf6ff; border-color: #cae3ff"
"117",".yearRow.active","","DashboardBaseStyles.html","634","","1","1","false","0-2-0","Shared","0","background: #edf6ff; border-color: #cae3ff"
"118",".grid","","DashboardBaseStyles.html","640","","1","1","false","0-1-0","Shared","0","display: grid; grid-template-columns: minmax(420px, 1fr) minmax(420px, 1fr) minmax(520px, 1.25fr); grid-template-rows: 240px 240px 240px; gap: 8px; grid-template-areas: ""revenue customers customerTable"" ""units rpac productTable"" ""avg avg productTable"""
"119",".chartBox","","DashboardBaseStyles.html","651","","1","1","false","0-1-0","Shared","0","height: 198px"
"120",".areaUnits .chartBox","","DashboardBaseStyles.html","651","","1","1","false","0-2-0","Shared","0","height: 198px"
"121",".areaAvg .chartBox","","DashboardBaseStyles.html","656","","1","1","false","0-2-0","Shared","0","height: 198px"
"122",".tableScroll","","DashboardBaseStyles.html","660","","1","1","false","0-1-0","Shared","0","height: 198px"
"123",".areaProductTable .tableScroll","","DashboardBaseStyles.html","664","","1","1","false","0-2-0","Shared","0","height: 438px"
"124",".card","","DashboardBaseStyles.html","668","","1","1","false","0-1-0","Shared","0","border-radius: 8px; border-color: #d9e1ec; box-shadow: 0 1px 2px rgba(16, 24, 40, 0.08)"
"125","th","","DashboardBaseStyles.html","674","","1","1","false","0-0-1","Shared","0","background: #17283d; border-color: #2c4058"
"126",".kpiMini","","DashboardBaseStyles.html","679","","1","1","false","0-1-0","Shared","0","border-radius: 9px; min-height: 46px; background: linear-gradient(180deg, #ffffff 0%, #fbfdff 100%)"
"127",".kpiMini .value","","DashboardBaseStyles.html","685","","1","1","false","0-2-0","Shared","0","color: #132238"
"128",".chip","","DashboardBaseStyles.html","689","","1","1","false","0-1-0","Shared","0","background: #edf6ff; border-color: #c9e3ff; color: #204b73"
"129",".filterDeck.dropdownDeck","","DashboardBaseStyles.html","697","","1","1","false","0-2-0","Shared","0","grid-template-columns: minmax(250px, 0.85fr) minmax(250px, 1fr) minmax(250px, 1fr) minmax(180px, 0.55fr); align-items: stretch; position: relative; z-index: 20"
"130",".dropdownCard","","DashboardBaseStyles.html","704","","1","1","false","0-1-0","Shared","0","position: relative; overflow: visible"
"131",".dropdownButton","","DashboardBaseStyles.html","709","","1","1","false","0-1-0","Shared","0","width: calc(100% - 16px); margin: 8px; border: 1px solid #cbd6e2; background: #ffffff; color: #17283d; border-radius: 7px; padding: 8px 10px; font-size: 12px; font-weight: 800; text-align: left; cursor: pointer; display: flex; justify-content: space-between; align-items: center"
"132",".dropdownButton::after","","DashboardBaseStyles.html","726","","1","1","false","0-1-1","Shared","0","content: ""▾""; color: #5f6f82; font-size: 12px"
"133",".dropdownPanel","","DashboardBaseStyles.html","732","","1","1","false","0-1-0","Shared","0","display: none; position: absolute; left: 8px; right: 8px; top: 63px; background: #ffffff; border: 1px solid #c9d4e2; border-radius: 10px; box-shadow: 0 12px 28px rgba(16, 24, 40, 0.18); z-index: 100; max-height: 380px; overflow: hidden"
"134",".dropdownPanel.open","","DashboardBaseStyles.html","747","","1","1","false","0-2-0","Shared","0","display: block"
"135",".dropdownPanelHeader","","DashboardBaseStyles.html","751","","1","1","false","0-1-0","Shared","0","display: flex; gap: 6px; padding: 8px; background: #f8fbff; border-bottom: 1px solid #e0e7f0"
"136",".dropdownPanelHeader button","","DashboardBaseStyles.html","759","","1","1","false","0-1-1","Shared","0","border: 1px solid #cbd6e2; background: #ffffff; border-radius: 999px; padding: 5px 8px; font-size: 11px; font-weight: 800; color: #1f5f99; cursor: pointer"
"137",".compactHeader","","DashboardBaseStyles.html","770","","1","1","false","0-1-0","Shared","0","border-radius: 0"
"138",".deptList.dropdownList","","DashboardBaseStyles.html","774","","1","1","false","0-2-0","Shared","0","max-height: 260px; overflow-y: auto; display: block; padding: 6px"
"139",".yearList.dropdownList","","DashboardBaseStyles.html","774","","1","1","false","0-2-0","Shared","0","max-height: 260px; overflow-y: auto; display: block; padding: 6px"
"140",".deptList.dropdownList .deptRow","","DashboardBaseStyles.html","782","","1","1","false","0-3-0","Shared","0","display: grid; grid-template-columns: 1fr auto; margin-bottom: 3px"
"141",".yearList.dropdownList .yearRow","","DashboardBaseStyles.html","782","","1","1","false","0-3-0","Shared","0","display: grid; grid-template-columns: 1fr auto; margin-bottom: 3px"
"142",".chipRow","","DashboardBaseStyles.html","789","","1","1","false","0-1-0","Shared","0","margin-bottom: 7px"
"143",".chip","","DashboardBaseStyles.html","793","","1","1","false","0-1-0","Shared","0","max-width: 520px"
"144",".dropdownPanel","@media (max-width: 1150px)","DashboardBaseStyles.html","798","","1","1","false","0-1-0","Shared","0","position: static; margin: 0 8px 8px"
"145",":root","","DashboardBaseStyles.html","806","","1","1","false","0-1-0","Shared","0","--bg: #f6f8fb; --canvas: #f2f6fb; --card: #ffffff; --ink: #102033; --muted: #64748b; --line: #dbe5f0; --softline: #eef3f8; --navy: #132238; --navy2: #1d3557; --blue: #2563eb; --chip: #eff6ff"
"146","body","","DashboardBaseStyles.html","820","","1","1","false","0-0-1","Shared","0","background: #f6f8fb"
"147",".dashboardShell","","DashboardBaseStyles.html","824","","1","1","false","0-1-0","Shared","0","background: linear-gradient(180deg, #f8fbff 0%, #f3f7fc 100%); border: 1px solid #dbe5f0; border-radius: 10px; padding: 10px; box-shadow: 0 6px 20px rgba(15, 23, 42, 0.05)"
"148",".tabs","","DashboardBaseStyles.html","832","","1","1","false","0-1-0","Shared","0","background: #ffffff; border-bottom: 1px solid #dbe5f0"
"149",".tabBtn.active","","DashboardBaseStyles.html","837","","1","1","false","0-2-0","Shared","0","background: #dbeafe; color: #1d4ed8"
"150",".segBtn.active","","DashboardBaseStyles.html","842","","1","1","false","0-2-0","Shared","0","background: linear-gradient(180deg, #1e3a5f 0%, #132238 100%); color: #ffffff"
"151",".topBar.executiveTop","","DashboardBaseStyles.html","847","","1","1","false","0-2-0","Shared","0","grid-template-columns: auto auto auto minmax(650px, 1fr); gap: 8px; margin-bottom: 8px"
"152",".kpiStrip","","DashboardBaseStyles.html","853","","1","1","false","0-1-0","Shared","0","grid-template-columns: repeat(6, minmax(105px, 1fr))"
"153",".kpiMini","","DashboardBaseStyles.html","857","","1","1","false","0-1-0","Shared","0","border-radius: 10px; border-color: #dbe5f0; background: linear-gradient(180deg, #ffffff 0%, #f8fbff 100%); box-shadow: 0 2px 8px rgba(15, 23, 42, 0.06); position: relative; overflow: hidden"
"154",".kpiMini::before","","DashboardBaseStyles.html","866","","1","1","false","0-1-1","Shared","0","content: ''; position: absolute; left: 0; top: 0; width: 100%; height: 3px; background: linear-gradient(90deg, #2563eb 0%, #8b5cf6 65%, #06b6d4 100%)"
"155",".kpiMini .value","","DashboardBaseStyles.html","876","","1","1","false","0-2-0","Shared","0","color: #0f172a"
"156",".kpiMini .value.bad","","DashboardBaseStyles.html","880","","1","1","false","0-3-0","Shared","0","color: #dc2626"
"157",".kpiMini .value.good","","DashboardBaseStyles.html","884","","1","1","false","0-3-0","Shared","0","color: #059669"
"158",".filterDeck.dropdownDeck","","DashboardBaseStyles.html","888","","1","1","false","0-2-0","Shared","0","grid-template-columns: minmax(235px, 0.75fr) minmax(250px, 1fr) minmax(250px, 1fr) minmax(190px, 0.6fr); gap: 8px; margin-bottom: 8px"
"159",".filterCard","","DashboardBaseStyles.html","894","","1","1","false","0-1-0","Shared","0","border-color: #dbe5f0; box-shadow: 0 1px 3px rgba(15, 23, 42, 0.06)"
"160",".segGroup","","DashboardBaseStyles.html","894","","1","1","false","0-1-0","Shared","0","border-color: #dbe5f0; box-shadow: 0 1px 3px rgba(15, 23, 42, 0.06)"
"161",".resetBtn","","DashboardBaseStyles.html","894","","1","1","false","0-1-0","Shared","0","border-color: #dbe5f0; box-shadow: 0 1px 3px rgba(15, 23, 42, 0.06)"
"162",".card","","DashboardBaseStyles.html","894","","1","1","false","0-1-0","Shared","0","border-color: #dbe5f0; box-shadow: 0 1px 3px rgba(15, 23, 42, 0.06)"
"163",".sectionHeader","","DashboardBaseStyles.html","902","","1","1","false","0-1-0","Shared","0","background: #132238; border-color: #24364f"
"164","th","","DashboardBaseStyles.html","902","","1","1","false","0-0-1","Shared","0","background: #132238; border-color: #24364f"
"165",".grid","","DashboardBaseStyles.html","908","","1","1","false","0-1-0","Shared","0","display: grid; grid-template-columns: minmax(430px, 1.18fr) minmax(390px, 1fr) minmax(520px, 1.24fr); grid-template-rows: 315px 245px 245px; gap: 8px; grid-template-areas: ""revenue revenue customerTable"" ""customers units productTable"" ""rpac avg productTable"""
"166",".chartBox","","DashboardBaseStyles.html","919","","1","1","false","0-1-0","Shared","0","height: 205px"
"167",".areaRevenue .chartBox","","DashboardBaseStyles.html","923","","1","1","false","0-2-0","Shared","0","height: 272px"
"168",".areaRevenue","","DashboardBaseStyles.html","927","","1","1","false","0-1-0","Shared","0","background: linear-gradient(180deg, #ffffff 0%, #f8fbff 100%)"
"169",".areaUnits .chartBox","","DashboardBaseStyles.html","931","","1","1","false","0-2-0","Shared","0","height: 202px"
"170",".areaRpac .chartBox","","DashboardBaseStyles.html","931","","1","1","false","0-2-0","Shared","0","height: 202px"
"171",".areaAvg .chartBox","","DashboardBaseStyles.html","931","","1","1","false","0-2-0","Shared","0","height: 202px"
"172",".areaCustomers .chartBox","","DashboardBaseStyles.html","931","","1","1","false","0-2-0","Shared","0","height: 202px"
"173",".tableScroll","","DashboardBaseStyles.html","938","","1","1","false","0-1-0","Shared","0","height: 272px"
"174",".areaProductTable .tableScroll","","DashboardBaseStyles.html","942","","1","1","false","0-2-0","Shared","0","height: 524px"
"175",".card","","DashboardBaseStyles.html","946","","1","1","false","0-1-0","Shared","0","border-radius: 10px; background: linear-gradient(180deg, #ffffff 0%, #fbfdff 100%); padding: 8px"
"176",".cardHeader","","DashboardBaseStyles.html","952","","1","1","false","0-1-0","Shared","0","margin-bottom: 5px"
"177",".chartTitle","","DashboardBaseStyles.html","956","","1","1","false","0-1-0","Shared","0","font-size: 12px; color: #0f172a; letter-spacing: .01em"
"178",".chip","","DashboardBaseStyles.html","962","","1","1","false","0-1-0","Shared","0","background: linear-gradient(180deg, #eef5ff 0%, #e7f0ff 100%); border-color: #bfdbfe; color: #1e3a8a; box-shadow: inset 0 1px 0 rgba(255,255,255,0.65)"
"179",".negative","","DashboardBaseStyles.html","969","","1","1","false","0-1-0","Shared","0","color: #dc2626; font-weight: 800"
"180",".positive","","DashboardBaseStyles.html","974","","1","1","false","0-1-0","Shared","0","color: #059669; font-weight: 800"
"181","tr.clickable:hover td","","DashboardBaseStyles.html","979","","1","1","false","0-2-2","Shared","0","background: #eff6ff"
"182","tr.active td","","DashboardBaseStyles.html","979","","1","1","false","0-1-2","Shared","0","background: #eff6ff"
"183",".dropdownButton","","DashboardBaseStyles.html","984","","1","1","false","0-1-0","Shared","0","border-color: #d4deeb"
"184",".dropdownPanel","","DashboardBaseStyles.html","988","","1","1","false","0-1-0","Shared","0","border-color: #d4deeb"
"185",".grid","@media (max-width: 1150px)","DashboardBaseStyles.html","993","","1","1","false","0-1-0","Shared","0","display: block"
"186",".areaRevenue .chartBox","@media (max-width: 1150px)","DashboardBaseStyles.html","997","","1","1","false","0-2-0","Shared","0","height: 260px"
"187",".chartBox","@media (max-width: 1150px)","DashboardBaseStyles.html","997","","1","1","false","0-1-0","Shared","0","height: 260px"
"188",".areaUnits .chartBox","@media (max-width: 1150px)","DashboardBaseStyles.html","997","","1","1","false","0-2-0","Shared","0","height: 260px"
"189",".areaRpac .chartBox","@media (max-width: 1150px)","DashboardBaseStyles.html","997","","1","1","false","0-2-0","Shared","0","height: 260px"
"190",".areaAvg .chartBox","@media (max-width: 1150px)","DashboardBaseStyles.html","997","","1","1","false","0-2-0","Shared","0","height: 260px"
"191",".areaCustomers .chartBox","@media (max-width: 1150px)","DashboardBaseStyles.html","997","","1","1","false","0-2-0","Shared","0","height: 260px"
"192",".tableScroll","@media (max-width: 1150px)","DashboardBaseStyles.html","997","","1","1","false","0-1-0","Shared","0","height: 260px"
"193",".areaProductTable .tableScroll","@media (max-width: 1150px)","DashboardBaseStyles.html","997","","1","1","false","0-2-0","Shared","0","height: 260px"
"194",".dashboardShell","","DashboardBaseStyles.html","1011","","1","1","false","0-1-0","Shared","0","background: linear-gradient(180deg, #f7fbff 0%, #eef6ff 100%); border-color: #cfe0f4; box-shadow: 0 4px 16px rgba(0, 87, 184, 0.08)"
"195",".kpiMini::before","","DashboardBaseStyles.html","1018","","1","1","false","0-1-1","Shared","0","display: none"
"196",".kpiMini","","DashboardBaseStyles.html","1022","","1","1","false","0-1-0","Shared","0","background: #ffffff; border-color: #cfe0f4; box-shadow: 0 1px 5px rgba(0, 87, 184, 0.08)"
"197",".segBtn.active","","DashboardBaseStyles.html","1028","","1","1","false","0-2-0","Shared","0","background: linear-gradient(180deg, #0057B8 0%, #17365D 100%); color: #ffffff"
"198",".card","","DashboardBaseStyles.html","1033","","1","1","false","0-1-0","Shared","0","background: #ffffff; border-color: #cfe0f4; box-shadow: 0 1px 5px rgba(0, 87, 184, 0.08)"
"199",".areaRevenue","","DashboardBaseStyles.html","1039","","1","1","false","0-1-0","Shared","0","border-top: 1px solid #cfe0f4"
"200",".areaCustomers","","DashboardBaseStyles.html","1039","","1","1","false","0-1-0","Shared","0","border-top: 1px solid #cfe0f4"
"201",".areaUnits","","DashboardBaseStyles.html","1039","","1","1","false","0-1-0","Shared","0","border-top: 1px solid #cfe0f4"
"202",".areaRpac","","DashboardBaseStyles.html","1039","","1","1","false","0-1-0","Shared","0","border-top: 1px solid #cfe0f4"
"203",".areaAvg","","DashboardBaseStyles.html","1039","","1","1","false","0-1-0","Shared","0","border-top: 1px solid #cfe0f4"
"204",".areaCustomerTable","","DashboardBaseStyles.html","1039","","1","1","false","0-1-0","Shared","0","border-top: 1px solid #cfe0f4"
"205",".areaProductTable","","DashboardBaseStyles.html","1039","","1","1","false","0-1-0","Shared","0","border-top: 1px solid #cfe0f4"
"206",".chartBox","","DashboardBaseStyles.html","1049","","1","1","false","0-1-0","Shared","0","padding-top: 2px"
"207",".areaRevenue .chartBox","","DashboardBaseStyles.html","1049","","1","1","false","0-2-0","Shared","0","padding-top: 2px"
"208",".areaUnits .chartBox","","DashboardBaseStyles.html","1049","","1","1","false","0-2-0","Shared","0","padding-top: 2px"
"209",".areaRpac .chartBox","","DashboardBaseStyles.html","1049","","1","1","false","0-2-0","Shared","0","padding-top: 2px"
"210",".areaAvg .chartBox","","DashboardBaseStyles.html","1049","","1","1","false","0-2-0","Shared","0","padding-top: 2px"
"211",".areaCustomers .chartBox","","DashboardBaseStyles.html","1049","","1","1","false","0-2-0","Shared","0","padding-top: 2px"
"212",".chip","","DashboardBaseStyles.html","1058","","1","1","false","0-1-0","Shared","0","background: #eaf4ff; border-color: #b8d8ff; color: #004C9E"
"213",".tabBtn.active","","DashboardBaseStyles.html","1064","","1","1","false","0-2-0","Shared","0","background: #d8ecff; color: #0057B8"
"214",".chartTitle","","DashboardBaseStyles.html","1069","","1","1","false","0-1-0","Shared","0","color: #17365D"
"215",".sectionHeader","","DashboardBaseStyles.html","1073","","1","1","false","0-1-0","Shared","0","background: #17365D"
"216","th","","DashboardBaseStyles.html","1073","","1","1","false","0-0-1","Shared","0","background: #17365D"
"217",".filterCard","","DashboardBaseStyles.html","1078","","1","1","false","0-1-0","Shared","0","border-color: #cfe0f4"
"218",".dropdownButton","","DashboardBaseStyles.html","1078","","1","1","false","0-1-0","Shared","0","border-color: #cfe0f4"
"219","select","","DashboardBaseStyles.html","1078","","1","1","false","0-0-1","Shared","0","border-color: #cfe0f4"
"220","input[type=""text""]","","DashboardBaseStyles.html","1078","","1","1","false","0-1-1","Shared","0","border-color: #cfe0f4"
"221",".negative","","DashboardBaseStyles.html","1085","","1","1","false","0-1-0","Shared","0","color: #C1121F; font-weight: 800"
"222",".positive","","DashboardBaseStyles.html","1090","","1","1","false","0-1-0","Shared","0","color: #007F5F; font-weight: 800"
"223",".card canvas","","DashboardBaseStyles.html","1097","","1","1","false","0-1-1","Shared","0","border-radius: 0"
"224",".chartTitle","","DashboardBaseStyles.html","1101","","1","1","false","0-1-0","Shared","0","letter-spacing: 0"
"225","body","","DashboardBaseStyles.html","1107","","1","1","false","0-0-1","Shared","0","background: #f5f7fa"
"226",".dashboardShell","","DashboardBaseStyles.html","1111","","1","1","false","0-1-0","Shared","4","background: #f6f8fb !important; border: 1px solid #d8e0ea !important; border-radius: 8px !important; box-shadow: none !important"
"227",".kpiMini","","DashboardBaseStyles.html","1118","","1","1","false","0-1-0","Shared","3","background: #ffffff !important; border: 1px solid #d8e0ea !important; box-shadow: none !important"
"228",".kpiMini::before","","DashboardBaseStyles.html","1124","","1","1","false","0-1-1","Shared","1","display: none !important"
"229",".card","","DashboardBaseStyles.html","1128","","1","1","false","0-1-0","Shared","3","background: #ffffff !important; border-color: #d8e0ea !important; box-shadow: none !important"
"230",".filterCard","","DashboardBaseStyles.html","1128","","1","1","false","0-1-0","Shared","3","background: #ffffff !important; border-color: #d8e0ea !important; box-shadow: none !important"
"231",".segGroup","","DashboardBaseStyles.html","1128","","1","1","false","0-1-0","Shared","3","background: #ffffff !important; border-color: #d8e0ea !important; box-shadow: none !important"
"232",".resetBtn","","DashboardBaseStyles.html","1128","","1","1","false","0-1-0","Shared","3","background: #ffffff !important; border-color: #d8e0ea !important; box-shadow: none !important"
"233",".areaRevenue","","DashboardBaseStyles.html","1137","","1","1","false","0-1-0","Shared","1","border-top: 1px solid #d8e0ea !important"
"234",".areaCustomers","","DashboardBaseStyles.html","1137","","1","1","false","0-1-0","Shared","1","border-top: 1px solid #d8e0ea !important"
"235",".areaUnits","","DashboardBaseStyles.html","1137","","1","1","false","0-1-0","Shared","1","border-top: 1px solid #d8e0ea !important"
"236",".areaRpac","","DashboardBaseStyles.html","1137","","1","1","false","0-1-0","Shared","1","border-top: 1px solid #d8e0ea !important"
"237",".areaAvg","","DashboardBaseStyles.html","1137","","1","1","false","0-1-0","Shared","1","border-top: 1px solid #d8e0ea !important"
"238",".areaCustomerTable","","DashboardBaseStyles.html","1137","","1","1","false","0-1-0","Shared","1","border-top: 1px solid #d8e0ea !important"
"239",".areaProductTable","","DashboardBaseStyles.html","1137","","1","1","false","0-1-0","Shared","1","border-top: 1px solid #d8e0ea !important"
"240",".segBtn.active","","DashboardBaseStyles.html","1147","","1","1","false","0-2-0","Shared","2","background: #17365D !important; color: #ffffff !important"
"241",".sectionHeader","","DashboardBaseStyles.html","1152","","1","1","false","0-1-0","Shared","2","background: #17365D !important; border-color: #2b4b70 !important"
"242","th","","DashboardBaseStyles.html","1152","","1","1","false","0-0-1","Shared","2","background: #17365D !important; border-color: #2b4b70 !important"
"243",".tabBtn.active","","DashboardBaseStyles.html","1158","","1","1","false","0-2-0","Shared","2","background: #dbe9f7 !important; color: #17365D !important"
"244",".chip","","DashboardBaseStyles.html","1163","","1","1","false","0-1-0","Shared","4","background: #eef5fb !important; border-color: #c9dae9 !important; color: #17365D !important; box-shadow: none !important"
"245",".chartTitle","","DashboardBaseStyles.html","1170","","1","1","false","0-1-0","Shared","2","color: #17365D !important; letter-spacing: 0 !important"
"246",".negative","","DashboardBaseStyles.html","1175","","1","1","false","0-1-0","Shared","1","color: #B42318 !important; font-weight: 800"
"247",".positive","","DashboardBaseStyles.html","1180","","1","1","false","0-1-0","Shared","1","color: #067647 !important; font-weight: 800"
"248","tr.clickable:hover td","","DashboardBaseStyles.html","1185","","1","1","false","0-2-2","Shared","1","background: #eef5fb !important"
"249","tr.active td","","DashboardBaseStyles.html","1185","","1","1","false","0-1-2","Shared","1","background: #eef5fb !important"
"250","html","","DashboardBaseStyles.html","1207","","1","1","false","0-0-1","Shared","3","font-family: Roboto, Arial, sans-serif !important; background: #f8f9fa !important; color: #202124 !important; -webkit-font-smoothing: antialiased"
"251","body","","DashboardBaseStyles.html","1207","","1","1","false","0-0-1","Shared","3","font-family: Roboto, Arial, sans-serif !important; background: #f8f9fa !important; color: #202124 !important; -webkit-font-smoothing: antialiased"
"252",".tabs","","DashboardBaseStyles.html","1215","","1","1","false","0-1-0","Shared","5","background: #ffffff !important; border-bottom: 1px solid #dadce0 !important; height: 40px !important; padding: 0 8px !important; box-shadow: none !important"
"253",".tabBtn","","DashboardBaseStyles.html","1223","","1","1","false","0-1-0","Shared","7","font-family: Roboto, Arial, sans-serif !important; font-size: 14px !important; font-weight: 500 !important; color: #3c4043 !important; border-radius: 0 !important; padding: 11px 16px 10px !important; letter-spacing: 0 !important"
"254",".tabBtn.active","","DashboardBaseStyles.html","1233","","1","1","false","0-2-0","Shared","3","background: #e8f0fe !important; color: #1967d2 !important; box-shadow: inset 0 -2px 0 #1a73e8 !important"
"255",".tabPage","","DashboardBaseStyles.html","1239","","1","1","false","0-1-0","Shared","1","padding: 8px !important"
"256",".dashboardShell","","DashboardBaseStyles.html","1243","","1","1","false","0-1-0","Shared","6","background: #f1f3f4 !important; border: 1px solid #dadce0 !important; border-radius: 2px !important; box-shadow: none !important; padding: 8px !important; max-width: 1920px !important"
"257",".topBar.executiveTop","","DashboardBaseStyles.html","1252","","1","1","false","0-2-0","Shared","2","gap: 6px !important; margin-bottom: 6px !important"
"258",".segGroup","","DashboardBaseStyles.html","1257","","1","1","false","0-1-0","Shared","4","background: #ffffff !important; border: 1px solid #dadce0 !important; border-radius: 4px !important; box-shadow: 0 1px 2px rgba(60, 64, 67, 0.18), 0 1px 3px rgba(60, 64, 67, 0.10) !important"
"259",".resetBtn","","DashboardBaseStyles.html","1257","","1","1","false","0-1-0","Shared","4","background: #ffffff !important; border: 1px solid #dadce0 !important; border-radius: 4px !important; box-shadow: 0 1px 2px rgba(60, 64, 67, 0.18), 0 1px 3px rgba(60, 64, 67, 0.10) !important"
"260",".filterCard","","DashboardBaseStyles.html","1257","","1","1","false","0-1-0","Shared","4","background: #ffffff !important; border: 1px solid #dadce0 !important; border-radius: 4px !important; box-shadow: 0 1px 2px rgba(60, 64, 67, 0.18), 0 1px 3px rgba(60, 64, 67, 0.10) !important"
"261",".card","","DashboardBaseStyles.html","1257","","1","1","false","0-1-0","Shared","4","background: #ffffff !important; border: 1px solid #dadce0 !important; border-radius: 4px !important; box-shadow: 0 1px 2px rgba(60, 64, 67, 0.18), 0 1px 3px rgba(60, 64, 67, 0.10) !important"
"262",".kpiMini","","DashboardBaseStyles.html","1257","","1","1","false","0-1-0","Shared","4","background: #ffffff !important; border: 1px solid #dadce0 !important; border-radius: 4px !important; box-shadow: 0 1px 2px rgba(60, 64, 67, 0.18), 0 1px 3px rgba(60, 64, 67, 0.10) !important"
"263",".segGroup","","DashboardBaseStyles.html","1268","","1","1","false","0-1-0","Shared","3","padding: 0 !important; gap: 0 !important; overflow: hidden !important"
"264",".segBtn","","DashboardBaseStyles.html","1274","","1","1","false","0-1-0","Shared","7","font-family: Roboto, Arial, sans-serif !important; font-size: 13px !important; font-weight: 500 !important; border-radius: 0 !important; color: #3c4043 !important; padding: 9px 12px !important; background: #ffffff !important"
"265",".resetBtn","","DashboardBaseStyles.html","1274","","1","1","false","0-1-0","Shared","7","font-family: Roboto, Arial, sans-serif !important; font-size: 13px !important; font-weight: 500 !important; border-radius: 0 !important; color: #3c4043 !important; padding: 9px 12px !important; background: #ffffff !important"
"266",".segBtn.active","","DashboardBaseStyles.html","1285","","1","1","false","0-2-0","Shared","3","background: #202124 !important; color: #ffffff !important; box-shadow: none !important"
"267",".resetBtn","","DashboardBaseStyles.html","1291","","1","1","false","0-1-0","Shared","2","border-radius: 4px !important; color: #202124 !important"
"268",".kpiStrip","","DashboardBaseStyles.html","1296","","1","1","false","0-1-0","Shared","1","gap: 6px !important"
"269",".kpiMini","","DashboardBaseStyles.html","1300","","1","1","false","0-1-0","Shared","3","min-height: 46px !important; padding: 7px 10px !important; box-shadow: none !important"
"270",".kpiMini::before","","DashboardBaseStyles.html","1306","","1","1","false","0-1-1","Shared","1","display: none !important"
"271",".kpiMini .label","","DashboardBaseStyles.html","1310","","1","1","false","0-2-0","Shared","5","font-size: 10px !important; font-weight: 500 !important; color: #5f6368 !important; letter-spacing: 0.02em !important; text-transform: uppercase !important"
"272",".kpiMini .value","","DashboardBaseStyles.html","1318","","1","1","false","0-2-0","Shared","3","font-size: 19px !important; font-weight: 500 !important; color: #202124 !important"
"273",".kpiMini .value.bad","","DashboardBaseStyles.html","1324","","1","1","false","0-3-0","Shared","1","color: #d93025 !important"
"274",".kpiMini .value.good","","DashboardBaseStyles.html","1328","","1","1","false","0-3-0","Shared","1","color: #188038 !important"
"275",".chipRow","","DashboardBaseStyles.html","1332","","1","1","false","0-1-0","Shared","2","margin-bottom: 6px !important; min-height: 26px !important"
"276",".chip","","DashboardBaseStyles.html","1337","","1","1","false","0-1-0","Shared","8","background: #e8f0fe !important; border: 1px solid #d2e3fc !important; color: #1967d2 !important; border-radius: 16px !important; box-shadow: none !important; padding: 4px 8px !important; font-size: 11px !important; font-weight: 500 !important"
"277",".filterDeck.dropdownDeck","","DashboardBaseStyles.html","1348","","1","1","false","0-2-0","Shared","2","gap: 6px !important; margin-bottom: 6px !important"
"278",".filterCard","","DashboardBaseStyles.html","1353","","1","1","false","0-1-0","Shared","2","min-height: 64px !important; box-shadow: none !important"
"279",".miniLabel","","DashboardBaseStyles.html","1358","","1","1","false","0-1-0","Shared","5","font-size: 10px !important; font-weight: 700 !important; color: #5f6368 !important; letter-spacing: .04em !important; padding: 8px 10px 0 !important"
"280","select","","DashboardBaseStyles.html","1366","","1","1","false","0-0-1","Shared","9","font-family: Roboto, Arial, sans-serif !important; border: 1px solid #dadce0 !important; border-radius: 4px !important; background: #ffffff !important; color: #202124 !important; font-size: 12px !important; font-weight: 400 !important; padding: 7px 8px !important; box-shadow: none !important"
"281","input[type=""text""]","","DashboardBaseStyles.html","1366","","1","1","false","0-1-1","Shared","9","font-family: Roboto, Arial, sans-serif !important; border: 1px solid #dadce0 !important; border-radius: 4px !important; background: #ffffff !important; color: #202124 !important; font-size: 12px !important; font-weight: 400 !important; padding: 7px 8px !important; box-shadow: none !important"
"282",".dropdownButton","","DashboardBaseStyles.html","1366","","1","1","false","0-1-0","Shared","9","font-family: Roboto, Arial, sans-serif !important; border: 1px solid #dadce0 !important; border-radius: 4px !important; background: #ffffff !important; color: #202124 !important; font-size: 12px !important; font-weight: 400 !important; padding: 7px 8px !important; box-shadow: none !important"
"283",".dropdownPanel","","DashboardBaseStyles.html","1380","","1","1","false","0-1-0","Shared","3","border: 1px solid #dadce0 !important; border-radius: 4px !important; box-shadow: 0 2px 6px rgba(60, 64, 67, 0.25) !important"
"284",".dropdownPanelHeader button","","DashboardBaseStyles.html","1386","","1","1","false","0-1-1","Shared","5","border: 1px solid #dadce0 !important; color: #1a73e8 !important; border-radius: 4px !important; background: #ffffff !important; font-weight: 500 !important"
"285",".grid","","DashboardBaseStyles.html","1394","","1","1","false","0-1-0","Shared","1","gap: 6px !important"
"286",".card","","DashboardBaseStyles.html","1398","","1","1","false","0-1-0","Shared","3","border-radius: 2px !important; padding: 6px !important; box-shadow: 0 1px 2px rgba(60, 64, 67, 0.18), 0 1px 3px rgba(60, 64, 67, 0.10) !important"
"287",".areaRevenue","","DashboardBaseStyles.html","1404","","1","1","false","0-1-0","Shared","1","border-top: 1px solid #dadce0 !important"
"288",".areaCustomers","","DashboardBaseStyles.html","1404","","1","1","false","0-1-0","Shared","1","border-top: 1px solid #dadce0 !important"
"289",".areaUnits","","DashboardBaseStyles.html","1404","","1","1","false","0-1-0","Shared","1","border-top: 1px solid #dadce0 !important"
"290",".areaRpac","","DashboardBaseStyles.html","1404","","1","1","false","0-1-0","Shared","1","border-top: 1px solid #dadce0 !important"
"291",".areaAvg","","DashboardBaseStyles.html","1404","","1","1","false","0-1-0","Shared","1","border-top: 1px solid #dadce0 !important"
"292",".areaCustomerTable","","DashboardBaseStyles.html","1404","","1","1","false","0-1-0","Shared","1","border-top: 1px solid #dadce0 !important"
"293",".areaProductTable","","DashboardBaseStyles.html","1404","","1","1","false","0-1-0","Shared","1","border-top: 1px solid #dadce0 !important"
"294",".chartTitle","","DashboardBaseStyles.html","1414","","1","1","false","0-1-0","Shared","5","font-family: Roboto, Arial, sans-serif !important; font-size: 12px !important; font-weight: 700 !important; color: #202124 !important; letter-spacing: 0 !important"
"295",".sectionHeader","","DashboardBaseStyles.html","1422","","1","1","false","0-1-0","Shared","4","background: #202124 !important; border-color: #3c4043 !important; color: #ffffff !important; font-weight: 500 !important"
"296","th","","DashboardBaseStyles.html","1422","","1","1","false","0-0-1","Shared","4","background: #202124 !important; border-color: #3c4043 !important; color: #ffffff !important; font-weight: 500 !important"
"297","table","","DashboardBaseStyles.html","1430","","1","1","false","0-0-1","Shared","2","font-family: Roboto, Arial, sans-serif !important; font-size: 11px !important"
"298","td","","DashboardBaseStyles.html","1435","","1","1","false","0-0-1","Shared","2","color: #3c4043 !important; border-color: #e8eaed !important"
"299","tr:nth-child(even) td","","DashboardBaseStyles.html","1440","","1","1","false","0-1-2","Shared","1","background: #fafafa !important"
"300","tr.clickable:hover td","","DashboardBaseStyles.html","1444","","1","1","false","0-2-2","Shared","1","background: #e8f0fe !important"
"301","tr.active td","","DashboardBaseStyles.html","1444","","1","1","false","0-1-2","Shared","1","background: #e8f0fe !important"
"302",".negative","","DashboardBaseStyles.html","1449","","1","1","false","0-1-0","Shared","2","color: #d93025 !important; font-weight: 700 !important"
"303",".positive","","DashboardBaseStyles.html","1454","","1","1","false","0-1-0","Shared","2","color: #188038 !important; font-weight: 700 !important"
"304",".tinyBtn","","DashboardBaseStyles.html","1459","","1","1","false","0-1-0","Shared","4","font-family: Roboto, Arial, sans-serif !important; color: #5f6368 !important; font-weight: 500 !important; border-radius: 4px !important"
"305",".tinyBtn.active","","DashboardBaseStyles.html","1466","","1","1","false","0-2-0","Shared","3","color: #1a73e8 !important; background: #ffffff !important; box-shadow: 0 1px 2px rgba(60, 64, 67, 0.15) !important"
"306",".footer","","DashboardBaseStyles.html","1472","","1","1","false","0-1-0","Shared","3","font-size: 11px !important; color: #5f6368 !important; margin-top: 5px !important"
"307","html","","DashboardBaseStyles.html","1480","","1","1","false","0-0-1","Shared","3","background: #f8f9fa !important; color: #202124 !important; font-family: Roboto, Arial, sans-serif !important"
"308","body","","DashboardBaseStyles.html","1480","","1","1","false","0-0-1","Shared","3","background: #f8f9fa !important; color: #202124 !important; font-family: Roboto, Arial, sans-serif !important"
"309",".tabs","","DashboardBaseStyles.html","1487","","1","1","false","0-1-0","Shared","3","background: #ffffff !important; border-bottom: 1px solid #dadce0 !important; box-shadow: none !important"
"310",".tabBtn","","DashboardBaseStyles.html","1493","","1","1","false","0-1-0","Shared","2","color: #3c4043 !important; background: transparent !important"
"311",".tabBtn.active","","DashboardBaseStyles.html","1498","","1","1","false","0-2-0","Shared","3","background: #f1f3f4 !important; color: #202124 !important; box-shadow: inset 0 -2px 0 #5f6368 !important"
"312",".dashboardShell","","DashboardBaseStyles.html","1504","","1","1","false","0-1-0","Shared","4","background: #f1f3f4 !important; border: 1px solid #dadce0 !important; box-shadow: none !important; border-radius: 2px !important"
"313",".segGroup","","DashboardBaseStyles.html","1511","","1","1","false","0-1-0","Shared","4","background: #ffffff !important; border: 1px solid #dadce0 !important; border-radius: 3px !important; box-shadow: 0 1px 2px rgba(60, 64, 67, 0.18), 0 1px 3px rgba(60, 64, 67, 0.10) !important"
"314",".resetBtn","","DashboardBaseStyles.html","1511","","1","1","false","0-1-0","Shared","4","background: #ffffff !important; border: 1px solid #dadce0 !important; border-radius: 3px !important; box-shadow: 0 1px 2px rgba(60, 64, 67, 0.18), 0 1px 3px rgba(60, 64, 67, 0.10) !important"
"315",".filterCard","","DashboardBaseStyles.html","1511","","1","1","false","0-1-0","Shared","4","background: #ffffff !important; border: 1px solid #dadce0 !important; border-radius: 3px !important; box-shadow: 0 1px 2px rgba(60, 64, 67, 0.18), 0 1px 3px rgba(60, 64, 67, 0.10) !important"
"316",".card","","DashboardBaseStyles.html","1511","","1","1","false","0-1-0","Shared","4","background: #ffffff !important; border: 1px solid #dadce0 !important; border-radius: 3px !important; box-shadow: 0 1px 2px rgba(60, 64, 67, 0.18), 0 1px 3px rgba(60, 64, 67, 0.10) !important"
"317",".kpiMini","","DashboardBaseStyles.html","1511","","1","1","false","0-1-0","Shared","4","background: #ffffff !important; border: 1px solid #dadce0 !important; border-radius: 3px !important; box-shadow: 0 1px 2px rgba(60, 64, 67, 0.18), 0 1px 3px rgba(60, 64, 67, 0.10) !important"
"318",".segBtn","","DashboardBaseStyles.html","1522","","1","1","false","0-1-0","Shared","4","background: #ffffff !important; color: #3c4043 !important; border-radius: 0 !important; font-weight: 500 !important"
"319",".resetBtn","","DashboardBaseStyles.html","1522","","1","1","false","0-1-0","Shared","4","background: #ffffff !important; color: #3c4043 !important; border-radius: 0 !important; font-weight: 500 !important"
"320",".segBtn.active","","DashboardBaseStyles.html","1530","","1","1","false","0-2-0","Shared","3","background: #202124 !important; color: #ffffff !important; box-shadow: none !important"
"321",".kpiMini","","DashboardBaseStyles.html","1536","","1","1","false","0-1-0","Shared","1","box-shadow: none !important"
"322",".kpiMini::before","","DashboardBaseStyles.html","1540","","1","1","false","0-1-1","Shared","1","display: none !important"
"323",".kpiMini .value","","DashboardBaseStyles.html","1544","","1","1","false","0-2-0","Shared","2","color: #202124 !important; font-weight: 500 !important"
"324",".kpiMini .value.bad","","DashboardBaseStyles.html","1549","","1","1","false","0-3-0","Shared","1","color: #d93025 !important"
"325",".kpiMini .value.good","","DashboardBaseStyles.html","1553","","1","1","false","0-3-0","Shared","1","color: #188038 !important"
"326",".chip","","DashboardBaseStyles.html","1557","","1","1","false","0-1-0","Shared","5","background: #f1f3f4 !important; border: 1px solid #dadce0 !important; color: #3c4043 !important; box-shadow: none !important; font-weight: 500 !important"
"327",".chip button","","DashboardBaseStyles.html","1565","","1","1","false","0-1-1","Shared","1","color: #5f6368 !important"
"328",".dropdownButton","","DashboardBaseStyles.html","1569","","1","1","false","0-1-0","Shared","5","background: #ffffff !important; border: 1px solid #dadce0 !important; color: #202124 !important; box-shadow: none !important; border-radius: 3px !important"
"329","select","","DashboardBaseStyles.html","1569","","1","1","false","0-0-1","Shared","5","background: #ffffff !important; border: 1px solid #dadce0 !important; color: #202124 !important; box-shadow: none !important; border-radius: 3px !important"
"330","input[type=""text""]","","DashboardBaseStyles.html","1569","","1","1","false","0-1-1","Shared","5","background: #ffffff !important; border: 1px solid #dadce0 !important; color: #202124 !important; box-shadow: none !important; border-radius: 3px !important"
"331",".dropdownPanel","","DashboardBaseStyles.html","1579","","1","1","false","0-1-0","Shared","3","border: 1px solid #dadce0 !important; box-shadow: 0 2px 6px rgba(60, 64, 67, 0.25) !important; border-radius: 3px !important"
"332",".dropdownPanelHeader","","DashboardBaseStyles.html","1585","","1","1","false","0-1-0","Shared","2","background: #f8f9fa !important; border-bottom: 1px solid #dadce0 !important"
"333",".dropdownPanelHeader button","","DashboardBaseStyles.html","1590","","1","1","false","0-1-1","Shared","4","background: #ffffff !important; border: 1px solid #dadce0 !important; color: #3c4043 !important; border-radius: 3px !important"
"334",".deptRow.active","","DashboardBaseStyles.html","1597","","1","1","false","0-2-0","Shared","2","background: #f1f3f4 !important; border-color: #dadce0 !important"
"335",".yearRow.active","","DashboardBaseStyles.html","1597","","1","1","false","0-2-0","Shared","2","background: #f1f3f4 !important; border-color: #dadce0 !important"
"336","tr.clickable:hover td","","DashboardBaseStyles.html","1597","","1","1","false","0-2-2","Shared","2","background: #f1f3f4 !important; border-color: #dadce0 !important"
"337","tr.active td","","DashboardBaseStyles.html","1597","","1","1","false","0-1-2","Shared","2","background: #f1f3f4 !important; border-color: #dadce0 !important"
"338",".card","","DashboardBaseStyles.html","1605","","1","1","false","0-1-0","Shared","3","background: #ffffff !important; border-color: #dadce0 !important; box-shadow: 0 1px 2px rgba(60, 64, 67, 0.18), 0 1px 3px rgba(60, 64, 67, 0.10) !important"
"339",".areaRevenue","","DashboardBaseStyles.html","1611","","1","1","false","0-1-0","Shared","1","border-top: 1px solid #dadce0 !important"
"340",".areaCustomers","","DashboardBaseStyles.html","1611","","1","1","false","0-1-0","Shared","1","border-top: 1px solid #dadce0 !important"
"341",".areaUnits","","DashboardBaseStyles.html","1611","","1","1","false","0-1-0","Shared","1","border-top: 1px solid #dadce0 !important"
"342",".areaRpac","","DashboardBaseStyles.html","1611","","1","1","false","0-1-0","Shared","1","border-top: 1px solid #dadce0 !important"
"343",".areaAvg","","DashboardBaseStyles.html","1611","","1","1","false","0-1-0","Shared","1","border-top: 1px solid #dadce0 !important"
"344",".areaCustomerTable","","DashboardBaseStyles.html","1611","","1","1","false","0-1-0","Shared","1","border-top: 1px solid #dadce0 !important"
"345",".areaProductTable","","DashboardBaseStyles.html","1611","","1","1","false","0-1-0","Shared","1","border-top: 1px solid #dadce0 !important"
"346",".chartTitle","","DashboardBaseStyles.html","1621","","1","1","false","0-1-0","Shared","3","color: #202124 !important; font-weight: 700 !important; letter-spacing: 0 !important"
"347",".sectionHeader","","DashboardBaseStyles.html","1627","","1","1","false","0-1-0","Shared","4","background: #202124 !important; border-color: #3c4043 !important; color: #ffffff !important; font-weight: 500 !important"
"348","th","","DashboardBaseStyles.html","1627","","1","1","false","0-0-1","Shared","4","background: #202124 !important; border-color: #3c4043 !important; color: #ffffff !important; font-weight: 500 !important"
"349","td","","DashboardBaseStyles.html","1635","","1","1","false","0-0-1","Shared","1","border-color: #e8eaed !important"
"350",".negative","","DashboardBaseStyles.html","1639","","1","1","false","0-1-0","Shared","2","color: #d93025 !important; font-weight: 700 !important"
"351",".positive","","DashboardBaseStyles.html","1644","","1","1","false","0-1-0","Shared","2","color: #188038 !important; font-weight: 700 !important"
"352",".tinyBtn","","DashboardBaseStyles.html","1649","","1","1","false","0-1-0","Shared","1","color: #5f6368 !important"
"353",".tinyBtn.active","","DashboardBaseStyles.html","1653","","1","1","false","0-2-0","Shared","3","background: #f1f3f4 !important; color: #202124 !important; box-shadow: none !important"
"354",":root","","DashboardBaseStyles.html","1661","","1","1","false","0-1-0","Shared","0","--bg: #f5f5f5; --canvas: #e9eaed; --card: #ffffff; --ink: #3c4043; --muted: #5f6368; --line: #dadce0; --softline: #eceff1; --navy: #263238; --chip: #f1f3f4"
"355","html","","DashboardBaseStyles.html","1673","","1","1","false","0-0-1","Shared","3","background: #f5f5f5 !important; color: #3c4043 !important; font-family: Roboto, Arial, sans-serif !important"
"356","body","","DashboardBaseStyles.html","1673","","1","1","false","0-0-1","Shared","3","background: #f5f5f5 !important; color: #3c4043 !important; font-family: Roboto, Arial, sans-serif !important"
"357",".tabs","","DashboardBaseStyles.html","1680","","1","1","false","0-1-0","Shared","3","background: #ffffff !important; border-bottom: 1px solid #dadce0 !important; box-shadow: none !important"
"358",".tabBtn","","DashboardBaseStyles.html","1686","","1","1","false","0-1-0","Shared","4","background: transparent !important; color: #3c4043 !important; border-radius: 0 !important; font-weight: 500 !important"
"359",".tabBtn.active","","DashboardBaseStyles.html","1693","","1","1","false","0-2-0","Shared","3","background: #f1f3f4 !important; color: #202124 !important; box-shadow: inset 0 -2px 0 #5f6368 !important"
"360",".dashboardShell","","DashboardBaseStyles.html","1699","","1","1","false","0-1-0","Shared","4","background: #e9eaed !important; border: 1px solid #dadce0 !important; border-radius: 2px !important; box-shadow: none !important"
"361",".segGroup","","DashboardBaseStyles.html","1706","","1","1","false","0-1-0","Shared","4","background: #ffffff !important; border: 1px solid #dadce0 !important; border-radius: 3px !important; box-shadow: 0 1px 2px rgba(60, 64, 67, 0.18), 0 1px 3px rgba(60, 64, 67, 0.10) !important"
"362",".resetBtn","","DashboardBaseStyles.html","1706","","1","1","false","0-1-0","Shared","4","background: #ffffff !important; border: 1px solid #dadce0 !important; border-radius: 3px !important; box-shadow: 0 1px 2px rgba(60, 64, 67, 0.18), 0 1px 3px rgba(60, 64, 67, 0.10) !important"
"363",".filterCard","","DashboardBaseStyles.html","1706","","1","1","false","0-1-0","Shared","4","background: #ffffff !important; border: 1px solid #dadce0 !important; border-radius: 3px !important; box-shadow: 0 1px 2px rgba(60, 64, 67, 0.18), 0 1px 3px rgba(60, 64, 67, 0.10) !important"
"364",".card","","DashboardBaseStyles.html","1706","","1","1","false","0-1-0","Shared","4","background: #ffffff !important; border: 1px solid #dadce0 !important; border-radius: 3px !important; box-shadow: 0 1px 2px rgba(60, 64, 67, 0.18), 0 1px 3px rgba(60, 64, 67, 0.10) !important"
"365",".kpiMini","","DashboardBaseStyles.html","1706","","1","1","false","0-1-0","Shared","4","background: #ffffff !important; border: 1px solid #dadce0 !important; border-radius: 3px !important; box-shadow: 0 1px 2px rgba(60, 64, 67, 0.18), 0 1px 3px rgba(60, 64, 67, 0.10) !important"
"366",".segBtn","","DashboardBaseStyles.html","1717","","1","1","false","0-1-0","Shared","4","background: #ffffff !important; color: #3c4043 !important; border-radius: 0 !important; font-weight: 500 !important"
"367",".resetBtn","","DashboardBaseStyles.html","1717","","1","1","false","0-1-0","Shared","4","background: #ffffff !important; color: #3c4043 !important; border-radius: 0 !important; font-weight: 500 !important"
"368",".segBtn.active","","DashboardBaseStyles.html","1725","","1","1","false","0-2-0","Shared","3","background: #263238 !important; color: #ffffff !important; box-shadow: none !important"
"369",".kpiMini","","DashboardBaseStyles.html","1731","","1","1","false","0-1-0","Shared","1","box-shadow: none !important"
"370",".kpiMini::before","","DashboardBaseStyles.html","1735","","1","1","false","0-1-1","Shared","1","display: none !important"
"371",".kpiMini .label","","DashboardBaseStyles.html","1739","","1","1","false","0-2-0","Shared","1","color: #5f6368 !important"
"372",".kpiMini .value","","DashboardBaseStyles.html","1743","","1","1","false","0-2-0","Shared","2","color: #202124 !important; font-weight: 500 !important"
"373",".kpiMini .value.bad","","DashboardBaseStyles.html","1748","","1","1","false","0-3-0","Shared","1","color: #d93025 !important"
"374",".kpiMini .value.good","","DashboardBaseStyles.html","1752","","1","1","false","0-3-0","Shared","1","color: #188038 !important"
"375",".chip","","DashboardBaseStyles.html","1756","","1","1","false","0-1-0","Shared","5","background: #f1f3f4 !important; border: 1px solid #dadce0 !important; color: #3c4043 !important; box-shadow: none !important; font-weight: 500 !important"
"376",".chip button","","DashboardBaseStyles.html","1764","","1","1","false","0-1-1","Shared","1","color: #5f6368 !important"
"377",".dropdownButton","","DashboardBaseStyles.html","1768","","1","1","false","0-1-0","Shared","5","background: #ffffff !important; border: 1px solid #dadce0 !important; color: #3c4043 !important; box-shadow: none !important; border-radius: 3px !important"
"378","select","","DashboardBaseStyles.html","1768","","1","1","false","0-0-1","Shared","5","background: #ffffff !important; border: 1px solid #dadce0 !important; color: #3c4043 !important; box-shadow: none !important; border-radius: 3px !important"
"379","input[type=""text""]","","DashboardBaseStyles.html","1768","","1","1","false","0-1-1","Shared","5","background: #ffffff !important; border: 1px solid #dadce0 !important; color: #3c4043 !important; box-shadow: none !important; border-radius: 3px !important"
"380",".dropdownButton::after","","DashboardBaseStyles.html","1778","","1","1","false","0-1-1","Shared","1","color: #5f6368 !important"
"381",".dropdownPanel","","DashboardBaseStyles.html","1782","","1","1","false","0-1-0","Shared","3","border: 1px solid #dadce0 !important; box-shadow: 0 2px 6px rgba(60, 64, 67, 0.25) !important; border-radius: 3px !important"
"382",".dropdownPanelHeader","","DashboardBaseStyles.html","1788","","1","1","false","0-1-0","Shared","2","background: #f8f9fa !important; border-bottom: 1px solid #dadce0 !important"
"383",".dropdownPanelHeader button","","DashboardBaseStyles.html","1793","","1","1","false","0-1-1","Shared","4","background: #ffffff !important; border: 1px solid #dadce0 !important; color: #3c4043 !important; border-radius: 3px !important"
"384",".deptRow.active","","DashboardBaseStyles.html","1800","","1","1","false","0-2-0","Shared","2","background: #f1f3f4 !important; border-color: #dadce0 !important"
"385",".yearRow.active","","DashboardBaseStyles.html","1800","","1","1","false","0-2-0","Shared","2","background: #f1f3f4 !important; border-color: #dadce0 !important"
"386","tr.clickable:hover td","","DashboardBaseStyles.html","1800","","1","1","false","0-2-2","Shared","2","background: #f1f3f4 !important; border-color: #dadce0 !important"
"387","tr.active td","","DashboardBaseStyles.html","1800","","1","1","false","0-1-2","Shared","2","background: #f1f3f4 !important; border-color: #dadce0 !important"
"388",".areaRevenue","","DashboardBaseStyles.html","1808","","1","1","false","0-1-0","Shared","1","border-top: 1px solid #dadce0 !important"
"389",".areaCustomers","","DashboardBaseStyles.html","1808","","1","1","false","0-1-0","Shared","1","border-top: 1px solid #dadce0 !important"
"390",".areaUnits","","DashboardBaseStyles.html","1808","","1","1","false","0-1-0","Shared","1","border-top: 1px solid #dadce0 !important"
"391",".areaRpac","","DashboardBaseStyles.html","1808","","1","1","false","0-1-0","Shared","1","border-top: 1px solid #dadce0 !important"
"392",".areaAvg","","DashboardBaseStyles.html","1808","","1","1","false","0-1-0","Shared","1","border-top: 1px solid #dadce0 !important"
"393",".areaCustomerTable","","DashboardBaseStyles.html","1808","","1","1","false","0-1-0","Shared","1","border-top: 1px solid #dadce0 !important"
"394",".areaProductTable","","DashboardBaseStyles.html","1808","","1","1","false","0-1-0","Shared","1","border-top: 1px solid #dadce0 !important"
"395",".chartTitle","","DashboardBaseStyles.html","1818","","1","1","false","0-1-0","Shared","3","color: #202124 !important; font-weight: 700 !important; letter-spacing: 0 !important"
"396",".sectionHeader","","DashboardBaseStyles.html","1824","","1","1","false","0-1-0","Shared","4","background: #263238 !important; border-color: #37474f !important; color: #ffffff !important; font-weight: 500 !important"
"397","th","","DashboardBaseStyles.html","1824","","1","1","false","0-0-1","Shared","4","background: #263238 !important; border-color: #37474f !important; color: #ffffff !important; font-weight: 500 !important"
"398","td","","DashboardBaseStyles.html","1832","","1","1","false","0-0-1","Shared","1","border-color: #e8eaed !important"
"399",".negative","","DashboardBaseStyles.html","1836","","1","1","false","0-1-0","Shared","2","color: #d93025 !important; font-weight: 700 !important"
"400",".positive","","DashboardBaseStyles.html","1841","","1","1","false","0-1-0","Shared","2","color: #188038 !important; font-weight: 700 !important"
"401",".tinyBtn","","DashboardBaseStyles.html","1846","","1","1","false","0-1-0","Shared","2","color: #5f6368 !important; background: transparent !important"
"402",".tinyBtn.active","","DashboardBaseStyles.html","1851","","1","1","false","0-2-0","Shared","3","background: #f1f3f4 !important; color: #202124 !important; box-shadow: none !important"
"403",".areaRevenue","","DashboardBaseStyles.html","1860","","1","1","false","0-1-0","Shared","6","border-top: 0 !important; border-radius: 14px !important; padding: 12px 14px 10px !important; overflow: hidden !important; background: #ffffff !important; box-shadow: 0 1px 2px rgba(60, 64, 67, 0.14), 0 4px 12px rgba(60, 64, 67, 0.08) !important"
"404",".areaRevenue .cardHeader","","DashboardBaseStyles.html","1869","","1","1","false","0-2-0","Shared","1","margin-bottom: 0 !important"
"405",".areaRevenue .chartBox","","DashboardBaseStyles.html","1873","","1","1","false","0-2-0","Shared","2","height: 276px !important; padding-top: 4px !important"
"406",".areaRevenue canvas","","DashboardBaseStyles.html","1878","","1","1","false","0-1-1","Shared","1","border-radius: 12px !important"
"407",".revenueTooltip","","DashboardBaseStyles.html","1882","","1","1","false","0-1-0","Shared","0","position: absolute; opacity: 0; pointer-events: none; transform: translate(10px, -50%); min-width: 166px; background: #111827; color: #ffffff; border-radius: 11px; padding: 12px 14px; box-shadow: 0 14px 30px rgba(15, 23, 42, 0.28); z-index: 50; font-family: Roboto, Arial, sans-serif; font-size: 12px; line-height: 1.38; transition: opacity 80ms ease; white-space: nowrap"
"408",".revenueTooltipTitle","","DashboardBaseStyles.html","1901","","1","1","false","0-1-0","Shared","0","font-size: 13px; font-weight: 700; margin-bottom: 6px; color: #ffffff"
"409",".revenueTooltipRow","","DashboardBaseStyles.html","1908","","1","1","false","0-1-0","Shared","0","display: flex; justify-content: space-between; gap: 14px; color: #e5e7eb; margin-top: 2px"
"410",".revenueTooltipRow b","","DashboardBaseStyles.html","1916","","1","1","false","0-1-1","Shared","0","color: #ffffff; font-weight: 800"
"411",".revenueTooltipRow.current b","","DashboardBaseStyles.html","1921","","1","1","false","0-2-1","Shared","0","color: #bfdbfe"
"412",".revenueTooltipRow.comparison b","","DashboardBaseStyles.html","1925","","1","1","false","0-2-1","Shared","0","color: #dbe4ef"
"413",".revenueTooltipRow.comparisonOlder b","","DashboardBaseStyles.html","1929","","1","1","false","0-2-1","Shared","0","color: #f4c08a"
"414",".revenueTooltipRow.deltaGood b","","DashboardBaseStyles.html","1933","","1","1","false","0-2-1","Shared","0","color: #34d399"
"415",".revenueTooltipRow.deltaBad b","","DashboardBaseStyles.html","1937","","1","1","false","0-2-1","Shared","0","color: #fca5a5"
"416",".revenueTooltipRow.muted b","","DashboardBaseStyles.html","1941","","1","1","false","0-2-1","Shared","0","color: #d1d5db"
"417",".card.chartFocusCard canvas","","DashboardBaseStyles.html","1947","","1","1","false","0-2-1","Shared","0","transition: opacity 120ms ease, filter 120ms ease"
"418",".card.chartFocusCard .chartTitle","","DashboardBaseStyles.html","1947","","1","1","false","0-3-0","Shared","0","transition: opacity 120ms ease, filter 120ms ease"
"419",".card.chartFocusCard .cardHeader","","DashboardBaseStyles.html","1947","","1","1","false","0-3-0","Shared","0","transition: opacity 120ms ease, filter 120ms ease"
"420",".card.chartFocusDim canvas","","DashboardBaseStyles.html","1953","","1","1","false","0-2-1","Shared","0","opacity: 0.28; filter: grayscale(12%)"
"421",".card.chartFocusDim .chartTitle","","DashboardBaseStyles.html","1958","","1","1","false","0-3-0","Shared","0","opacity: 0.55"
"422",".card.chartFocusDim .cardHeader","","DashboardBaseStyles.html","1958","","1","1","false","0-3-0","Shared","0","opacity: 0.55"
"423",".card.chartFocusActive","","DashboardBaseStyles.html","1963","","1","1","false","0-2-0","Shared","2","border-color: #9aa0a6 !important; box-shadow: 0 1px 2px rgba(60, 64, 67, 0.18), 0 5px 14px rgba(60, 64, 67, 0.10) !important"
"424",".dropdownSearch","","DashboardBaseStyles.html","1970","","1","1","false","0-1-0","Shared","0","width: calc(100% - 16px); margin: 8px; padding: 8px 9px; border: 1px solid #dadce0; border-radius: 3px; font-size: 12px; color: #3c4043; background: #ffffff; outline: none"
"425",".dropdownSearch:focus","","DashboardBaseStyles.html","1982","","1","1","false","0-2-0","Shared","0","border-color: #9aa0a6; box-shadow: 0 0 0 2px rgba(60, 64, 67, 0.08)"
"426",".productDropdownPanel","","DashboardBaseStyles.html","1987","","1","1","false","0-1-0","Shared","0","min-width: 360px; max-height: 390px; overflow: hidden"
"427",".customerDropdownPanel","","DashboardBaseStyles.html","1987","","1","1","false","0-1-0","Shared","0","min-width: 360px; max-height: 390px; overflow: hidden"
"428",".multiList","","DashboardBaseStyles.html","1994","","1","1","false","0-1-0","Shared","0","max-height: 285px; overflow-y: auto"
"429",".multiRow","","DashboardBaseStyles.html","1999","","1","1","false","0-1-0","Shared","0","display: grid; grid-template-columns: 1fr auto; align-items: center; gap: 8px; padding: 6px 8px; border-bottom: 1px solid #f1f3f4; cursor: pointer; font-size: 12px; color: #3c4043"
"430",".multiRow:hover","","DashboardBaseStyles.html","2011","","1","1","false","0-2-0","Shared","0","background: #f1f3f4"
"431",".multiRow.active","","DashboardBaseStyles.html","2011","","1","1","false","0-2-0","Shared","0","background: #f1f3f4"
"432",".multiRow.affinity:not(.active)","","DashboardBaseStyles.html","2016","","1","1","false","0-3-0","Shared","0","background: #f4f8ff; border-left: 4px solid #9fc1ff; padding-left: 4px"
"433",".multiRow.contextSelected","","DashboardBaseStyles.html","2022","","1","1","false","0-2-0","Shared","0","background: #eef5ff; border-left: 4px solid #4285f4; padding-left: 4px"
"434",".multiRow.contextSelected input[type=""checkbox""]","","DashboardBaseStyles.html","2028","","1","1","false","0-3-1","Shared","0","accent-color: #4285f4"
"435",".optionGroupHeader","","DashboardBaseStyles.html","2032","","1","1","false","0-1-0","Shared","0","position: sticky; top: 0; z-index: 2; padding: 6px 8px 5px; border-top: 1px solid #eef1f5; border-bottom: 1px solid #e5e7eb; background: #f7f8fb; color: #5f6368; font-size: 10px; font-weight: 800; letter-spacing: .04em; text-transform: uppercase"
"436",".optionCollapseHeader","","DashboardBaseStyles.html","2047","","1","1","false","0-1-0","Shared","0","display: flex; align-items: center; gap: 8px; padding: 7px 8px; border-bottom: 1px solid #e5e7eb; background: #f7f8fb; color: #3c4043; font-size: 12px; font-weight: 800; cursor: pointer; user-select: none"
"437",".optionCollapseHeader:hover","","DashboardBaseStyles.html","2061","","1","1","false","0-2-0","Shared","0","background: #eef2f7"
"438",".optionCollapseHeader .collapseCaret","","DashboardBaseStyles.html","2065","","1","1","false","0-2-0","Shared","0","width: 16px; color: #5f6368; font-size: 13px; line-height: 1; text-align: center"
"439",".optionCollapseHeader .collapseCount","","DashboardBaseStyles.html","2073","","1","1","false","0-2-0","Shared","0","margin-left: auto; color: #5f6368; font-size: 11px; font-weight: 700"
"440",".multiRow .labelSide","","DashboardBaseStyles.html","2080","","1","1","false","0-2-0","Shared","0","min-width: 0"
"441",".multiRow .labelSide span","","DashboardBaseStyles.html","2084","","1","1","false","0-2-1","Shared","0","white-space: nowrap; overflow: hidden; text-overflow: ellipsis"
"442",".multiRow input","","DashboardBaseStyles.html","2090","","1","1","false","0-1-1","Shared","0","pointer-events: none"
"443",".deptRow input","","DashboardBaseStyles.html","2090","","1","1","false","0-1-1","Shared","0","pointer-events: none"
"444",".yearRow input","","DashboardBaseStyles.html","2090","","1","1","false","0-1-1","Shared","0","pointer-events: none"
"445",".emptyFilterRow","","DashboardBaseStyles.html","2096","","1","1","false","0-1-0","Shared","0","padding: 12px; color: #5f6368; font-size: 12px"
"446",".statusBanner","","DashboardBaseStyles.html","2104","","1","1","false","0-1-0","Shared","0","background: #eef2f7; border: 1px solid #d8dee8; color: #344054; padding: 8px 10px; border-radius: 6px; margin: 8px 10px; font-size: 12px; font-weight: 500"
"447",".statusBanner.good","","DashboardBaseStyles.html","2115","","1","1","false","0-2-0","Shared","0","background: #ecfdf3; border-color: #abefc6; color: #067647"
"448",".statusBanner.warn","","DashboardBaseStyles.html","2121","","1","1","false","0-2-0","Shared","0","background: #fffaeb; border-color: #fedf89; color: #93370d"
"449","html","@media (max-width: 900px)","DashboardBaseStyles.html","2128","","1","1","false","0-0-1","Shared","3","width: 100% !important; overflow-x: hidden !important; background: #f1f3f4 !important"
"450","body","@media (max-width: 900px)","DashboardBaseStyles.html","2128","","1","1","false","0-0-1","Shared","3","width: 100% !important; overflow-x: hidden !important; background: #f1f3f4 !important"
"451",".tabs","@media (max-width: 900px)","DashboardBaseStyles.html","2135","","1","1","false","0-1-0","Shared","7","position: sticky !important; top: 0 !important; z-index: 100 !important; overflow-x: auto !important; height: 44px !important; padding: 0 6px !important; white-space: nowrap !important"
"452",".tabBtn","@media (max-width: 900px)","DashboardBaseStyles.html","2145","","1","1","false","0-1-0","Shared","3","min-width: max-content !important; font-size: 14px !important; padding: 12px 14px 10px !important"
"453",".tabPage","@media (max-width: 900px)","DashboardBaseStyles.html","2151","","1","1","false","0-1-0","Shared","1","padding: 6px !important"
"454",".dashboardShell","@media (max-width: 900px)","DashboardBaseStyles.html","2155","","1","1","false","0-1-0","Shared","5","width: 100% !important; max-width: none !important; padding: 6px !important; border-left: 0 !important; border-right: 0 !important"
"455",".topBar.executiveTop","@media (max-width: 900px)","DashboardBaseStyles.html","2163","","1","1","false","0-2-0","Shared","4","display: grid !important; grid-template-columns: 1fr 1fr !important; gap: 6px !important; align-items: stretch !important"
"456",".topBar.executiveTop .resetBtn","@media (max-width: 900px)","DashboardBaseStyles.html","2170","","1","1","false","0-3-0","Shared","1","grid-column: 1 / -1 !important"
"457",".segGroup","@media (max-width: 900px)","DashboardBaseStyles.html","2174","","1","1","false","0-1-0","Shared","3","display: grid !important; grid-template-columns: 1fr 1fr !important; width: 100% !important"
"458",".segBtn","@media (max-width: 900px)","DashboardBaseStyles.html","2180","","1","1","false","0-1-0","Shared","3","width: 100% !important; min-height: 40px !important; font-size: 13px !important"
"459",".resetBtn","@media (max-width: 900px)","DashboardBaseStyles.html","2180","","1","1","false","0-1-0","Shared","3","width: 100% !important; min-height: 40px !important; font-size: 13px !important"
"460",".kpiStrip","@media (max-width: 900px)","DashboardBaseStyles.html","2187","","1","1","false","0-1-0","Shared","4","grid-column: 1 / -1 !important; display: grid !important; grid-template-columns: repeat(2, minmax(0, 1fr)) !important; gap: 6px !important"
"461",".kpiMini","@media (max-width: 900px)","DashboardBaseStyles.html","2194","","1","1","false","0-1-0","Shared","2","min-height: 54px !important; padding: 8px 9px !important"
"462",".kpiMini .value","@media (max-width: 900px)","DashboardBaseStyles.html","2199","","1","1","false","0-2-0","Shared","2","font-size: 18px !important; line-height: 1.1 !important"
"463",".chipRow","@media (max-width: 900px)","DashboardBaseStyles.html","2204","","1","1","false","0-1-0","Shared","5","gap: 5px !important; overflow-x: auto !important; flex-wrap: nowrap !important; padding-bottom: 3px !important; -webkit-overflow-scrolling: touch !important"
"464",".chip","@media (max-width: 900px)","DashboardBaseStyles.html","2212","","1","1","false","0-1-0","Shared","2","flex: 0 0 auto !important; max-width: 85vw !important"
"465",".filterDeck.dropdownDeck","@media (max-width: 900px)","DashboardBaseStyles.html","2217","","1","1","false","0-2-0","Shared","3","display: grid !important; grid-template-columns: 1fr !important; gap: 6px !important"
"466",".dropdownPanel","@media (max-width: 900px)","DashboardBaseStyles.html","2223","","1","1","false","0-1-0","Shared","5","position: static !important; width: 100% !important; min-width: 0 !important; max-width: none !important; margin-top: 6px !important"
"467",".productDropdownPanel","@media (max-width: 900px)","DashboardBaseStyles.html","2231","","1","1","false","0-1-0","Shared","2","min-width: 0 !important; max-height: 360px !important"
"468",".customerDropdownPanel","@media (max-width: 900px)","DashboardBaseStyles.html","2231","","1","1","false","0-1-0","Shared","2","min-width: 0 !important; max-height: 360px !important"
"469",".yearDropdownPanel","@media (max-width: 900px)","DashboardBaseStyles.html","2231","","1","1","false","0-1-0","Shared","2","min-width: 0 !important; max-height: 360px !important"
"470",".multiList","@media (max-width: 900px)","DashboardBaseStyles.html","2238","","1","1","false","0-1-0","Shared","1","max-height: 245px !important"
"471",".deptList","@media (max-width: 900px)","DashboardBaseStyles.html","2238","","1","1","false","0-1-0","Shared","1","max-height: 245px !important"
"472",".yearList","@media (max-width: 900px)","DashboardBaseStyles.html","2238","","1","1","false","0-1-0","Shared","1","max-height: 245px !important"
"473",".grid","@media (max-width: 900px)","DashboardBaseStyles.html","2244","","1","1","false","0-1-0","Shared","3","display: flex !important; flex-direction: column !important; gap: 8px !important"
"474",".twoGrid","@media (max-width: 900px)","DashboardBaseStyles.html","2244","","1","1","false","0-1-0","Shared","3","display: flex !important; flex-direction: column !important; gap: 8px !important"
"475",".twoShell","@media (max-width: 900px)","DashboardBaseStyles.html","2244","","1","1","false","0-1-0","Shared","3","display: flex !important; flex-direction: column !important; gap: 8px !important"
"476",".filterPanel","@media (max-width: 900px)","DashboardBaseStyles.html","2252","","1","1","false","0-1-0","Shared","1","display: none !important"
"477",".card","@media (max-width: 900px)","DashboardBaseStyles.html","2256","","1","1","false","0-1-0","Shared","2","width: 100% !important; margin-bottom: 0 !important"
"478",".bigKpi","@media (max-width: 900px)","DashboardBaseStyles.html","2256","","1","1","false","0-1-0","Shared","2","width: 100% !important; margin-bottom: 0 !important"
"479",".filterCard","@media (max-width: 900px)","DashboardBaseStyles.html","2256","","1","1","false","0-1-0","Shared","2","width: 100% !important; margin-bottom: 0 !important"
"480",".areaRevenue","@media (max-width: 900px)","DashboardBaseStyles.html","2263","","1","1","false","0-1-0","Shared","2","border-radius: 10px !important; padding: 10px 8px 8px !important"
"481",".areaRevenue .chartBox","@media (max-width: 900px)","DashboardBaseStyles.html","2268","","1","1","false","0-2-0","Shared","1","height: 285px !important"
"482",".chartBox","@media (max-width: 900px)","DashboardBaseStyles.html","2272","","1","1","false","0-1-0","Shared","1","height: 245px !important"
"483",".areaUnits .chartBox","@media (max-width: 900px)","DashboardBaseStyles.html","2272","","1","1","false","0-2-0","Shared","1","height: 245px !important"
"484",".twoCard .chartBox","@media (max-width: 900px)","DashboardBaseStyles.html","2272","","1","1","false","0-2-0","Shared","1","height: 245px !important"
"485",".tableScroll","@media (max-width: 900px)","DashboardBaseStyles.html","2278","","1","1","false","0-1-0","Shared","3","height: 300px !important; overflow-x: auto !important; -webkit-overflow-scrolling: touch !important"
"486",".areaProductTable .tableScroll","@media (max-width: 900px)","DashboardBaseStyles.html","2278","","1","1","false","0-2-0","Shared","3","height: 300px !important; overflow-x: auto !important; -webkit-overflow-scrolling: touch !important"
"487","table","@media (max-width: 900px)","DashboardBaseStyles.html","2285","","1","1","false","0-0-1","Shared","2","min-width: 560px !important; font-size: 11px !important"
"488","th","@media (max-width: 900px)","DashboardBaseStyles.html","2290","","1","1","false","0-0-1","Shared","1","padding: 6px 5px !important"
"489","td","@media (max-width: 900px)","DashboardBaseStyles.html","2290","","1","1","false","0-0-1","Shared","1","padding: 6px 5px !important"
"490",".revenueTooltip","@media (max-width: 900px)","DashboardBaseStyles.html","2295","","1","1","false","0-1-0","Shared","4","max-width: calc(100vw - 40px) !important; min-width: 150px !important; font-size: 11px !important; padding: 10px 11px !important"
"491",".kpiStrip","@media (max-width: 520px)","DashboardBaseStyles.html","2304","","1","1","false","0-1-0","Shared","1","grid-template-columns: repeat(2, minmax(0, 1fr)) !important"
"492",".kpiMini .label","@media (max-width: 520px)","DashboardBaseStyles.html","2308","","1","1","false","0-2-0","Shared","1","font-size: 9px !important"
"493",".kpiMini .value","@media (max-width: 520px)","DashboardBaseStyles.html","2312","","1","1","false","0-2-0","Shared","1","font-size: 16px !important"
"494",".areaRevenue .chartBox","@media (max-width: 520px)","DashboardBaseStyles.html","2316","","1","1","false","0-2-0","Shared","1","height: 260px !important"
"495",".chartBox","@media (max-width: 520px)","DashboardBaseStyles.html","2320","","1","1","false","0-1-0","Shared","1","height: 220px !important"
"496",".areaUnits .chartBox","@media (max-width: 520px)","DashboardBaseStyles.html","2320","","1","1","false","0-2-0","Shared","1","height: 220px !important"
"497",".twoCard .chartBox","@media (max-width: 520px)","DashboardBaseStyles.html","2320","","1","1","false","0-2-0","Shared","1","height: 220px !important"
"498",".dropdownPanel","","DashboardBaseStyles.html","2331","","1","1","false","0-1-0","Shared","0","z-index: 80"
"499",".dropdownPanelHeader","","DashboardBaseStyles.html","2335","","1","1","false","0-1-0","Shared","0","position: sticky; top: 0; z-index: 3; background: #ffffff; border-bottom: 1px solid #e5e7eb"
"500",".dropdownCount","","DashboardBaseStyles.html","2343","","1","1","false","0-1-0","Shared","0","margin-left: auto; align-self: center; color: #5f6368; font-size: 11px; white-space: nowrap"
"501",".multiList","","DashboardBaseStyles.html","2351","","1","1","false","0-1-0","Shared","0","scrollbar-gutter: stable both-edges; scrollbar-width: auto"
"502",".deptList.dropdownList","","DashboardBaseStyles.html","2351","","1","1","false","0-2-0","Shared","0","scrollbar-gutter: stable both-edges; scrollbar-width: auto"
"503",".yearList.dropdownList","","DashboardBaseStyles.html","2351","","1","1","false","0-2-0","Shared","0","scrollbar-gutter: stable both-edges; scrollbar-width: auto"
"504",".tableScroll","","DashboardBaseStyles.html","2351","","1","1","false","0-1-0","Shared","0","scrollbar-gutter: stable both-edges; scrollbar-width: auto"
"505",".multiList::-webkit-scrollbar","","DashboardBaseStyles.html","2359","","1","1","false","0-1-1","Shared","0","width: 13px; height: 13px"
"506",".deptList.dropdownList::-webkit-scrollbar","","DashboardBaseStyles.html","2359","","1","1","false","0-2-1","Shared","0","width: 13px; height: 13px"
"507",".yearList.dropdownList::-webkit-scrollbar","","DashboardBaseStyles.html","2359","","1","1","false","0-2-1","Shared","0","width: 13px; height: 13px"
"508",".tableScroll::-webkit-scrollbar","","DashboardBaseStyles.html","2359","","1","1","false","0-1-1","Shared","0","width: 13px; height: 13px"
"509",".multiList::-webkit-scrollbar-track","","DashboardBaseStyles.html","2367","","1","1","false","0-1-1","Shared","0","background: #f1f3f4; border-radius: 10px"
"510",".deptList.dropdownList::-webkit-scrollbar-track","","DashboardBaseStyles.html","2367","","1","1","false","0-2-1","Shared","0","background: #f1f3f4; border-radius: 10px"
"511",".yearList.dropdownList::-webkit-scrollbar-track","","DashboardBaseStyles.html","2367","","1","1","false","0-2-1","Shared","0","background: #f1f3f4; border-radius: 10px"
"512",".tableScroll::-webkit-scrollbar-track","","DashboardBaseStyles.html","2367","","1","1","false","0-1-1","Shared","0","background: #f1f3f4; border-radius: 10px"
"513",".multiList::-webkit-scrollbar-thumb","","DashboardBaseStyles.html","2375","","1","1","false","0-1-1","Shared","0","background: #9aa0a6; border: 3px solid #f1f3f4; border-radius: 10px"
"514",".deptList.dropdownList::-webkit-scrollbar-thumb","","DashboardBaseStyles.html","2375","","1","1","false","0-2-1","Shared","0","background: #9aa0a6; border: 3px solid #f1f3f4; border-radius: 10px"
"515",".yearList.dropdownList::-webkit-scrollbar-thumb","","DashboardBaseStyles.html","2375","","1","1","false","0-2-1","Shared","0","background: #9aa0a6; border: 3px solid #f1f3f4; border-radius: 10px"
"516",".tableScroll::-webkit-scrollbar-thumb","","DashboardBaseStyles.html","2375","","1","1","false","0-1-1","Shared","0","background: #9aa0a6; border: 3px solid #f1f3f4; border-radius: 10px"
"517",".multiList::-webkit-scrollbar-thumb:hover","","DashboardBaseStyles.html","2384","","1","1","false","0-2-1","Shared","0","background: #6f7378"
"518",".deptList.dropdownList::-webkit-scrollbar-thumb:hover","","DashboardBaseStyles.html","2384","","1","1","false","0-3-1","Shared","0","background: #6f7378"
"519",".yearList.dropdownList::-webkit-scrollbar-thumb:hover","","DashboardBaseStyles.html","2384","","1","1","false","0-3-1","Shared","0","background: #6f7378"
"520",".tableScroll::-webkit-scrollbar-thumb:hover","","DashboardBaseStyles.html","2384","","1","1","false","0-2-1","Shared","0","background: #6f7378"
"521",".tableScroll","","DashboardBaseStyles.html","2391","","1","1","false","0-1-0","Shared","2","overflow-y: scroll !important; overflow-x: auto !important; overscroll-behavior: contain"
"522",".areaCustomerTable .tableScroll","","DashboardBaseStyles.html","2397","","1","1","false","0-2-0","Shared","2","overflow-y: scroll !important; overflow-x: auto !important"
"523",".areaProductTable .tableScroll","","DashboardBaseStyles.html","2397","","1","1","false","0-2-0","Shared","2","overflow-y: scroll !important; overflow-x: auto !important"
"524",".multiRow","","DashboardBaseStyles.html","2403","","1","1","false","0-1-0","Shared","0","user-select: none"
"525",".deptRow","","DashboardBaseStyles.html","2403","","1","1","false","0-1-0","Shared","0","user-select: none"
"526",".yearRow","","DashboardBaseStyles.html","2403","","1","1","false","0-1-0","Shared","0","user-select: none"
"527",".grid","","DashboardBaseStyles.html","2414","","1","1","false","0-1-0","Shared","1","min-height: 0 !important"
"528",".card","","DashboardBaseStyles.html","2414","","1","1","false","0-1-0","Shared","1","min-height: 0 !important"
"529",".areaCustomerTable","","DashboardBaseStyles.html","2414","","1","1","false","0-1-0","Shared","1","min-height: 0 !important"
"530",".areaProductTable","","DashboardBaseStyles.html","2414","","1","1","false","0-1-0","Shared","1","min-height: 0 !important"
"531",".areaCustomerTable","","DashboardBaseStyles.html","2421","","1","1","false","0-1-0","Shared","3","display: flex !important; flex-direction: column !important; overflow: hidden !important"
"532",".areaProductTable","","DashboardBaseStyles.html","2421","","1","1","false","0-1-0","Shared","3","display: flex !important; flex-direction: column !important; overflow: hidden !important"
"533",".areaCustomerTable .cardHeader","","DashboardBaseStyles.html","2428","","1","1","false","0-2-0","Shared","1","flex: 0 0 auto !important"
"534",".areaProductTable .cardHeader","","DashboardBaseStyles.html","2428","","1","1","false","0-2-0","Shared","1","flex: 0 0 auto !important"
"535",".areaCustomerTable .tableScroll","","DashboardBaseStyles.html","2433","","1","1","false","0-2-0","Shared","8","flex: 1 1 auto !important; height: auto !important; min-height: 0 !important; max-height: none !important; overflow-y: scroll !important; overflow-x: auto !important; scrollbar-gutter: stable both-edges !important; padding-bottom: 12px !important"
"536",".areaProductTable .tableScroll","","DashboardBaseStyles.html","2433","","1","1","false","0-2-0","Shared","8","flex: 1 1 auto !important; height: auto !important; min-height: 0 !important; max-height: none !important; overflow-y: scroll !important; overflow-x: auto !important; scrollbar-gutter: stable both-edges !important; padding-bottom: 12px !important"
"537",".areaProductTable table","","DashboardBaseStyles.html","2445","","1","1","false","0-1-1","Shared","1","margin-bottom: 8px !important"
"538",".areaCustomerTable table","","DashboardBaseStyles.html","2445","","1","1","false","0-1-1","Shared","1","margin-bottom: 8px !important"
"539",".areaProductTable tbody tr:last-child td","","DashboardBaseStyles.html","2450","","1","1","false","0-2-3","Shared","1","border-bottom: 1px solid #cfd6df !important"
"540",".areaCustomerTable tbody tr:last-child td","","DashboardBaseStyles.html","2450","","1","1","false","0-2-3","Shared","1","border-bottom: 1px solid #cfd6df !important"
"541",".areaCustomerTable","@media (max-width: 1100px)","DashboardBaseStyles.html","2456","","1","1","false","0-1-0","Shared","1","min-height: 360px !important"
"542",".areaProductTable","@media (max-width: 1100px)","DashboardBaseStyles.html","2456","","1","1","false","0-1-0","Shared","1","min-height: 360px !important"
"543",".areaCustomerTable th:nth-child(2)","","DashboardBaseStyles.html","2464","","1","1","false","0-2-1","Shared","1","text-align: left !important"
"544",".areaCustomerTable td:nth-child(2)","","DashboardBaseStyles.html","2464","","1","1","false","0-2-1","Shared","1","text-align: left !important"
"545","th.sortableHeader","","DashboardBaseStyles.html","2469","","1","1","false","0-1-1","Shared","4","cursor: pointer !important; user-select: none !important; position: sticky !important; top: 0 !important"
"546","th.sortableHeader:hover","","DashboardBaseStyles.html","2476","","1","1","false","0-2-1","Shared","1","background: #31424b !important"
"547",".sortGlyph","","DashboardBaseStyles.html","2480","","1","1","false","0-1-0","Shared","0","display: inline-block; width: 12px; margin-left: 4px; color: #cbd5df; font-size: 10px; line-height: 1; vertical-align: 1px; opacity: 0.78"
"548",".sortGlyph.active","","DashboardBaseStyles.html","2491","","1","1","false","0-2-0","Shared","0","color: #ffffff; opacity: 1; font-weight: 900"
"549",".customerNameCell","","DashboardBaseStyles.html","2497","","1","1","false","0-1-0","Shared","1","text-align: left !important"
"550",".inactiveBadge","","DashboardBaseStyles.html","2501","","1","1","false","0-1-0","Shared","0","display: inline-flex; align-items: center; margin-left: 7px; padding: 2px 6px; border-radius: 999px; border: 1px solid #fecaca; background: #fff1f1; color: #b42318; font-size: 10px; line-height: 1; font-weight: 800; letter-spacing: .01em; vertical-align: 1px; white-space: nowrap"
"551",".areaCustomerTable","@media (max-width: 1250px)","DashboardBaseStyles.html","2525","","1","1","false","0-1-0","Shared","4","display: flex !important; flex-direction: column !important; min-height: 0 !important; overflow: hidden !important"
"552",".areaProductTable","@media (max-width: 1250px)","DashboardBaseStyles.html","2525","","1","1","false","0-1-0","Shared","4","display: flex !important; flex-direction: column !important; min-height: 0 !important; overflow: hidden !important"
"553",".areaCustomerTable","@media (max-width: 1250px)","DashboardBaseStyles.html","2533","","1","1","false","0-1-0","Shared","2","height: 390px !important; max-height: 68vh !important"
"554",".areaProductTable","@media (max-width: 1250px)","DashboardBaseStyles.html","2538","","1","1","false","0-1-0","Shared","2","height: 460px !important; max-height: 72vh !important"
"555",".areaCustomerTable .tableScroll","@media (max-width: 1250px)","DashboardBaseStyles.html","2543","","1","1","false","0-2-0","Shared","7","flex: 1 1 auto !important; height: auto !important; min-height: 0 !important; max-height: none !important; overflow-y: auto !important; overflow-x: auto !important; scrollbar-gutter: stable both-edges !important"
"556",".areaProductTable .tableScroll","@media (max-width: 1250px)","DashboardBaseStyles.html","2543","","1","1","false","0-2-0","Shared","7","flex: 1 1 auto !important; height: auto !important; min-height: 0 !important; max-height: none !important; overflow-y: auto !important; overflow-x: auto !important; scrollbar-gutter: stable both-edges !important"
"557",".areaCustomerTable","@media (max-width: 900px)","DashboardBaseStyles.html","2556","","1","1","false","0-1-0","Shared","2","height: 340px !important; max-height: 58vh !important"
"558",".areaProductTable","@media (max-width: 900px)","DashboardBaseStyles.html","2561","","1","1","false","0-1-0","Shared","2","height: 400px !important; max-height: 62vh !important"
"559",".areaCustomerTable table","@media (max-width: 900px)","DashboardBaseStyles.html","2566","","1","1","false","0-1-1","Shared","1","min-width: 620px !important"
"560",".areaProductTable table","@media (max-width: 900px)","DashboardBaseStyles.html","2566","","1","1","false","0-1-1","Shared","1","min-width: 620px !important"
"561",".chip button","","DashboardBaseStyles.html","2574","","1","1","false","0-1-1","Shared","8","display: inline-flex !important; align-items: center !important; justify-content: center !important; min-width: 18px !important; height: 18px !important; margin-left: 4px !important; border-radius: 50% !important; pointer-events: auto !important"
"562",".chip button:hover","","DashboardBaseStyles.html","2585","","1","1","false","0-2-1","Shared","1","background: rgba(60, 64, 67, 0.12) !important"
"563",".cardActions","","DashboardBaseStyles.html","2590","","1","1","false","0-1-0","Shared","0","display: inline-flex; align-items: center; gap: 6px; margin-left: auto; min-width: 0"
"564",".componentMenuBtn","","DashboardBaseStyles.html","2598","","1","1","false","0-1-0","Shared","0","width: 26px; height: 26px; border: 0; border-radius: 999px; background: transparent; color: #475467; cursor: pointer; font-size: 18px; line-height: 1; display: inline-flex; align-items: center; justify-content: center; flex: 0 0 auto"
"565",".componentMenuBtn:hover","","DashboardBaseStyles.html","2614","","1","1","false","0-2-0","Shared","0","background: #eef2f6; color: #182433"
"566",".componentMenuBtn.active","","DashboardBaseStyles.html","2614","","1","1","false","0-2-0","Shared","0","background: #eef2f6; color: #182433"
"567",".componentMenu","","DashboardBaseStyles.html","2620","","1","1","false","0-1-0","Shared","0","position: fixed; min-width: 218px; max-width: min(280px, calc(100vw - 18px)); background: #ffffff; border: 1px solid #d4dae3; border-radius: 10px; box-shadow: 0 12px 30px rgba(16, 24, 40, 0.22); z-index: 9999; padding: 6px; display: none; color: #344054; font-size: 13px"
"568",".componentMenu.open","","DashboardBaseStyles.html","2635","","1","1","false","0-2-0","Shared","0","display: block"
"569",".componentMenuTitle","","DashboardBaseStyles.html","2639","","1","1","false","0-1-0","Shared","0","padding: 7px 10px 6px; font-weight: 900; color: #182433; border-bottom: 1px solid #eef1f5; margin-bottom: 4px"
"570",".componentMenu button","","DashboardBaseStyles.html","2647","","1","1","false","0-1-1","Shared","0","width: 100%; border: 0; background: transparent; color: #344054; text-align: left; padding: 9px 10px; border-radius: 7px; cursor: pointer; font: inherit; display: flex; justify-content: space-between; align-items: center; gap: 12px"
"571",".componentMenu button:hover","","DashboardBaseStyles.html","2663","","1","1","false","0-2-1","Shared","0","background: #f2f4f7"
"572",".componentMenu button.disabled","","DashboardBaseStyles.html","2667","","1","1","false","0-2-1","Shared","0","color: #98a2b3; cursor: default"
"573",".componentMenu button.disabled:hover","","DashboardBaseStyles.html","2672","","1","1","false","0-3-1","Shared","0","background: transparent"
"574",".componentMenuDivider","","DashboardBaseStyles.html","2676","","1","1","false","0-1-0","Shared","0","height: 1px; background: #eef1f5; margin: 5px 0"
"575",".componentMenuHint","","DashboardBaseStyles.html","2682","","1","1","false","0-1-0","Shared","0","font-size: 11px; color: #667085; padding: 6px 10px 4px; line-height: 1.35"
"576",".componentMenuSortBlock","","DashboardBaseStyles.html","2689","","1","1","false","0-1-0","Shared","0","display: none"
"577",".componentMenu.tableMenu .componentMenuSortBlock","","DashboardBaseStyles.html","2693","","1","1","false","0-3-0","Shared","0","display: block"
"578",".componentMenu","@media (max-width: 760px)","DashboardBaseStyles.html","2698","","1","1","false","0-1-0","Shared","0","min-width: 210px; font-size: 14px"
"579",".componentMenu button","@media (max-width: 760px)","DashboardBaseStyles.html","2703","","1","1","false","0-1-1","Shared","0","padding: 11px 10px"
"580",".comparisonKpis","","DashboardBaseStyles.html","2710","","1","1","false","0-1-0","Shared","2","grid-template-columns: repeat(5, minmax(145px, 1fr)) !important; gap: 8px !important"
"581",".comparisonKpi","","DashboardBaseStyles.html","2715","","1","1","false","0-1-0","Shared","5","min-height: 68px !important; padding: 8px 10px !important; background: #ffffff !important; border-color: #d8dde6 !important; box-shadow: 0 1px 3px rgba(16, 24, 40, 0.10) !important"
"582",".comparisonKpi::before","","DashboardBaseStyles.html","2723","","1","1","false","0-1-1","Shared","1","display: none !important"
"583",".comparisonKpi .label","","DashboardBaseStyles.html","2727","","1","1","false","0-2-0","Shared","1","margin-bottom: 3px !important"
"584",".comparisonKpi .value","","DashboardBaseStyles.html","2731","","1","1","false","0-2-0","Shared","4","font-size: 20px !important; line-height: 1.05 !important; margin-bottom: 6px !important; color: #111827 !important; white-space: nowrap"
"585",".kpiSub","","DashboardBaseStyles.html","2739","","1","1","false","0-1-0","Shared","0","display: flex; justify-content: space-between; align-items: center; gap: 8px; font-size: 11px; line-height: 1.15; color: #667085; font-weight: 700; white-space: nowrap"
"586",".kpiDelta","","DashboardBaseStyles.html","2751","","1","1","false","0-1-0","Shared","0","font-weight: 900; color: #667085; text-align: right"
"587",".kpiDelta.good","","DashboardBaseStyles.html","2757","","1","1","false","0-2-0","Shared","0","color: var(--green)"
"588",".kpiDelta.bad","","DashboardBaseStyles.html","2761","","1","1","false","0-2-0","Shared","0","color: var(--red)"
"589",".comparisonKpis","@media (max-width: 1100px)","DashboardBaseStyles.html","2766","","1","1","false","0-1-0","Shared","1","grid-template-columns: repeat(2, minmax(0, 1fr)) !important"
"590",".comparisonKpis","@media (max-width: 520px)","DashboardBaseStyles.html","2772","","1","1","false","0-1-0","Shared","1","grid-template-columns: 1fr !important"
"591",".comparisonKpi .value","@media (max-width: 520px)","DashboardBaseStyles.html","2776","","1","1","false","0-2-0","Shared","1","font-size: 19px !important"
"592",".grid","@media (max-width: 1250px)","DashboardBaseStyles.html","2788","","1","1","false","0-1-0","Shared","3","display: flex !important; flex-direction: column !important; gap: 8px !important"
"593",".areaRevenue","@media (max-width: 1250px)","DashboardBaseStyles.html","2794","","1","1","false","0-1-0","Shared","1","order: 1 !important"
"594",".areaCustomers","@media (max-width: 1250px)","DashboardBaseStyles.html","2795","","1","1","false","0-1-0","Shared","1","order: 2 !important"
"595",".areaUnits","@media (max-width: 1250px)","DashboardBaseStyles.html","2796","","1","1","false","0-1-0","Shared","1","order: 3 !important"
"596",".areaRpac","@media (max-width: 1250px)","DashboardBaseStyles.html","2797","","1","1","false","0-1-0","Shared","1","order: 4 !important"
"597",".areaAvg","@media (max-width: 1250px)","DashboardBaseStyles.html","2798","","1","1","false","0-1-0","Shared","1","order: 5 !important"
"598",".areaCustomerTable","@media (max-width: 1250px)","DashboardBaseStyles.html","2799","","1","1","false","0-1-0","Shared","1","order: 6 !important"
"599",".areaProductTable","@media (max-width: 1250px)","DashboardBaseStyles.html","2800","","1","1","false","0-1-0","Shared","1","order: 7 !important"
"600",".areaRevenue","@media (max-width: 900px)","DashboardBaseStyles.html","2804","","1","1","false","0-1-0","Shared","1","order: 1 !important"
"601",".areaCustomers","@media (max-width: 900px)","DashboardBaseStyles.html","2805","","1","1","false","0-1-0","Shared","1","order: 2 !important"
"602",".areaUnits","@media (max-width: 900px)","DashboardBaseStyles.html","2806","","1","1","false","0-1-0","Shared","1","order: 3 !important"
"603",".areaRpac","@media (max-width: 900px)","DashboardBaseStyles.html","2807","","1","1","false","0-1-0","Shared","1","order: 4 !important"
"604",".areaAvg","@media (max-width: 900px)","DashboardBaseStyles.html","2808","","1","1","false","0-1-0","Shared","1","order: 5 !important"
"605",".areaCustomerTable","@media (max-width: 900px)","DashboardBaseStyles.html","2809","","1","1","false","0-1-0","Shared","1","order: 6 !important"
"606",".areaProductTable","@media (max-width: 900px)","DashboardBaseStyles.html","2810","","1","1","false","0-1-0","Shared","1","order: 7 !important"
"607",".topBar.executiveTop","","DashboardBaseStyles.html","2815","","1","1","false","0-2-0","Shared","5","display: flex !important; flex-direction: column !important; gap: 6px !important; align-items: stretch !important; margin-bottom: 6px !important"
"608",".topBar.executiveTop .comparisonKpis","","DashboardBaseStyles.html","2823","","1","1","false","0-3-0","Shared","4","display: grid !important; grid-template-columns: repeat(5, minmax(132px, 1fr)) !important; gap: 6px !important; width: 100% !important"
"609",".topBar.executiveTop .comparisonKpi","","DashboardBaseStyles.html","2830","","1","1","false","0-3-0","Shared","4","min-height: 52px !important; padding: 6px 9px !important; border-radius: 7px !important; box-shadow: 0 1px 2px rgba(16, 24, 40, 0.08) !important"
"610",".topBar.executiveTop .comparisonKpi .label","","DashboardBaseStyles.html","2837","","1","1","false","0-4-0","Shared","3","font-size: 9px !important; letter-spacing: .04em !important; margin-bottom: 2px !important"
"611",".topBar.executiveTop .comparisonKpi .value","","DashboardBaseStyles.html","2843","","1","1","false","0-4-0","Shared","3","font-size: 17px !important; line-height: 1 !important; margin-bottom: 4px !important"
"612",".topBar.executiveTop .kpiSub","","DashboardBaseStyles.html","2849","","1","1","false","0-3-0","Shared","3","font-size: 10px !important; line-height: 1.05 !important; gap: 6px !important"
"613",".controlFilterRow","","DashboardBaseStyles.html","2855","","1","1","false","0-1-0","Shared","0","display: flex; align-items: center; gap: 8px; flex-wrap: nowrap; min-height: 33px; width: 100%"
"614",".controlButtonStrip","","DashboardBaseStyles.html","2864","","1","1","false","0-1-0","Shared","0","display: inline-flex; align-items: center; gap: 6px; flex: 0 0 auto; min-width: 0"
"615",".controlButtonStrip .segGroup","","DashboardBaseStyles.html","2872","","1","1","false","0-2-0","Shared","3","padding: 2px !important; border-radius: 7px !important; gap: 2px !important"
"616",".controlButtonStrip .segBtn","","DashboardBaseStyles.html","2878","","1","1","false","0-2-0","Shared","5","min-height: 29px !important; padding: 6px 10px !important; font-size: 12px !important; line-height: 1 !important; border-radius: 6px !important"
"617",".controlButtonStrip .resetBtn","","DashboardBaseStyles.html","2878","","1","1","false","0-2-0","Shared","5","min-height: 29px !important; padding: 6px 10px !important; font-size: 12px !important; line-height: 1 !important; border-radius: 6px !important"
"618",".controlFilterRow .chipRow","","DashboardBaseStyles.html","2887","","1","1","false","0-2-0","Shared","6","margin: 0 !important; min-height: 0 !important; flex: 1 1 auto; display: flex !important; align-items: center !important; gap: 5px !important; flex-wrap: nowrap !important; overflow-x: auto; overflow-y: hidden; padding-bottom: 1px; scrollbar-width: thin"
"619",".controlFilterRow .chip","","DashboardBaseStyles.html","2901","","1","1","false","0-2-0","Shared","3","flex: 0 0 auto; padding: 4px 8px !important; font-size: 11px !important; border-radius: 999px !important; max-width: 390px"
"620",".controlFilterRow .chip span:first-child","","DashboardBaseStyles.html","2909","","1","1","false","0-3-1","Shared","0","overflow: hidden; text-overflow: ellipsis; white-space: nowrap"
"621",".topBar.executiveTop .comparisonKpis","@media (max-width: 1180px)","DashboardBaseStyles.html","2916","","1","1","false","0-3-0","Shared","1","grid-template-columns: repeat(5, minmax(122px, 1fr)) !important"
"622",".topBar.executiveTop .comparisonKpi .value","@media (max-width: 1180px)","DashboardBaseStyles.html","2920","","1","1","false","0-4-0","Shared","1","font-size: 16px !important"
"623",".topBar.executiveTop .kpiSub","@media (max-width: 1180px)","DashboardBaseStyles.html","2924","","1","1","false","0-3-0","Shared","1","font-size: 9.5px !important"
"624",".topBar.executiveTop .comparisonKpis","@media (max-width: 900px)","DashboardBaseStyles.html","2930","","1","1","false","0-3-0","Shared","1","grid-template-columns: repeat(2, minmax(0, 1fr)) !important"
"625",".controlFilterRow","@media (max-width: 900px)","DashboardBaseStyles.html","2934","","1","1","false","0-1-0","Shared","0","flex-wrap: wrap"
"626",".controlButtonStrip","@media (max-width: 900px)","DashboardBaseStyles.html","2938","","1","1","false","0-1-0","Shared","0","width: 100%; overflow-x: auto; padding-bottom: 1px"
"627",".controlFilterRow .chipRow","@media (max-width: 900px)","DashboardBaseStyles.html","2944","","1","1","false","0-2-0","Shared","0","width: 100%; flex-basis: 100%"
"628",".topBar.executiveTop","","DashboardBaseStyles.html","2952","","1","1","false","0-2-0","Shared","1","gap: 7px !important"
"629",".topBar.executiveTop .comparisonKpis","","DashboardBaseStyles.html","2956","","1","1","false","0-3-0","Shared","2","grid-template-columns: 1.18fr repeat(4, 1fr) !important; gap: 8px !important"
"630",".topBar.executiveTop .comparisonKpi","","DashboardBaseStyles.html","2961","","1","1","false","0-3-0","Shared","8","min-height: 62px !important; padding: 8px 11px 7px !important; border: 1px solid #d8dde6 !important; border-radius: 7px !important; background: linear-gradient(180deg, #ffffff 0%, #fbfcfe 100%) !important; box-shadow: 0 1px 2px rgba(16, 24, 40, 0.08), 0 2px 5px rgba(16, 24, 40, 0.05) !important; position: relative !important; overflow: hidden !important"
"631",".topBar.executiveTop .comparisonKpi::before","","DashboardBaseStyles.html","2972","","1","1","false","0-3-1","Shared","9","display: block !important; content: '' !important; position: absolute !important; left: 0 !important; top: 0 !important; bottom: 0 !important; width: 3px !important; background: #263746 !important; opacity: .88 !important"
"632",".topBar.executiveTop .comparisonKpi .label","","DashboardBaseStyles.html","2984","","1","1","false","0-4-0","Shared","5","font-size: 9.5px !important; letter-spacing: .075em !important; font-weight: 800 !important; color: #667085 !important; margin-bottom: 3px !important"
"633",".topBar.executiveTop .comparisonKpi .value","","DashboardBaseStyles.html","2992","","1","1","false","0-4-0","Shared","6","font-size: 22px !important; line-height: .98 !important; font-weight: 800 !important; letter-spacing: -0.02em !important; color: #172033 !important; margin-bottom: 5px !important"
"634",".topBar.executiveTop .kpiSub","","DashboardBaseStyles.html","3001","","1","1","false","0-3-0","Shared","8","display: flex !important; align-items: center !important; justify-content: space-between !important; gap: 8px !important; font-size: 10.5px !important; line-height: 1.05 !important; color: #5f6b7a !important; white-space: nowrap !important"
"635",".topBar.executiveTop .kpiSub span:first-child","","DashboardBaseStyles.html","3012","","1","1","false","0-4-1","Shared","2","overflow: hidden !important; text-overflow: ellipsis !important"
"636",".topBar.executiveTop .kpiDelta","","DashboardBaseStyles.html","3017","","1","1","false","0-3-0","Shared","2","font-weight: 800 !important; text-align: right !important"
"637",".controlFilterRow","","DashboardBaseStyles.html","3022","","1","1","false","0-1-0","Shared","3","min-height: 36px !important; gap: 10px !important; padding: 1px 0 0 !important"
"638",".controlButtonStrip","","DashboardBaseStyles.html","3028","","1","1","false","0-1-0","Shared","1","gap: 7px !important"
"639",".controlButtonStrip .segGroup","","DashboardBaseStyles.html","3032","","1","1","false","0-2-0","Shared","5","border-radius: 8px !important; padding: 2px !important; border: 1px solid #bdc5d1 !important; background: #ffffff !important; box-shadow: 0 1px 2px rgba(16, 24, 40, 0.10) !important"
"640",".controlButtonStrip .segBtn","","DashboardBaseStyles.html","3040","","1","1","false","0-2-0","Shared","8","min-height: 30px !important; padding: 7px 12px !important; font-size: 12px !important; font-weight: 800 !important; border-radius: 6px !important; letter-spacing: 0 !important; color: #2f3a4a !important; background: #ffffff !important"
"641",".controlButtonStrip .resetBtn","","DashboardBaseStyles.html","3040","","1","1","false","0-2-0","Shared","8","min-height: 30px !important; padding: 7px 12px !important; font-size: 12px !important; font-weight: 800 !important; border-radius: 6px !important; letter-spacing: 0 !important; color: #2f3a4a !important; background: #ffffff !important"
"642",".controlButtonStrip .segBtn.active","","DashboardBaseStyles.html","3052","","1","1","false","0-3-0","Shared","3","background: #172033 !important; color: #ffffff !important; box-shadow: 0 1px 2px rgba(16, 24, 40, 0.18) !important"
"643",".controlButtonStrip .resetBtn","","DashboardBaseStyles.html","3058","","1","1","false","0-2-0","Shared","4","border: 1px solid #bdc5d1 !important; background: #ffffff !important; color: #344054 !important; box-shadow: 0 1px 2px rgba(16, 24, 40, 0.08) !important"
"644",".controlFilterRow .chipRow::before","","DashboardBaseStyles.html","3065","","1","1","false","0-2-1","Shared","0","content: 'Filters:'; flex: 0 0 auto; color: #697586; font-size: 11px; font-weight: 800; margin-right: 2px; text-transform: uppercase; letter-spacing: .04em"
"645",".controlFilterRow .chip","","DashboardBaseStyles.html","3076","","1","1","false","0-2-0","Shared","8","background: #f5f6f8 !important; border: 1px solid #d6dae1 !important; color: #344054 !important; border-radius: 999px !important; box-shadow: none !important; padding: 4px 8px !important; font-size: 11px !important; font-weight: 600 !important"
"646",".controlFilterRow .chip button","","DashboardBaseStyles.html","3087","","1","1","false","0-2-1","Shared","3","color: #667085 !important; font-size: 13px !important; line-height: 1 !important"
"647",".topBar.executiveTop .comparisonKpis","@media (max-width: 1180px)","DashboardBaseStyles.html","3094","","1","1","false","0-3-0","Shared","1","grid-template-columns: repeat(5, minmax(126px, 1fr)) !important"
"648",".topBar.executiveTop .comparisonKpi .value","@media (max-width: 1180px)","DashboardBaseStyles.html","3097","","1","1","false","0-4-0","Shared","1","font-size: 19px !important"
"649",".topBar.executiveTop .comparisonKpis","@media (max-width: 900px)","DashboardBaseStyles.html","3103","","1","1","false","0-3-0","Shared","1","grid-template-columns: repeat(2, minmax(0, 1fr)) !important"
"650",".topBar.executiveTop .comparisonKpi","@media (max-width: 900px)","DashboardBaseStyles.html","3106","","1","1","false","0-3-0","Shared","1","min-height: 58px !important"
"651",".controlFilterRow .chipRow::before","@media (max-width: 900px)","DashboardBaseStyles.html","3109","","1","1","false","0-2-1","Shared","1","display: none !important"
"652",".topBar.executiveTop .comparisonKpi::before","","DashboardBaseStyles.html","3117","","1","1","false","0-3-1","Shared","1","display: none !important"
"653",".topBar.executiveTop .comparisonKpi","","DashboardBaseStyles.html","3121","","1","1","false","0-3-0","Shared","1","padding-left: 12px !important"
"654",".controlFilterRow","","DashboardBaseStyles.html","3125","","1","1","false","0-1-0","Shared","4","display: grid !important; grid-template-columns: auto minmax(0, 1fr) !important; align-items: center !important; gap: 12px !important"
"655",".controlButtonStrip","","DashboardBaseStyles.html","3132","","1","1","false","0-1-0","Shared","1","justify-self: start !important"
"656",".controlFilterRow .chipRow","","DashboardBaseStyles.html","3136","","1","1","false","0-2-0","Shared","5","justify-self: end !important; justify-content: flex-end !important; margin-left: auto !important; width: 100% !important; text-align: right !important"
"657",".controlFilterRow .chipRow::before","","DashboardBaseStyles.html","3144","","1","1","false","0-2-1","Shared","1","margin-left: auto !important"
"658",".controlFilterRow","@media (max-width: 900px)","DashboardBaseStyles.html","3149","","1","1","false","0-1-0","Shared","2","grid-template-columns: 1fr !important; gap: 7px !important"
"659",".controlButtonStrip","@media (max-width: 900px)","DashboardBaseStyles.html","3153","","1","1","false","0-1-0","Shared","4","justify-self: stretch !important; justify-content: flex-start !important; text-align: left !important; margin-left: 0 !important"
"660",".controlFilterRow .chipRow","@media (max-width: 900px)","DashboardBaseStyles.html","3153","","1","1","false","0-2-0","Shared","4","justify-self: stretch !important; justify-content: flex-start !important; text-align: left !important; margin-left: 0 !important"
"661",".grid","@media (min-width: 1451px)","DashboardBaseStyles.html","3165","","1","1","false","0-1-0","Shared","3","grid-template-columns: minmax(460px, 1.42fr) minmax(460px, 1.42fr) minmax(420px, 0.98fr) !important; grid-template-rows: 340px 282px 282px !important; gap: 9px !important"
"662",".areaRevenue .chartBox","@media (min-width: 1451px)","DashboardBaseStyles.html","3171","","1","1","false","0-2-0","Shared","1","height: 294px !important"
"663",".areaCustomers .chartBox","@media (min-width: 1451px)","DashboardBaseStyles.html","3175","","1","1","false","0-2-0","Shared","1","height: 236px !important"
"664",".areaUnits .chartBox","@media (min-width: 1451px)","DashboardBaseStyles.html","3175","","1","1","false","0-2-0","Shared","1","height: 236px !important"
"665",".areaRpac .chartBox","@media (min-width: 1451px)","DashboardBaseStyles.html","3175","","1","1","false","0-2-0","Shared","1","height: 236px !important"
"666",".areaAvg .chartBox","@media (min-width: 1451px)","DashboardBaseStyles.html","3175","","1","1","false","0-2-0","Shared","1","height: 236px !important"
"667",".tableScroll","@media (min-width: 1451px)","DashboardBaseStyles.html","3182","","1","1","false","0-1-0","Shared","1","height: 294px !important"
"668",".areaProductTable .tableScroll","@media (min-width: 1451px)","DashboardBaseStyles.html","3186","","1","1","false","0-2-0","Shared","1","height: 589px !important"
"669",".grid","@media (max-width: 1450px) and (min-width: 901px)","DashboardBaseStyles.html","3192","","1","1","false","0-1-0","Shared","5","display: grid !important; grid-template-columns: minmax(0, 1fr) minmax(0, 1fr) !important; grid-template-rows: auto !important; gap: 9px !important; grid-template-areas: ""revenue revenue"" ""customers units"" ""rpac avg"" ""customerTable customerTable"" ""productTable productTable"" !important"
"670",".areaRevenue .chartBox","@media (max-width: 1450px) and (min-width: 901px)","DashboardBaseStyles.html","3205","","1","1","false","0-2-0","Shared","1","height: 320px !important"
"671",".areaCustomers .chartBox","@media (max-width: 1450px) and (min-width: 901px)","DashboardBaseStyles.html","3209","","1","1","false","0-2-0","Shared","1","height: 275px !important"
"672",".areaUnits .chartBox","@media (max-width: 1450px) and (min-width: 901px)","DashboardBaseStyles.html","3209","","1","1","false","0-2-0","Shared","1","height: 275px !important"
"673",".areaRpac .chartBox","@media (max-width: 1450px) and (min-width: 901px)","DashboardBaseStyles.html","3209","","1","1","false","0-2-0","Shared","1","height: 275px !important"
"674",".areaAvg .chartBox","@media (max-width: 1450px) and (min-width: 901px)","DashboardBaseStyles.html","3209","","1","1","false","0-2-0","Shared","1","height: 275px !important"
"675",".tableScroll","@media (max-width: 1450px) and (min-width: 901px)","DashboardBaseStyles.html","3216","","1","1","false","0-1-0","Shared","1","height: 340px !important"
"676",".areaProductTable .tableScroll","@media (max-width: 1450px) and (min-width: 901px)","DashboardBaseStyles.html","3216","","1","1","false","0-2-0","Shared","1","height: 340px !important"
"677",".card","","DashboardBaseStyles.html","3222","","1","1","false","0-1-0","Shared","1","padding: 10px 12px 9px !important"
"678",".cardHeader","","DashboardBaseStyles.html","3226","","1","1","false","0-1-0","Shared","2","min-height: 22px !important; margin-bottom: 2px !important"
"679",".chartTitle","","DashboardBaseStyles.html","3231","","1","1","false","0-1-0","Shared","1","line-height: 1.2 !important"
"680",".areaRevenue .chartBox","@media (max-width: 900px)","DashboardBaseStyles.html","3236","","1","1","false","0-2-0","Shared","1","height: 315px !important"
"681",".areaCustomers .chartBox","@media (max-width: 900px)","DashboardBaseStyles.html","3240","","1","1","false","0-2-0","Shared","1","height: 265px !important"
"682",".areaUnits .chartBox","@media (max-width: 900px)","DashboardBaseStyles.html","3240","","1","1","false","0-2-0","Shared","1","height: 265px !important"
"683",".areaRpac .chartBox","@media (max-width: 900px)","DashboardBaseStyles.html","3240","","1","1","false","0-2-0","Shared","1","height: 265px !important"
"684",".areaAvg .chartBox","@media (max-width: 900px)","DashboardBaseStyles.html","3240","","1","1","false","0-2-0","Shared","1","height: 265px !important"
"685",".chartBox","@media (max-width: 900px)","DashboardBaseStyles.html","3240","","1","1","false","0-1-0","Shared","1","height: 265px !important"
"686",".dropdownPanelHeader","","DashboardBaseStyles.html","3255","","1","1","false","0-1-0","Shared","6","display: flex !important; align-items: center !important; gap: 6px !important; padding: 6px 8px !important; min-height: 0 !important; flex-wrap: nowrap !important"
"687",".dropdownPanelHeader button","","DashboardBaseStyles.html","3264","","1","1","false","0-1-1","Shared","12","flex: 0 0 auto !important; min-width: 0 !important; height: 30px !important; line-height: 1 !important; padding: 0 10px !important; font-size: 12px !important; font-weight: 600 !important; white-space: nowrap !important; display: inline-flex !important; align-items: center !important; justify-content: center !important; border-radius: 5px !important"
"688",".dropdownCount","","DashboardBaseStyles.html","3279","","1","1","false","0-1-0","Shared","6","flex: 1 1 auto !important; text-align: right !important; font-size: 12px !important; min-width: 58px !important; margin-left: 4px !important; white-space: nowrap !important"
"689","#departmentDropdownPanel","","DashboardBaseStyles.html","3288","","1","1","false","1-0-0","Shared","1","min-width: 430px !important"
"690","#departmentDropdownPanel","@media (max-width: 560px)","DashboardBaseStyles.html","3293","","1","1","false","1-0-0","Shared","3","min-width: 0 !important; left: 8px !important; right: 8px !important"
"691",".productDropdownPanel","@media (max-width: 560px)","DashboardBaseStyles.html","3293","","1","1","false","0-1-0","Shared","3","min-width: 0 !important; left: 8px !important; right: 8px !important"
"692",".customerDropdownPanel","@media (max-width: 560px)","DashboardBaseStyles.html","3293","","1","1","false","0-1-0","Shared","3","min-width: 0 !important; left: 8px !important; right: 8px !important"
"693",".yearDropdownPanel","@media (max-width: 560px)","DashboardBaseStyles.html","3293","","1","1","false","0-1-0","Shared","3","min-width: 0 !important; left: 8px !important; right: 8px !important"
"694",".dropdownPanelHeader","@media (max-width: 560px)","DashboardBaseStyles.html","3302","","1","1","false","0-1-0","Shared","1","flex-wrap: wrap !important"
"695",".dropdownPanelHeader button","@media (max-width: 560px)","DashboardBaseStyles.html","3306","","1","1","false","0-1-1","Shared","3","height: 28px !important; padding: 0 8px !important; font-size: 11px !important"
"696",".overviewTwoShell","","DashboardBaseStyles.html","3315","","1","1","false","0-1-0","Overview","0","max-width: 1920px; margin: 0 auto; display: grid; grid-template-columns: 220px minmax(520px, 1.05fr) minmax(520px, .98fr); gap: 8px; align-items: start"
"697",".o2TopControls","","DashboardBaseStyles.html","3323","","1","1","false","0-1-0","Overview","0","grid-column: 1 / -1; display: flex; align-items: center; gap: 8px; min-height: 38px"
"698",".o2TopControls .segBtn","","DashboardBaseStyles.html","3330","","1","1","false","0-2-0","Overview","0","height: 34px"
"699",".o2TopControls .resetBtn","","DashboardBaseStyles.html","3330","","1","1","false","0-2-0","Overview","0","height: 34px"
"700",".o2LeftRail","","DashboardBaseStyles.html","3332","","1","1","false","0-1-0","Overview","0","display: flex; flex-direction: column; gap: 8px; min-width: 0"
"701",".o2MainPane","","DashboardBaseStyles.html","3332","","1","1","false","0-1-0","Overview","0","display: flex; flex-direction: column; gap: 8px; min-width: 0"
"702",".o2RightPane","","DashboardBaseStyles.html","3332","","1","1","false","0-1-0","Overview","0","display: flex; flex-direction: column; gap: 8px; min-width: 0"
"703",".o2Summary","","DashboardBaseStyles.html","3340","","1","1","false","0-1-0","Overview","0","display: grid; grid-template-columns: repeat(5, minmax(88px, auto)) 1fr 260px; gap: 14px; align-items: start; padding: 2px 4px 4px"
"704",".o2Score .label","","DashboardBaseStyles.html","3347","","1","1","false","0-2-0","Overview","0","color: #7b8491; font-size: 11px; line-height: 1.1; letter-spacing: .02em"
"705",".o2Score .value","","DashboardBaseStyles.html","3353","","1","1","false","0-2-0","Overview","0","font-size: 26px; line-height: 1.05; color: #3f3f46; white-space: nowrap"
"706",".o2Score .sub","","DashboardBaseStyles.html","3359","","1","1","false","0-2-0","Overview","0","font-size: 11px; color: #e52520; margin-left: 3px"
"707",".o2YearScoreBox","","DashboardBaseStyles.html","3364","","1","1","false","0-1-0","Overview","0","background: #fff; display: grid; grid-template-columns: repeat(3, 1fr); width: 250px; padding: 8px 6px; align-self: center; justify-self: end"
"708",".o2YearScoreBox .cell","","DashboardBaseStyles.html","3373","","1","1","false","0-2-0","Overview","0","text-align: center; font-weight: 700"
"709",".o2YearScoreBox .amount","","DashboardBaseStyles.html","3374","","1","1","false","0-2-0","Overview","0","font-size: 14px; color: #111827"
"710",".o2YearScoreBox .pct","","DashboardBaseStyles.html","3375","","1","1","false","0-2-0","Overview","0","color: #e52520; font-size: 13px; margin-top: 12px"
"711",".o2YearScoreBox .year","","DashboardBaseStyles.html","3376","","1","1","false","0-2-0","Overview","0","font-size: 20px; color: #3f3f46; margin-top: 12px"
"712",".o2RailBox","","DashboardBaseStyles.html","3377","","1","1","false","0-1-0","Overview","0","background: #fff; border: 1px solid #d7dce2; border-radius: 5px; box-shadow: 0 1px 4px rgba(20, 32, 42, .18); overflow: hidden; min-width: 0"
"713",".o2Card","","DashboardBaseStyles.html","3377","","1","1","false","0-1-0","Overview","0","background: #fff; border: 1px solid #d7dce2; border-radius: 5px; box-shadow: 0 1px 4px rgba(20, 32, 42, .18); overflow: hidden; min-width: 0"
"714",".o2RailHeader","","DashboardBaseStyles.html","3386","","1","1","false","0-1-0","Overview","0","background: #000; color: #fff; font-weight: 800; padding: 7px 9px; display: flex; justify-content: space-between; align-items: center"
"715",".o2RailBody","","DashboardBaseStyles.html","3395","","1","1","false","0-1-0","Overview","0","padding: 7px; max-height: 440px; overflow: auto"
"716",".o2RailRow","","DashboardBaseStyles.html","3396","","1","1","false","0-1-0","Overview","0","display: grid; grid-template-columns: 22px 1fr auto; gap: 6px; align-items: center; padding: 7px 4px; color: #4b5563; border-radius: 4px"
"717",".o2RailRow:hover","","DashboardBaseStyles.html","3405","","1","1","false","0-2-0","Overview","0","background: #f3f5f7"
"718",".o2RailRow input","","DashboardBaseStyles.html","3406","","1","1","false","0-1-1","Overview","0","width: 17px; height: 17px; accent-color: #4b5960"
"719",".o2RailRow .val","","DashboardBaseStyles.html","3407","","1","1","false","0-2-0","Overview","0","font-size: 12px; color: #4b5563"
"720",".o2DropBox","","DashboardBaseStyles.html","3408","","1","1","false","0-1-0","Overview","0","background: white; border: 1px solid #d7dce2; border-radius: 4px; min-height: 54px; padding: 0 10px; display: flex; align-items: center; justify-content: space-between; color: #4b5563; box-shadow: 0 1px 4px rgba(20, 32, 42, .12)"
"721",".o2SparkCard","","DashboardBaseStyles.html","3420","","1","1","false","0-1-0","Overview","0","height: 92px; background: transparent; box-shadow: none; border: 0"
"722",".o2SparkBox","","DashboardBaseStyles.html","3421","","1","1","false","0-1-0","Overview","0","position: relative; height: 88px"
"723",".o2ChartCard","","DashboardBaseStyles.html","3422","","1","1","false","0-1-0","Overview","0","padding: 8px"
"724",".o2ChartHeader","","DashboardBaseStyles.html","3423","","1","1","false","0-1-0","Overview","0","font-weight: 800; margin-bottom: 2px"
"725",".o2ChartBox","","DashboardBaseStyles.html","3424","","1","1","false","0-1-0","Overview","0","position: relative; height: 288px"
"726",".o2TableWrap","","DashboardBaseStyles.html","3425","","1","1","false","0-1-0","Overview","0","overflow: auto; max-height: 305px"
"727",".o2TableWrap.tall","","DashboardBaseStyles.html","3426","","1","1","false","0-2-0","Overview","0","max-height: 385px"
"728",".o2Card table","","DashboardBaseStyles.html","3427","","1","1","false","0-1-1","Overview","0","width: 100%; border-collapse: collapse; font-size: 12px"
"729",".o2Card th","","DashboardBaseStyles.html","3428","","1","1","false","0-1-1","Overview","0","position: sticky; top: 0; background: #203038; color: #fff; text-align: left; padding: 6px 8px; white-space: nowrap; z-index: 1"
"730",".o2Card th.num","","DashboardBaseStyles.html","3438","","1","1","false","0-2-1","Overview","0","text-align: right"
"731",".o2Card td.num","","DashboardBaseStyles.html","3438","","1","1","false","0-2-1","Overview","0","text-align: right"
"732",".o2Card td","","DashboardBaseStyles.html","3439","","1","1","false","0-1-1","Overview","0","padding: 6px 8px; border: 1px solid #e5e7eb; white-space: nowrap"
"733",".o2Card tbody tr:nth-child(even) td","","DashboardBaseStyles.html","3440","","1","1","false","0-2-3","Overview","0","background: #fafafa"
"734",".o2Card tfoot td","","DashboardBaseStyles.html","3441","","1","1","false","0-1-2","Overview","0","font-weight: 800; background: #fff; position: sticky; bottom: 0"
"735",".o2Negative","","DashboardBaseStyles.html","3442","","1","1","false","0-1-0","Overview","0","color: #e52520; font-weight: 600"
"736",".o2Positive","","DashboardBaseStyles.html","3443","","1","1","false","0-1-0","Overview","0","color: #168a43; font-weight: 600"
"737",".o2Truncate","","DashboardBaseStyles.html","3444","","1","1","false","0-1-0","Overview","0","max-width: 310px; overflow: hidden; text-overflow: ellipsis"
"738",".overviewTwoShell","@media (max-width: 1250px)","DashboardBaseStyles.html","3446","","1","1","false","0-1-0","Overview","0","grid-template-columns: 200px 1fr"
"739",".o2RightPane","@media (max-width: 1250px)","DashboardBaseStyles.html","3447","","1","1","false","0-1-0","Overview","0","grid-column: 1 / -1"
"740",".o2Summary","@media (max-width: 1250px)","DashboardBaseStyles.html","3448","","1","1","false","0-1-0","Overview","0","grid-template-columns: repeat(5, auto)"
"741",".o2YearScoreBox","@media (max-width: 1250px)","DashboardBaseStyles.html","3449","","1","1","false","0-1-0","Overview","0","display: none"
"742",".overviewTwoShell","@media (max-width: 820px)","DashboardBaseStyles.html","3452","","1","1","false","0-1-0","Overview","0","display: block; padding: 0"
"743",".o2TopControls","@media (max-width: 820px)","DashboardBaseStyles.html","3453","","1","1","false","0-1-0","Overview","0","margin-bottom: 8px"
"744",".o2LeftRail","@media (max-width: 820px)","DashboardBaseStyles.html","3453","","1","1","false","0-1-0","Overview","0","margin-bottom: 8px"
"745",".o2MainPane","@media (max-width: 820px)","DashboardBaseStyles.html","3453","","1","1","false","0-1-0","Overview","0","margin-bottom: 8px"
"746",".o2RightPane","@media (max-width: 820px)","DashboardBaseStyles.html","3453","","1","1","false","0-1-0","Overview","0","margin-bottom: 8px"
"747",".o2LeftRail","@media (max-width: 820px)","DashboardBaseStyles.html","3454","","1","1","false","0-1-0","Overview","0","display: none"
"748",".o2Summary","@media (max-width: 820px)","DashboardBaseStyles.html","3455","","1","1","false","0-1-0","Overview","0","grid-template-columns: repeat(2, 1fr); gap: 8px"
"749",".o2Score .value","@media (max-width: 820px)","DashboardBaseStyles.html","3456","","1","1","false","0-2-0","Overview","0","font-size: 22px"
"750",".o2ChartBox","@media (max-width: 820px)","DashboardBaseStyles.html","3457","","1","1","false","0-1-0","Overview","0","height: 250px"
"751",".o2TableWrap","@media (max-width: 820px)","DashboardBaseStyles.html","3458","","1","1","false","0-1-0","Overview","0","max-height: 320px"
"752",".o2TableWrap.tall","@media (max-width: 820px)","DashboardBaseStyles.html","3458","","1","1","false","0-2-0","Overview","0","max-height: 320px"
"753","#overviewOne.tabPage","","DashboardBaseStyles.html","3466","","1","1","false","1-1-0","Overview","2","padding: 6px 8px 12px !important; background: #ebe9ed !important"
"754","#overviewOne .dashboardShell","","DashboardBaseStyles.html","3471","","1","1","false","1-1-0","Overview","8","width: 100% !important; max-width: 1900px !important; margin: 0 auto !important; padding: 10px 12px 8px !important; background: #ebe9ed !important; border: 0 !important; border-radius: 0 !important; box-shadow: none !important"
"755","#overviewOne .topBar.executiveTop","","DashboardBaseStyles.html","3482","","1","1","false","1-2-0","Overview","5","display: flex !important; flex-direction: column !important; gap: 8px !important; margin: 0 0 8px !important; align-items: stretch !important"
"756","#overviewOne .topBar.executiveTop .comparisonKpis","","DashboardBaseStyles.html","3490","","1","1","false","1-3-0","Overview","4","display: grid !important; grid-template-columns: 1.18fr repeat(4, minmax(158px, 1fr)) !important; gap: 8px !important; width: 100% !important"
"757","#overviewOne .topBar.executiveTop .comparisonKpi","","DashboardBaseStyles.html","3497","","1","1","false","1-3-0","Overview","7","min-height: 62px !important; padding: 8px 11px 7px !important; background: #ffffff !important; border: 1px solid #d7dce2 !important; border-radius: 6px !important; box-shadow: 0 1px 3px rgba(20, 32, 42, .14) !important; overflow: hidden !important"
"758","#overviewOne .topBar.executiveTop .comparisonKpi::before","","DashboardBaseStyles.html","3507","","1","1","false","1-3-1","Overview","1","display: none !important"
"759","#overviewOne .topBar.executiveTop .comparisonKpi .label","","DashboardBaseStyles.html","3511","","1","1","false","1-4-0","Overview","6","margin-bottom: 3px !important; color: #667085 !important; font-size: 9.5px !important; font-weight: 800 !important; letter-spacing: .055em !important; text-transform: uppercase !important"
"760","#overviewOne .topBar.executiveTop .comparisonKpi .value","","DashboardBaseStyles.html","3520","","1","1","false","1-4-0","Overview","7","margin-bottom: 5px !important; color: #172033 !important; font-size: 22px !important; font-weight: 850 !important; letter-spacing: -.02em !important; line-height: 1 !important; white-space: nowrap !important"
"761","#overviewOne .topBar.executiveTop .kpiSub","","DashboardBaseStyles.html","3530","","1","1","false","1-3-0","Overview","9","display: flex !important; justify-content: space-between !important; align-items: center !important; gap: 8px !important; color: #5f6b7a !important; font-size: 10.5px !important; font-weight: 700 !important; line-height: 1.05 !important; white-space: nowrap !important"
"762","#overviewOne .topBar.executiveTop .kpiDelta.good","","DashboardBaseStyles.html","3542","","1","1","false","1-4-0","Overview","1","color: #067647 !important"
"763","#overviewOne .positive","","DashboardBaseStyles.html","3542","","1","1","false","1-1-0","Overview","1","color: #067647 !important"
"764","#overviewOne .topBar.executiveTop .kpiDelta.bad","","DashboardBaseStyles.html","3547","","1","1","false","1-4-0","Overview","1","color: #b42318 !important"
"765","#overviewOne .negative","","DashboardBaseStyles.html","3547","","1","1","false","1-1-0","Overview","1","color: #b42318 !important"
"766","#overviewOne .controlFilterRow","","DashboardBaseStyles.html","3552","","1","1","false","1-1-0","Overview","6","display: grid !important; grid-template-columns: auto minmax(0, 1fr) !important; align-items: center !important; gap: 12px !important; min-height: 34px !important; padding: 0 !important"
"767","#overviewOne .controlButtonStrip","","DashboardBaseStyles.html","3561","","1","1","false","1-1-0","Overview","5","display: inline-flex !important; align-items: center !important; gap: 7px !important; justify-self: start !important; flex: 0 0 auto !important"
"768","#overviewOne .controlButtonStrip .segGroup","","DashboardBaseStyles.html","3569","","1","1","false","1-2-0","Overview","5","border: 1px solid #c8cdd5 !important; border-radius: 5px !important; padding: 0 !important; overflow: hidden !important; box-shadow: none !important"
"769","#overviewOne .controlButtonStrip .segBtn","","DashboardBaseStyles.html","3577","","1","1","false","1-2-0","Overview","9","min-height: 30px !important; padding: 7px 12px !important; border-radius: 0 !important; font-size: 12px !important; font-weight: 800 !important; line-height: 1 !important; background: #ffffff !important; color: #344054 !important; box-shadow: none !important"
"770","#overviewOne .controlButtonStrip .resetBtn","","DashboardBaseStyles.html","3577","","1","1","false","1-2-0","Overview","9","min-height: 30px !important; padding: 7px 12px !important; border-radius: 0 !important; font-size: 12px !important; font-weight: 800 !important; line-height: 1 !important; background: #ffffff !important; color: #344054 !important; box-shadow: none !important"
"771","#overviewOne .controlButtonStrip .segBtn.active","","DashboardBaseStyles.html","3590","","1","1","false","1-3-0","Overview","2","background: #172033 !important; color: #ffffff !important"
"772","#overviewOne .controlButtonStrip .resetBtn","","DashboardBaseStyles.html","3595","","1","1","false","1-2-0","Overview","2","border: 1px solid #c8cdd5 !important; border-radius: 5px !important"
"773","#overviewOne .controlFilterRow .chipRow","","DashboardBaseStyles.html","3600","","1","1","false","1-2-0","Overview","9","justify-content: flex-end !important; align-items: center !important; gap: 5px !important; margin: 0 !important; min-height: 0 !important; overflow-x: auto !important; overflow-y: hidden !important; flex-wrap: nowrap !important; scrollbar-width: thin !important"
"774","#overviewOne .controlFilterRow .chipRow::before","","DashboardBaseStyles.html","3612","","1","1","false","1-2-1","Overview","9","content: 'Filters:' !important; flex: 0 0 auto !important; margin-left: auto !important; margin-right: 3px !important; color: #667085 !important; font-size: 11px !important; font-weight: 800 !important; letter-spacing: .04em !important; text-transform: uppercase !important"
"775","#overviewOne .controlFilterRow .chip","","DashboardBaseStyles.html","3624","","1","1","false","1-2-0","Overview","10","flex: 0 0 auto !important; max-width: 360px !important; padding: 4px 8px !important; background: #f7f8fa !important; border: 1px solid #d8dce3 !important; border-radius: 999px !important; color: #344054 !important; box-shadow: none !important; font-size: 11px !important; font-weight: 700 !important"
"776","#overviewOne .controlFilterRow .chip button","","DashboardBaseStyles.html","3637","","1","1","false","1-2-1","Overview","1","display: none !important"
"777","#overviewOne .filterDeck.dropdownDeck","","DashboardBaseStyles.html","3641","","1","1","false","1-2-0","Overview","7","display: grid !important; grid-template-columns: minmax(250px, .8fr) minmax(280px, 1.08fr) minmax(300px, 1.2fr) minmax(200px, .66fr) !important; gap: 8px !important; margin: 0 0 8px !important; align-items: stretch !important; position: relative !important; z-index: 20 !important"
"778","#overviewOne .filterCard","","DashboardBaseStyles.html","3651","","1","1","false","1-1-0","Overview","6","min-height: 62px !important; background: #ffffff !important; border: 1px solid #d7dce2 !important; border-radius: 5px !important; box-shadow: 0 1px 2px rgba(20, 32, 42, .10) !important; overflow: visible !important"
"779","#overviewOne .miniLabel","","DashboardBaseStyles.html","3660","","1","1","false","1-1-0","Overview","6","padding: 8px 10px 0 !important; color: #5f6368 !important; font-size: 10px !important; font-weight: 800 !important; letter-spacing: .045em !important; text-transform: uppercase !important"
"780","#overviewOne .dropdownButton","","DashboardBaseStyles.html","3669","","1","1","false","1-1-0","Overview","7","border: 1px solid #d5dae2 !important; border-radius: 4px !important; background: #ffffff !important; color: #202124 !important; box-shadow: none !important; font-size: 12px !important; font-weight: 400 !important"
"781","#overviewOne select","","DashboardBaseStyles.html","3669","","1","1","false","1-0-1","Overview","7","border: 1px solid #d5dae2 !important; border-radius: 4px !important; background: #ffffff !important; color: #202124 !important; box-shadow: none !important; font-size: 12px !important; font-weight: 400 !important"
"782","#overviewOne input[type=""text""]","","DashboardBaseStyles.html","3669","","1","1","false","1-1-1","Overview","7","border: 1px solid #d5dae2 !important; border-radius: 4px !important; background: #ffffff !important; color: #202124 !important; box-shadow: none !important; font-size: 12px !important; font-weight: 400 !important"
"783","#overviewOne .dropdownButton","","DashboardBaseStyles.html","3681","","1","1","false","1-1-0","Overview","4","width: calc(100% - 16px) !important; height: 32px !important; margin: 7px 8px 8px !important; padding: 7px 9px !important"
"784","#overviewOne .dropdownPanel","","DashboardBaseStyles.html","3688","","1","1","false","1-1-0","Overview","4","top: 60px !important; border-radius: 5px !important; border-color: #cfd6df !important; box-shadow: 0 10px 24px rgba(16, 24, 40, .20) !important"
"785","#overviewOne .dropdownPanelHeader","","DashboardBaseStyles.html","3695","","1","1","false","1-1-0","Overview","1","padding: 6px 8px !important"
"786","#overviewOne .dropdownPanelHeader button","","DashboardBaseStyles.html","3699","","1","1","false","1-1-1","Overview","4","height: 28px !important; padding: 0 9px !important; border-radius: 4px !important; font-size: 11px !important"
"787","#overviewOne .grid","","DashboardBaseStyles.html","3706","","1","1","false","1-1-0","Overview","6","display: grid !important; grid-template-columns: minmax(470px, 1.33fr) minmax(470px, 1.33fr) minmax(505px, .98fr) !important; grid-template-rows: 326px 258px 258px !important; grid-template-areas: ""revenue revenue customerTable"" ""customers units productTable"" ""rpac avg productTable"" !important; gap: 8px !important; align-items: stretch !important"
"788","#overviewOne .card","","DashboardBaseStyles.html","3718","","1","1","false","1-1-0","Overview","8","background: #ffffff !important; border: 1px solid #d7dce2 !important; border-radius: 5px !important; box-shadow: 0 1px 3px rgba(20, 32, 42, .14) !important; padding: 8px !important; min-width: 0 !important; min-height: 0 !important; overflow: hidden !important"
"789","#overviewOne .areaRevenue","","DashboardBaseStyles.html","3729","","1","1","false","1-1-0","Overview","1","border-top: 0 !important"
"790","#overviewOne .areaCustomers","","DashboardBaseStyles.html","3729","","1","1","false","1-1-0","Overview","1","border-top: 0 !important"
"791","#overviewOne .areaUnits","","DashboardBaseStyles.html","3729","","1","1","false","1-1-0","Overview","1","border-top: 0 !important"
"792","#overviewOne .areaRpac","","DashboardBaseStyles.html","3729","","1","1","false","1-1-0","Overview","1","border-top: 0 !important"
"793","#overviewOne .areaAvg","","DashboardBaseStyles.html","3729","","1","1","false","1-1-0","Overview","1","border-top: 0 !important"
"794","#overviewOne .areaCustomerTable","","DashboardBaseStyles.html","3729","","1","1","false","1-1-0","Overview","1","border-top: 0 !important"
"795","#overviewOne .areaProductTable","","DashboardBaseStyles.html","3729","","1","1","false","1-1-0","Overview","1","border-top: 0 !important"
"796","#overviewOne .areaRevenue","","DashboardBaseStyles.html","3739","","1","1","false","1-1-0","Overview","3","border-radius: 5px !important; padding: 8px !important; box-shadow: 0 1px 3px rgba(20, 32, 42, .14) !important"
"797","#overviewOne .cardHeader","","DashboardBaseStyles.html","3745","","1","1","false","1-1-0","Overview","3","min-height: 20px !important; margin-bottom: 3px !important; gap: 6px !important"
"798","#overviewOne .chartTitle","","DashboardBaseStyles.html","3751","","1","1","false","1-1-0","Overview","4","color: #202124 !important; font-size: 12px !important; font-weight: 800 !important; line-height: 1.1 !important"
"799","#overviewOne .componentMenuBtn","","DashboardBaseStyles.html","3758","","1","1","false","1-1-0","Overview","4","width: 22px !important; height: 22px !important; font-size: 16px !important; color: #475467 !important"
"800","#overviewOne .chartBox","","DashboardBaseStyles.html","3765","","1","1","false","1-1-0","Overview","3","height: calc(100% - 23px) !important; min-height: 0 !important; padding-top: 0 !important"
"801","#overviewOne .areaRevenue .chartBox","","DashboardBaseStyles.html","3771","","1","1","false","1-2-0","Overview","2","height: calc(100% - 23px) !important; padding-top: 0 !important"
"802","#overviewOne .card canvas","","DashboardBaseStyles.html","3776","","1","1","false","1-1-1","Overview","4","display: block !important; width: 100% !important; height: 100% !important; border-radius: 0 !important"
"803","#overviewOne .areaCustomerTable","","DashboardBaseStyles.html","3783","","1","1","false","1-1-0","Overview","4","display: flex !important; flex-direction: column !important; padding: 0 !important; overflow: hidden !important"
"804","#overviewOne .areaProductTable","","DashboardBaseStyles.html","3783","","1","1","false","1-1-0","Overview","4","display: flex !important; flex-direction: column !important; padding: 0 !important; overflow: hidden !important"
"805","#overviewOne .areaCustomerTable .cardHeader","","DashboardBaseStyles.html","3791","","1","1","false","1-2-0","Overview","5","min-height: 28px !important; margin: 0 !important; padding: 5px 7px !important; border-bottom: 1px solid #d7dce2 !important; flex: 0 0 auto !important"
"806","#overviewOne .areaProductTable .cardHeader","","DashboardBaseStyles.html","3791","","1","1","false","1-2-0","Overview","5","min-height: 28px !important; margin: 0 !important; padding: 5px 7px !important; border-bottom: 1px solid #d7dce2 !important; flex: 0 0 auto !important"
"807","#overviewOne .areaCustomerTable .tableScroll","","DashboardBaseStyles.html","3800","","1","1","false","1-2-0","Overview","9","flex: 1 1 auto !important; height: auto !important; min-height: 0 !important; max-height: none !important; border-top: 0 !important; overflow-y: auto !important; overflow-x: auto !important; padding-bottom: 0 !important; scrollbar-gutter: stable both-edges !important"
"808","#overviewOne .areaProductTable .tableScroll","","DashboardBaseStyles.html","3800","","1","1","false","1-2-0","Overview","9","flex: 1 1 auto !important; height: auto !important; min-height: 0 !important; max-height: none !important; border-top: 0 !important; overflow-y: auto !important; overflow-x: auto !important; padding-bottom: 0 !important; scrollbar-gutter: stable both-edges !important"
"809","#overviewOne .areaCustomerTable table","","DashboardBaseStyles.html","3813","","1","1","false","1-1-1","Overview","1","min-width: 650px !important"
"810","#overviewOne .areaProductTable table","","DashboardBaseStyles.html","3817","","1","1","false","1-1-1","Overview","1","min-width: 720px !important"
"811","#overviewOne table","","DashboardBaseStyles.html","3821","","1","1","false","1-0-1","Overview","3","border-collapse: collapse !important; font-size: 11px !important; line-height: 1.15 !important"
"812","#overviewOne th","","DashboardBaseStyles.html","3827","","1","1","false","1-0-1","Overview","7","background: #203038 !important; border: 1px solid #34454f !important; color: #ffffff !important; padding: 5px 6px !important; font-weight: 700 !important; line-height: 1.1 !important; white-space: nowrap !important"
"813","#overviewOne td","","DashboardBaseStyles.html","3837","","1","1","false","1-0-1","Overview","6","padding: 5px 6px !important; border: 1px solid #e5e7eb !important; color: #3c4043 !important; background: #ffffff !important; line-height: 1.18 !important; white-space: nowrap !important"
"814","#overviewOne tr:nth-child(even) td","","DashboardBaseStyles.html","3846","","1","1","false","1-1-2","Overview","1","background: #fafafa !important"
"815","#overviewOne .tableToggles","","DashboardBaseStyles.html","3850","","1","1","false","1-1-0","Overview","4","gap: 1px !important; padding: 1px !important; background: #f1f3f4 !important; border-radius: 5px !important"
"816","#overviewOne .tinyBtn","","DashboardBaseStyles.html","3857","","1","1","false","1-1-0","Overview","4","padding: 3px 6px !important; border-radius: 4px !important; font-size: 10px !important; line-height: 1 !important"
"817","#overviewOne .tinyBtn.active","","DashboardBaseStyles.html","3864","","1","1","false","1-2-0","Overview","3","background: #ffffff !important; color: #202124 !important; box-shadow: 0 1px 2px rgba(20, 32, 42, .12) !important"
"818","#overviewOne .footer","","DashboardBaseStyles.html","3870","","1","1","false","1-1-0","Overview","3","margin-top: 5px !important; color: #667085 !important; font-size: 10.5px !important"
"819","#overviewOne .areaCustomers .chartBox","","DashboardBaseStyles.html","3883","","1","1","false","1-2-0","Overview","1","min-height: 252px !important"
"820","#overviewOne .areaUnits .chartBox","","DashboardBaseStyles.html","3883","","1","1","false","1-2-0","Overview","1","min-height: 252px !important"
"821","#overviewOne .areaRpac .chartBox","","DashboardBaseStyles.html","3883","","1","1","false","1-2-0","Overview","1","min-height: 252px !important"
"822","#overviewOne .areaAvg .chartBox","","DashboardBaseStyles.html","3883","","1","1","false","1-2-0","Overview","1","min-height: 252px !important"
"823","#overviewOne .areaCustomers","","DashboardBaseStyles.html","3890","","1","1","false","1-1-0","Overview","1","min-height: 300px !important"
"824","#overviewOne .areaUnits","","DashboardBaseStyles.html","3890","","1","1","false","1-1-0","Overview","1","min-height: 300px !important"
"825","#overviewOne .areaRpac","","DashboardBaseStyles.html","3890","","1","1","false","1-1-0","Overview","1","min-height: 300px !important"
"826","#overviewOne .areaAvg","","DashboardBaseStyles.html","3890","","1","1","false","1-1-0","Overview","1","min-height: 300px !important"
"827","#overviewOne .topBar.executiveTop .comparisonKpis","@media (max-width: 1500px) and (min-width: 901px)","DashboardBaseStyles.html","3897","","1","1","false","1-3-0","Overview","1","grid-template-columns: repeat(5, minmax(130px, 1fr)) !important"
"828","#overviewOne .grid","@media (max-width: 1500px) and (min-width: 901px)","DashboardBaseStyles.html","3901","","1","1","false","1-1-0","Overview","4","grid-template-columns: minmax(0, 1fr) minmax(0, 1fr) !important; grid-template-rows: auto !important; grid-template-areas: ""revenue revenue"" ""customers units"" ""rpac avg"" ""customerTable customerTable"" ""productTable productTable"" !important; gap: 8px !important"
"829","#overviewOne .areaRevenue","@media (max-width: 1500px) and (min-width: 901px)","DashboardBaseStyles.html","3913","","1","1","false","1-1-0","Overview","1","height: 330px !important"
"830","#overviewOne .areaCustomers","@media (max-width: 1500px) and (min-width: 901px)","DashboardBaseStyles.html","3917","","1","1","false","1-1-0","Overview","1","height: 265px !important"
"831","#overviewOne .areaUnits","@media (max-width: 1500px) and (min-width: 901px)","DashboardBaseStyles.html","3917","","1","1","false","1-1-0","Overview","1","height: 265px !important"
"832","#overviewOne .areaRpac","@media (max-width: 1500px) and (min-width: 901px)","DashboardBaseStyles.html","3917","","1","1","false","1-1-0","Overview","1","height: 265px !important"
"833","#overviewOne .areaAvg","@media (max-width: 1500px) and (min-width: 901px)","DashboardBaseStyles.html","3917","","1","1","false","1-1-0","Overview","1","height: 265px !important"
"834","#overviewOne .areaCustomerTable","@media (max-width: 1500px) and (min-width: 901px)","DashboardBaseStyles.html","3924","","1","1","false","1-1-0","Overview","1","height: 355px !important"
"835","#overviewOne .areaProductTable","@media (max-width: 1500px) and (min-width: 901px)","DashboardBaseStyles.html","3924","","1","1","false","1-1-0","Overview","1","height: 355px !important"
"836","#overviewOne .filterDeck.dropdownDeck","@media (max-width: 1120px) and (min-width: 901px)","DashboardBaseStyles.html","3931","","1","1","false","1-2-0","Overview","1","grid-template-columns: 1fr 1fr !important"
"837","#overviewOne .dashboardShell","@media (max-width: 900px)","DashboardBaseStyles.html","3937","","1","1","false","1-1-0","Overview","1","padding: 6px !important"
"838","#overviewOne .topBar.executiveTop .comparisonKpis","@media (max-width: 900px)","DashboardBaseStyles.html","3941","","1","1","false","1-3-0","Overview","2","grid-template-columns: repeat(2, minmax(0, 1fr)) !important; gap: 6px !important"
"839","#overviewOne .topBar.executiveTop .comparisonKpi","@media (max-width: 900px)","DashboardBaseStyles.html","3946","","1","1","false","1-3-0","Overview","1","min-height: 58px !important"
"840","#overviewOne .controlFilterRow","@media (max-width: 900px)","DashboardBaseStyles.html","3950","","1","1","false","1-1-0","Overview","2","grid-template-columns: 1fr !important; gap: 6px !important"
"841","#overviewOne .controlButtonStrip","@media (max-width: 900px)","DashboardBaseStyles.html","3955","","1","1","false","1-1-0","Overview","2","width: 100% !important; overflow-x: auto !important"
"842","#overviewOne .controlFilterRow .chipRow","@media (max-width: 900px)","DashboardBaseStyles.html","3960","","1","1","false","1-2-0","Overview","1","justify-content: flex-start !important"
"843","#overviewOne .controlFilterRow .chipRow::before","@media (max-width: 900px)","DashboardBaseStyles.html","3964","","1","1","false","1-2-1","Overview","1","display: none !important"
"844","#overviewOne .filterDeck.dropdownDeck","@media (max-width: 900px)","DashboardBaseStyles.html","3968","","1","1","false","1-2-0","Overview","3","display: flex !important; flex-direction: column !important; gap: 7px !important"
"845","#overviewOne .grid","@media (max-width: 900px)","DashboardBaseStyles.html","3968","","1","1","false","1-1-0","Overview","3","display: flex !important; flex-direction: column !important; gap: 7px !important"
"846","#overviewOne .areaRevenue","@media (max-width: 900px)","DashboardBaseStyles.html","3975","","1","1","false","1-1-0","Overview","2","order: 1 !important; height: 300px !important"
"847","#overviewOne .areaCustomers","@media (max-width: 900px)","DashboardBaseStyles.html","3976","","1","1","false","1-1-0","Overview","2","order: 2 !important; height: 255px !important"
"848","#overviewOne .areaUnits","@media (max-width: 900px)","DashboardBaseStyles.html","3977","","1","1","false","1-1-0","Overview","2","order: 3 !important; height: 255px !important"
"849","#overviewOne .areaRpac","@media (max-width: 900px)","DashboardBaseStyles.html","3978","","1","1","false","1-1-0","Overview","2","order: 4 !important; height: 255px !important"
"850","#overviewOne .areaAvg","@media (max-width: 900px)","DashboardBaseStyles.html","3979","","1","1","false","1-1-0","Overview","2","order: 5 !important; height: 255px !important"
"851","#overviewOne .areaCustomerTable","@media (max-width: 900px)","DashboardBaseStyles.html","3980","","1","1","false","1-1-0","Overview","2","order: 6 !important; height: 340px !important"
"852","#overviewOne .areaProductTable","@media (max-width: 900px)","DashboardBaseStyles.html","3981","","1","1","false","1-1-0","Overview","2","order: 7 !important; height: 390px !important"
"853","#overviewOne .moverArea","","DashboardBaseStyles.html","3988","","1","1","false","1-1-0","Overview","11","background: transparent !important; border: 0 !important; box-shadow: none !important; border-radius: 0 !important; padding: 0 !important; margin: 0 !important; min-width: 0 !important; min-height: 0 !important; overflow: hidden !important; display: flex !important; flex-direction: column !important"
"854","#overviewOne .moverArea .cardHeader","","DashboardBaseStyles.html","4002","","1","1","false","1-2-0","Overview","12","background: transparent !important; border: 0 !important; box-shadow: none !important; border-radius: 0 !important; padding: 0 0 4px 0 !important; margin: 0 !important; min-height: 22px !important; height: 22px !important; flex: 0 0 22px !important; display: flex !important; align-items: center !important; justify-content: space-between !important"
"855","#overviewOne .moverArea .chartTitle","","DashboardBaseStyles.html","4017","","1","1","false","1-2-0","Overview","6","color: #202124 !important; font-size: 12px !important; font-weight: 800 !important; line-height: 1 !important; margin: 0 !important; padding: 0 !important"
"856","#overviewOne .moverArea .cardActions","","DashboardBaseStyles.html","4026","","1","1","false","1-2-0","Overview","5","display: inline-flex !important; align-items: center !important; gap: 4px !important; margin: 0 !important; padding: 0 !important"
"857","#overviewOne .moverArea .tableToggles","","DashboardBaseStyles.html","4034","","1","1","false","1-2-0","Overview","6","background: transparent !important; border: 0 !important; box-shadow: none !important; border-radius: 0 !important; padding: 0 !important; gap: 2px !important"
"858","#overviewOne .moverArea .tinyBtn","","DashboardBaseStyles.html","4043","","1","1","false","1-2-0","Overview","10","background: #eef1f5 !important; border: 1px solid #d8dde6 !important; box-shadow: none !important; border-radius: 4px !important; color: #667085 !important; font-size: 10px !important; font-weight: 700 !important; line-height: 1 !important; min-height: 18px !important; padding: 3px 7px !important"
"859","#overviewOne .moverArea .tinyBtn.active","","DashboardBaseStyles.html","4056","","1","1","false","1-3-0","Overview","4","background: #ffffff !important; color: #202124 !important; border-color: #cfd6df !important; box-shadow: 0 1px 2px rgba(20, 32, 42, .10) !important"
"860","#overviewOne .moverArea .componentMenuBtn","","DashboardBaseStyles.html","4063","","1","1","false","1-2-0","Overview","7","background: transparent !important; border: 0 !important; box-shadow: none !important; width: 18px !important; height: 18px !important; color: #475467 !important; padding: 0 !important"
"861","#overviewOne .moverArea .tableScroll","","DashboardBaseStyles.html","4073","","1","1","false","1-2-0","Overview","13","background: transparent !important; border: 0 !important; box-shadow: none !important; border-radius: 0 !important; padding: 0 !important; margin: 0 !important; flex: 1 1 auto !important; min-height: 0 !important; height: auto !important; max-height: none !important; overflow-y: auto !important; overflow-x: auto !important; scrollbar-gutter: stable !important"
"862","#overviewOne .moverArea table","","DashboardBaseStyles.html","4089","","1","1","false","1-1-1","Overview","8","width: 100% !important; min-width: 0 !important; border-collapse: collapse !important; table-layout: fixed !important; background: transparent !important; margin: 0 !important; font-size: 11px !important; line-height: 1.15 !important"
"863","#overviewOne .moverArea thead th","","DashboardBaseStyles.html","4100","","1","1","false","1-1-2","Overview","11","position: sticky !important; top: 0 !important; z-index: 3 !important; background: #203038 !important; color: #ffffff !important; border: 1px solid #34454f !important; padding: 5px 7px !important; font-size: 10.5px !important; font-weight: 800 !important; line-height: 1.05 !important; white-space: nowrap !important"
"864","#overviewOne .moverArea td","","DashboardBaseStyles.html","4114","","1","1","false","1-1-1","Overview","9","background: #ffffff !important; border: 1px solid #e5e7eb !important; color: #3c4043 !important; padding: 5px 7px !important; font-size: 11px !important; line-height: 1.15 !important; white-space: nowrap !important; overflow: hidden !important; text-overflow: ellipsis !important"
"865","#overviewOne .moverArea tr:nth-child(even) td","","DashboardBaseStyles.html","4126","","1","1","false","1-2-2","Overview","1","background: #fafafa !important"
"866","#overviewOne .areaCustomerTable table","","DashboardBaseStyles.html","4130","","1","1","false","1-1-1","Overview","1","min-width: 0 !important"
"867","#overviewOne .areaProductTable table","","DashboardBaseStyles.html","4131","","1","1","false","1-1-1","Overview","1","min-width: 0 !important"
"868","#overviewOne .areaCustomerTable th:nth-child(1)","","DashboardBaseStyles.html","4133","","1","1","false","1-2-1","Overview","1","width: 58px !important"
"869","#overviewOne .areaCustomerTable td:nth-child(1)","","DashboardBaseStyles.html","4133","","1","1","false","1-2-1","Overview","1","width: 58px !important"
"870","#overviewOne .areaCustomerTable th:nth-child(2)","","DashboardBaseStyles.html","4135","","1","1","false","1-2-1","Overview","2","width: auto !important; text-align: left !important"
"871","#overviewOne .areaCustomerTable td:nth-child(2)","","DashboardBaseStyles.html","4135","","1","1","false","1-2-1","Overview","2","width: auto !important; text-align: left !important"
"872","#overviewOne .areaCustomerTable th:nth-child(3)","","DashboardBaseStyles.html","4137","","1","1","false","1-2-1","Overview","2","width: 74px !important; text-align: right !important"
"873","#overviewOne .areaCustomerTable td:nth-child(3)","","DashboardBaseStyles.html","4137","","1","1","false","1-2-1","Overview","2","width: 74px !important; text-align: right !important"
"874","#overviewOne .areaCustomerTable th:nth-child(4)","","DashboardBaseStyles.html","4137","","1","1","false","1-2-1","Overview","2","width: 74px !important; text-align: right !important"
"875","#overviewOne .areaCustomerTable td:nth-child(4)","","DashboardBaseStyles.html","4137","","1","1","false","1-2-1","Overview","2","width: 74px !important; text-align: right !important"
"876","#overviewOne .areaCustomerTable th:nth-child(5)","","DashboardBaseStyles.html","4141","","1","1","false","1-2-1","Overview","2","width: 72px !important; text-align: right !important"
"877","#overviewOne .areaCustomerTable td:nth-child(5)","","DashboardBaseStyles.html","4141","","1","1","false","1-2-1","Overview","2","width: 72px !important; text-align: right !important"
"878","#overviewOne .areaProductTable th:nth-child(1)","","DashboardBaseStyles.html","4144","","1","1","false","1-2-1","Overview","2","width: auto !important; text-align: left !important"
"879","#overviewOne .areaProductTable td:nth-child(1)","","DashboardBaseStyles.html","4144","","1","1","false","1-2-1","Overview","2","width: auto !important; text-align: left !important"
"880","#overviewOne .areaProductTable th:nth-child(2)","","DashboardBaseStyles.html","4146","","1","1","false","1-2-1","Overview","2","width: 74px !important; text-align: right !important"
"881","#overviewOne .areaProductTable td:nth-child(2)","","DashboardBaseStyles.html","4146","","1","1","false","1-2-1","Overview","2","width: 74px !important; text-align: right !important"
"882","#overviewOne .areaProductTable th:nth-child(3)","","DashboardBaseStyles.html","4146","","1","1","false","1-2-1","Overview","2","width: 74px !important; text-align: right !important"
"883","#overviewOne .areaProductTable td:nth-child(3)","","DashboardBaseStyles.html","4146","","1","1","false","1-2-1","Overview","2","width: 74px !important; text-align: right !important"
"884","#overviewOne .areaProductTable th:nth-child(4)","","DashboardBaseStyles.html","4150","","1","1","false","1-2-1","Overview","2","width: 72px !important; text-align: right !important"
"885","#overviewOne .areaProductTable td:nth-child(4)","","DashboardBaseStyles.html","4150","","1","1","false","1-2-1","Overview","2","width: 72px !important; text-align: right !important"
"886","#overviewOne .moverArea .tableScroll","","DashboardBaseStyles.html","4157","","1","1","false","1-2-0","Overview","5","border: 1px solid #cfd6df !important; border-radius: 4px !important; background: #ffffff !important; box-shadow: 0 1px 2px rgba(20, 32, 42, .08) !important; overflow: auto !important"
"887","#overviewOne .moverArea table","","DashboardBaseStyles.html","4165","","1","1","false","1-1-1","Overview","2","background: #ffffff !important; border: 0 !important"
"888","#overviewOne .moverArea thead th","","DashboardBaseStyles.html","4170","","1","1","false","1-1-2","Overview","2","border-top: 0 !important; border-bottom: 1px solid #34454f !important"
"889","#overviewOne .moverArea thead th:first-child","","DashboardBaseStyles.html","4175","","1","1","false","1-2-2","Overview","1","border-left: 0 !important"
"890","#overviewOne .moverArea tbody td:first-child","","DashboardBaseStyles.html","4175","","1","1","false","1-2-2","Overview","1","border-left: 0 !important"
"891","#overviewOne .moverArea thead th:last-child","","DashboardBaseStyles.html","4180","","1","1","false","1-2-2","Overview","1","border-right: 0 !important"
"892","#overviewOne .moverArea tbody td:last-child","","DashboardBaseStyles.html","4180","","1","1","false","1-2-2","Overview","1","border-right: 0 !important"
"893","#overviewOne .moverArea tbody tr:last-child td","","DashboardBaseStyles.html","4185","","1","1","false","1-2-3","Overview","1","border-bottom: 0 !important"
"894","#overviewOne .moverArea .cardHeader","","DashboardBaseStyles.html","4189","","1","1","false","1-2-0","Overview","1","padding-bottom: 5px !important"
"895","#overviewOne .areaCustomers .chartBox","","DashboardBaseStyles.html","4193","","1","1","false","1-2-0","Overview","1","padding-top: 0 !important"
"896","#overviewOne .areaUnits .chartBox","","DashboardBaseStyles.html","4193","","1","1","false","1-2-0","Overview","1","padding-top: 0 !important"
"897","#overviewOne .areaRpac .chartBox","","DashboardBaseStyles.html","4193","","1","1","false","1-2-0","Overview","1","padding-top: 0 !important"
"898","#overviewOne .areaAvg .chartBox","","DashboardBaseStyles.html","4193","","1","1","false","1-2-0","Overview","1","padding-top: 0 !important"
"899","#overviewOne .moverArea .tableScroll","","DashboardBaseStyles.html","4205","","1","1","false","1-2-0","Overview","4","border: 1px solid #c9d1dc !important; border-radius: 4px !important; background: #ffffff !important; box-shadow: 0 1px 2px rgba(20, 32, 42, .08) !important"
"900","#overviewOne .moverArea td.negative","","DashboardBaseStyles.html","4212","","1","1","false","1-2-1","Overview","2","color: #b42318 !important; font-weight: 800 !important"
"901","#overviewOne .moverArea .negative","","DashboardBaseStyles.html","4212","","1","1","false","1-2-0","Overview","2","color: #b42318 !important; font-weight: 800 !important"
"902","#overviewOne .moverArea td.positive","","DashboardBaseStyles.html","4218","","1","1","false","1-2-1","Overview","2","color: #047857 !important; font-weight: 800 !important"
"903","#overviewOne .moverArea .positive","","DashboardBaseStyles.html","4218","","1","1","false","1-2-0","Overview","2","color: #047857 !important; font-weight: 800 !important"
"904","#overviewOne .moverArea tr.active td","","DashboardBaseStyles.html","4224","","1","1","false","1-2-2","Overview","1","background: #eef4ff !important"
"905","#overviewOne .moverArea tr.active td.negative","","DashboardBaseStyles.html","4228","","1","1","false","1-3-2","Overview","1","color: #b42318 !important"
"906","#overviewOne .moverArea tr.active .negative","","DashboardBaseStyles.html","4228","","1","1","false","1-3-1","Overview","1","color: #b42318 !important"
"907","#overviewOne .moverArea tr.active td.positive","","DashboardBaseStyles.html","4233","","1","1","false","1-3-2","Overview","1","color: #047857 !important"
"908","#overviewOne .moverArea tr.active .positive","","DashboardBaseStyles.html","4233","","1","1","false","1-3-1","Overview","1","color: #047857 !important"
"909","#overviewOne .moverArea .customerNameCell","","DashboardBaseStyles.html","4238","","1","1","false","1-2-0","Overview","5","display: flex !important; align-items: center !important; gap: 6px !important; min-width: 0 !important; text-align: left !important"
"910","#overviewOne .moverArea .customerNameText","","DashboardBaseStyles.html","4246","","1","1","false","1-2-0","Overview","4","min-width: 0 !important; overflow: hidden !important; text-overflow: ellipsis !important; white-space: nowrap !important"
"911","#overviewOne .moverArea .inactiveBadge","","DashboardBaseStyles.html","4253","","1","1","false","1-2-0","Overview","14","display: inline-flex !important; align-items: center !important; flex: 0 0 auto !important; margin-left: 0 !important; padding: 2px 6px !important; border-radius: 999px !important; border: 1px solid #fecaca !important; background: #fff1f1 !important; color: #b42318 !important; font-size: 10px !important; line-height: 1 !important; font-weight: 800 !important; letter-spacing: .01em !important; white-space: nowrap !important"
"912","#overviewOne .inactiveBadge","","DashboardBaseStyles.html","4253","","1","1","false","1-1-0","Overview","14","display: inline-flex !important; align-items: center !important; flex: 0 0 auto !important; margin-left: 0 !important; padding: 2px 6px !important; border-radius: 999px !important; border: 1px solid #fecaca !important; background: #fff1f1 !important; color: #b42318 !important; font-size: 10px !important; line-height: 1 !important; font-weight: 800 !important; letter-spacing: .01em !important; white-space: nowrap !important"
"913","#overviewOne .grid","","DashboardBaseStyles.html","4276","","1","1","false","1-1-0","Overview","1","grid-template-columns: minmax(440px, 1.22fr) minmax(440px, 1.22fr) minmax(540px, 1.08fr) !important"
"914","#overviewOne .moverArea .tableScroll","","DashboardBaseStyles.html","4280","","1","1","false","1-2-0","Overview","4","border: 1px solid #c4ccd8 !important; border-radius: 4px !important; background: #ffffff !important; box-shadow: 0 1px 2px rgba(20, 32, 42, .08) !important"
"915","#overviewOne .moverArea .tableToggles","","DashboardBaseStyles.html","4287","","1","1","false","1-2-0","Overview","1","gap: 3px !important"
"916","#overviewOne .moverArea .tinyBtn.metricBtn.active","","DashboardBaseStyles.html","4291","","1","1","false","1-4-0","Overview","3","border-color: #203038 !important; background: #203038 !important; color: #ffffff !important"
"917","#overviewOne .areaCustomerTable th:nth-child(1)","","DashboardBaseStyles.html","4297","","1","1","false","1-2-1","Overview","1","width: 58px !important"
"918","#overviewOne .areaCustomerTable td:nth-child(1)","","DashboardBaseStyles.html","4297","","1","1","false","1-2-1","Overview","1","width: 58px !important"
"919","#overviewOne .areaCustomerTable th:nth-child(2)","","DashboardBaseStyles.html","4300","","1","1","false","1-2-1","Overview","3","width: auto !important; min-width: 190px !important; text-align: left !important"
"920","#overviewOne .areaCustomerTable td:nth-child(2)","","DashboardBaseStyles.html","4300","","1","1","false","1-2-1","Overview","3","width: auto !important; min-width: 190px !important; text-align: left !important"
"921","#overviewOne .areaCustomerTable th:nth-child(3)","","DashboardBaseStyles.html","4307","","1","1","false","1-2-1","Overview","2","width: 78px !important; text-align: right !important"
"922","#overviewOne .areaCustomerTable td:nth-child(3)","","DashboardBaseStyles.html","4307","","1","1","false","1-2-1","Overview","2","width: 78px !important; text-align: right !important"
"923","#overviewOne .areaCustomerTable th:nth-child(4)","","DashboardBaseStyles.html","4307","","1","1","false","1-2-1","Overview","2","width: 78px !important; text-align: right !important"
"924","#overviewOne .areaCustomerTable td:nth-child(4)","","DashboardBaseStyles.html","4307","","1","1","false","1-2-1","Overview","2","width: 78px !important; text-align: right !important"
"925","#overviewOne .areaCustomerTable th:nth-child(5)","","DashboardBaseStyles.html","4312","","1","1","false","1-2-1","Overview","2","width: 84px !important; text-align: right !important"
"926","#overviewOne .areaCustomerTable td:nth-child(5)","","DashboardBaseStyles.html","4312","","1","1","false","1-2-1","Overview","2","width: 84px !important; text-align: right !important"
"927","#overviewOne .areaProductTable th:nth-child(2)","","DashboardBaseStyles.html","4315","","1","1","false","1-2-1","Overview","2","width: 78px !important; text-align: right !important"
"928","#overviewOne .areaProductTable td:nth-child(2)","","DashboardBaseStyles.html","4315","","1","1","false","1-2-1","Overview","2","width: 78px !important; text-align: right !important"
"929","#overviewOne .areaProductTable th:nth-child(3)","","DashboardBaseStyles.html","4315","","1","1","false","1-2-1","Overview","2","width: 78px !important; text-align: right !important"
"930","#overviewOne .areaProductTable td:nth-child(3)","","DashboardBaseStyles.html","4315","","1","1","false","1-2-1","Overview","2","width: 78px !important; text-align: right !important"
"931","#overviewOne .areaProductTable th:nth-child(4)","","DashboardBaseStyles.html","4320","","1","1","false","1-2-1","Overview","2","width: 84px !important; text-align: right !important"
"932","#overviewOne .areaProductTable td:nth-child(4)","","DashboardBaseStyles.html","4320","","1","1","false","1-2-1","Overview","2","width: 84px !important; text-align: right !important"
"933","#overviewOne .moverArea .customerNameCell","","DashboardBaseStyles.html","4323","","1","1","false","1-2-0","Overview","3","overflow: visible !important; text-overflow: clip !important; white-space: nowrap !important"
"934","#overviewOne .moverArea .customerNameText","","DashboardBaseStyles.html","4329","","1","1","false","1-2-0","Overview","7","display: inline-block !important; min-width: 0 !important; max-width: calc(100% - 68px) !important; overflow: hidden !important; text-overflow: ellipsis !important; white-space: nowrap !important; vertical-align: middle !important"
"935","#overviewOne","","DashboardBaseStyles.html","4346","","1","1","false","1-0-0","Overview","1","font-family: Roboto, Arial, sans-serif !important"
"936","#overviewOne *","","DashboardBaseStyles.html","4346","","1","1","false","1-0-0","Overview","1","font-family: Roboto, Arial, sans-serif !important"
"937","#overviewOne .grid","","DashboardBaseStyles.html","4351","","1","1","false","1-1-0","Overview","3","grid-template-columns: minmax(430px, 1.18fr) minmax(430px, 1.18fr) minmax(560px, 1.14fr) !important; grid-template-rows: 326px 286px 286px !important; gap: 8px !important"
"938","#overviewOne .areaCustomers","","DashboardBaseStyles.html","4357","","1","1","false","1-1-0","Overview","1","padding: 7px !important"
"939","#overviewOne .areaUnits","","DashboardBaseStyles.html","4357","","1","1","false","1-1-0","Overview","1","padding: 7px !important"
"940","#overviewOne .areaRpac","","DashboardBaseStyles.html","4357","","1","1","false","1-1-0","Overview","1","padding: 7px !important"
"941","#overviewOne .areaAvg","","DashboardBaseStyles.html","4357","","1","1","false","1-1-0","Overview","1","padding: 7px !important"
"942","#overviewOne .areaCustomers .cardHeader","","DashboardBaseStyles.html","4364","","1","1","false","1-2-0","Overview","4","min-height: 18px !important; height: 18px !important; margin-bottom: 0 !important; padding: 0 !important"
"943","#overviewOne .areaUnits .cardHeader","","DashboardBaseStyles.html","4364","","1","1","false","1-2-0","Overview","4","min-height: 18px !important; height: 18px !important; margin-bottom: 0 !important; padding: 0 !important"
"944","#overviewOne .areaRpac .cardHeader","","DashboardBaseStyles.html","4364","","1","1","false","1-2-0","Overview","4","min-height: 18px !important; height: 18px !important; margin-bottom: 0 !important; padding: 0 !important"
"945","#overviewOne .areaAvg .cardHeader","","DashboardBaseStyles.html","4364","","1","1","false","1-2-0","Overview","4","min-height: 18px !important; height: 18px !important; margin-bottom: 0 !important; padding: 0 !important"
"946","#overviewOne .areaCustomers .chartTitle","","DashboardBaseStyles.html","4374","","1","1","false","1-2-0","Overview","4","font-size: 12px !important; font-weight: 800 !important; letter-spacing: -.01em !important; color: #202124 !important"
"947","#overviewOne .areaUnits .chartTitle","","DashboardBaseStyles.html","4374","","1","1","false","1-2-0","Overview","4","font-size: 12px !important; font-weight: 800 !important; letter-spacing: -.01em !important; color: #202124 !important"
"948","#overviewOne .areaRpac .chartTitle","","DashboardBaseStyles.html","4374","","1","1","false","1-2-0","Overview","4","font-size: 12px !important; font-weight: 800 !important; letter-spacing: -.01em !important; color: #202124 !important"
"949","#overviewOne .areaAvg .chartTitle","","DashboardBaseStyles.html","4374","","1","1","false","1-2-0","Overview","4","font-size: 12px !important; font-weight: 800 !important; letter-spacing: -.01em !important; color: #202124 !important"
"950","#overviewOne .areaCustomers .chartBox","","DashboardBaseStyles.html","4384","","1","1","false","1-2-0","Overview","3","height: calc(100% - 18px) !important; padding-top: 0 !important; overflow: hidden !important"
"951","#overviewOne .areaUnits .chartBox","","DashboardBaseStyles.html","4384","","1","1","false","1-2-0","Overview","3","height: calc(100% - 18px) !important; padding-top: 0 !important; overflow: hidden !important"
"952","#overviewOne .areaRpac .chartBox","","DashboardBaseStyles.html","4384","","1","1","false","1-2-0","Overview","3","height: calc(100% - 18px) !important; padding-top: 0 !important; overflow: hidden !important"
"953","#overviewOne .areaAvg .chartBox","","DashboardBaseStyles.html","4384","","1","1","false","1-2-0","Overview","3","height: calc(100% - 18px) !important; padding-top: 0 !important; overflow: hidden !important"
"954","#overviewOne .areaRevenue .chartTitle","","DashboardBaseStyles.html","4393","","1","1","false","1-2-0","Overview","2","font-family: Roboto, Arial, sans-serif !important; color: #202124 !important"
"955","#overviewOne .moverArea .chartTitle","","DashboardBaseStyles.html","4398","","1","1","false","1-2-0","Overview","1","font-family: Roboto, Arial, sans-serif !important"
"956","#overviewOne .moverArea table","","DashboardBaseStyles.html","4398","","1","1","false","1-1-1","Overview","1","font-family: Roboto, Arial, sans-serif !important"
"957","#overviewOne .moverArea th","","DashboardBaseStyles.html","4398","","1","1","false","1-1-1","Overview","1","font-family: Roboto, Arial, sans-serif !important"
"958","#overviewOne .moverArea td","","DashboardBaseStyles.html","4398","","1","1","false","1-1-1","Overview","1","font-family: Roboto, Arial, sans-serif !important"
"959","#overviewOne .tinyBtn","","DashboardBaseStyles.html","4398","","1","1","false","1-1-0","Overview","1","font-family: Roboto, Arial, sans-serif !important"
"960","#overviewOne .comparisonKpi","","DashboardBaseStyles.html","4398","","1","1","false","1-1-0","Overview","1","font-family: Roboto, Arial, sans-serif !important"
"961","#overviewOne .filterCard","","DashboardBaseStyles.html","4398","","1","1","false","1-1-0","Overview","1","font-family: Roboto, Arial, sans-serif !important"
"962","#overviewOne .dropdownButton","","DashboardBaseStyles.html","4398","","1","1","false","1-1-0","Overview","1","font-family: Roboto, Arial, sans-serif !important"
"963","#overviewOne .grid","@media (max-width: 1500px) and (min-width: 901px)","DashboardBaseStyles.html","4410","","1","1","false","1-1-0","Overview","1","grid-template-rows: auto !important"
"964","#overviewOne .areaCustomers","@media (max-width: 1500px) and (min-width: 901px)","DashboardBaseStyles.html","4413","","1","1","false","1-1-0","Overview","1","height: 286px !important"
"965","#overviewOne .areaUnits","@media (max-width: 1500px) and (min-width: 901px)","DashboardBaseStyles.html","4413","","1","1","false","1-1-0","Overview","1","height: 286px !important"
"966","#overviewOne .areaRpac","@media (max-width: 1500px) and (min-width: 901px)","DashboardBaseStyles.html","4413","","1","1","false","1-1-0","Overview","1","height: 286px !important"
"967","#overviewOne .areaAvg","@media (max-width: 1500px) and (min-width: 901px)","DashboardBaseStyles.html","4413","","1","1","false","1-1-0","Overview","1","height: 286px !important"
"968","#overviewOne .areaCustomers","@media (max-width: 900px)","DashboardBaseStyles.html","4422","","1","1","false","1-1-0","Overview","1","height: 280px !important"
"969","#overviewOne .areaUnits","@media (max-width: 900px)","DashboardBaseStyles.html","4422","","1","1","false","1-1-0","Overview","1","height: 280px !important"
"970","#overviewOne .areaRpac","@media (max-width: 900px)","DashboardBaseStyles.html","4422","","1","1","false","1-1-0","Overview","1","height: 280px !important"
"971","#overviewOne .areaAvg","@media (max-width: 900px)","DashboardBaseStyles.html","4422","","1","1","false","1-1-0","Overview","1","height: 280px !important"
"972",".managerTabs","","DashboardBaseStyles.html","4433","","1","1","false","0-1-0","Overview","0","height: 42px; display: flex; align-items: flex-end; gap: 4px; overflow: visible; position: relative; z-index: 5000; background: #f7f7f8; border-bottom: 1px solid #d7dce4; padding: 0 10px"
"973",".managerTabs .tabBtn","","DashboardBaseStyles.html","4446","","1","1","false","0-2-0","Overview","0","border: 0; background: transparent; padding: 12px 20px 11px; font-size: 15px; font-weight: 800; color: #344054; border-radius: 10px 10px 0 0; cursor: pointer; line-height: 1; white-space: nowrap"
"974",".managerTabs .tabBtn.active","","DashboardBaseStyles.html","4459","","1","1","false","0-3-0","Overview","0","background: #d5e5fb; color: #174ea6; box-shadow: inset 0 -1px 0 #d5e5fb"
"975",".managerTabs .underConstructionBtn.active","","DashboardBaseStyles.html","4459","","1","1","false","0-3-0","Overview","0","background: #d5e5fb; color: #174ea6; box-shadow: inset 0 -1px 0 #d5e5fb"
"976",".managerTabs .underConstructionBtn.active","","DashboardBaseStyles.html","4466","","1","1","false","0-3-0","Overview","0","background: #e4e4e4; color: #111827"
"977",".tabGroup","","DashboardBaseStyles.html","4471","","1","1","false","0-1-0","Overview","0","position: relative; display: flex; align-items: flex-end"
"978",".tabDropdown","","DashboardBaseStyles.html","4477","","1","1","false","0-1-0","Overview","0","display: none; position: absolute; left: 0; top: calc(100% + 2px); min-width: 210px; background: #ffffff; border: 1px solid #d7dce4; border-radius: 0 0 12px 12px; box-shadow: 0 8px 24px rgba(16, 24, 40, 0.16); padding: 6px; z-index: 5001"
"979",".tabDropdown.open","","DashboardBaseStyles.html","4491","","1","1","false","0-2-0","Overview","0","display: grid; gap: 3px"
"980",".tabDropdownBtn","","DashboardBaseStyles.html","4496","","1","1","false","0-1-0","Overview","0","border: 0; background: transparent; width: 100%; text-align: left; padding: 10px 14px; border-radius: 8px; color: #111827; font-size: 15px; font-weight: 700; cursor: pointer"
"981",".tabDropdownBtn:hover","","DashboardBaseStyles.html","4509","","1","1","false","0-2-0","Overview","0","background: #eef4ff; color: #174ea6"
"982",".tabDropdownBtn.active","","DashboardBaseStyles.html","4509","","1","1","false","0-2-0","Overview","0","background: #eef4ff; color: #174ea6"
"983",".categoricalPlaceholderShell","","DashboardBaseStyles.html","4515","","1","1","false","0-1-0","Overview","0","min-height: 560px; display: flex; align-items: flex-start; justify-content: center; padding: 32px"
"984",".categoricalPlaceholder","","DashboardBaseStyles.html","4523","","1","1","false","0-1-0","Overview","0","width: min(720px, 100%); background: #ffffff; border: 1px solid #d5d9e2; border-radius: 14px; box-shadow: 0 2px 8px rgba(16, 24, 40, 0.10); padding: 28px 32px"
"985",".categoricalPlaceholder .placeholderEyebrow","","DashboardBaseStyles.html","4532","","1","1","false","0-2-0","Overview","0","color: #667085; font-size: 13px; font-weight: 800; letter-spacing: .08em; text-transform: uppercase; margin-bottom: 8px"
"986",".categoricalPlaceholder h1","","DashboardBaseStyles.html","4541","","1","1","false","0-1-1","Overview","0","margin: 0 0 10px; font-size: 30px; line-height: 1.15; color: #172033"
"987",".categoricalPlaceholder p","","DashboardBaseStyles.html","4548","","1","1","false","0-1-1","Overview","0","margin: 0; font-size: 16px; color: #667085"
"988",".managerTabs","@media (max-width: 700px)","DashboardBaseStyles.html","4555","","1","1","false","0-1-0","Overview","0","height: auto; align-items: stretch; padding: 6px; gap: 6px"
"989",".managerTabs .tabBtn","@media (max-width: 700px)","DashboardBaseStyles.html","4561","","1","1","false","0-2-0","Overview","0","border-radius: 10px; padding: 10px 12px; font-size: 14px"
"990",".tabDropdown","@media (max-width: 700px)","DashboardBaseStyles.html","4566","","1","1","false","0-1-0","Overview","0","min-width: 190px"
"991","#overviewOne .grid","","DashboardBaseStyles.html","4578","","1","1","false","1-1-0","Overview","2","gap: 12px !important; grid-template-rows: 326px 318px 318px !important"
"992","#overviewOne .areaCustomers","","DashboardBaseStyles.html","4583","","1","1","false","1-1-0","Overview","5","border: 1px solid #d3d9e2 !important; border-radius: 6px !important; box-shadow: 0 1px 3px rgba(20, 32, 42, .13) !important; background: #ffffff !important; padding: 8px !important"
"993","#overviewOne .areaUnits","","DashboardBaseStyles.html","4583","","1","1","false","1-1-0","Overview","5","border: 1px solid #d3d9e2 !important; border-radius: 6px !important; box-shadow: 0 1px 3px rgba(20, 32, 42, .13) !important; background: #ffffff !important; padding: 8px !important"
"994","#overviewOne .areaRpac","","DashboardBaseStyles.html","4583","","1","1","false","1-1-0","Overview","5","border: 1px solid #d3d9e2 !important; border-radius: 6px !important; box-shadow: 0 1px 3px rgba(20, 32, 42, .13) !important; background: #ffffff !important; padding: 8px !important"
"995","#overviewOne .areaAvg","","DashboardBaseStyles.html","4583","","1","1","false","1-1-0","Overview","5","border: 1px solid #d3d9e2 !important; border-radius: 6px !important; box-shadow: 0 1px 3px rgba(20, 32, 42, .13) !important; background: #ffffff !important; padding: 8px !important"
"996","#overviewOne .areaCustomers .cardHeader","","DashboardBaseStyles.html","4594","","1","1","false","1-2-0","Overview","3","height: 18px !important; min-height: 18px !important; margin-bottom: 0 !important"
"997","#overviewOne .areaUnits .cardHeader","","DashboardBaseStyles.html","4594","","1","1","false","1-2-0","Overview","3","height: 18px !important; min-height: 18px !important; margin-bottom: 0 !important"
"998","#overviewOne .areaRpac .cardHeader","","DashboardBaseStyles.html","4594","","1","1","false","1-2-0","Overview","3","height: 18px !important; min-height: 18px !important; margin-bottom: 0 !important"
"999","#overviewOne .areaAvg .cardHeader","","DashboardBaseStyles.html","4594","","1","1","false","1-2-0","Overview","3","height: 18px !important; min-height: 18px !important; margin-bottom: 0 !important"
"1000","#overviewOne .areaCustomers .chartBox","","DashboardBaseStyles.html","4603","","1","1","false","1-2-0","Overview","2","height: calc(100% - 18px) !important; padding-top: 0 !important"
"1001","#overviewOne .areaUnits .chartBox","","DashboardBaseStyles.html","4603","","1","1","false","1-2-0","Overview","2","height: calc(100% - 18px) !important; padding-top: 0 !important"
"1002","#overviewOne .areaRpac .chartBox","","DashboardBaseStyles.html","4603","","1","1","false","1-2-0","Overview","2","height: calc(100% - 18px) !important; padding-top: 0 !important"
"1003","#overviewOne .areaAvg .chartBox","","DashboardBaseStyles.html","4603","","1","1","false","1-2-0","Overview","2","height: calc(100% - 18px) !important; padding-top: 0 !important"
"1004","#overviewOne .grid","@media (max-width: 1500px) and (min-width: 901px)","DashboardBaseStyles.html","4612","","1","1","false","1-1-0","Overview","2","gap: 12px !important; grid-template-rows: auto !important"
"1005","#overviewOne .areaCustomers","@media (max-width: 1500px) and (min-width: 901px)","DashboardBaseStyles.html","4616","","1","1","false","1-1-0","Overview","1","height: 318px !important"
"1006","#overviewOne .areaUnits","@media (max-width: 1500px) and (min-width: 901px)","DashboardBaseStyles.html","4616","","1","1","false","1-1-0","Overview","1","height: 318px !important"
"1007","#overviewOne .areaRpac","@media (max-width: 1500px) and (min-width: 901px)","DashboardBaseStyles.html","4616","","1","1","false","1-1-0","Overview","1","height: 318px !important"
"1008","#overviewOne .areaAvg","@media (max-width: 1500px) and (min-width: 901px)","DashboardBaseStyles.html","4616","","1","1","false","1-1-0","Overview","1","height: 318px !important"
"1009","#overviewOne .grid","","DashboardBaseStyles.html","4628","","1","1","false","1-1-0","Overview","1","grid-template-rows: 326px 318px 318px !important"
"1010","#overviewOne .areaCustomers .chartBox","","DashboardBaseStyles.html","4632","","1","1","false","1-2-0","Overview","2","height: calc(100% - 18px) !important; padding-top: 0 !important"
"1011","#overviewOne .areaUnits .chartBox","","DashboardBaseStyles.html","4632","","1","1","false","1-2-0","Overview","2","height: calc(100% - 18px) !important; padding-top: 0 !important"
"1012","#overviewOne .areaRpac .chartBox","","DashboardBaseStyles.html","4632","","1","1","false","1-2-0","Overview","2","height: calc(100% - 18px) !important; padding-top: 0 !important"
"1013","#overviewOne .areaAvg .chartBox","","DashboardBaseStyles.html","4632","","1","1","false","1-2-0","Overview","2","height: calc(100% - 18px) !important; padding-top: 0 !important"
"1014","#overviewOne .areaCustomers","@media (max-width: 1500px) and (min-width: 901px)","DashboardBaseStyles.html","4641","","1","1","false","1-1-0","Overview","1","height: 318px !important"
"1015","#overviewOne .areaUnits","@media (max-width: 1500px) and (min-width: 901px)","DashboardBaseStyles.html","4641","","1","1","false","1-1-0","Overview","1","height: 318px !important"
"1016","#overviewOne .areaRpac","@media (max-width: 1500px) and (min-width: 901px)","DashboardBaseStyles.html","4641","","1","1","false","1-1-0","Overview","1","height: 318px !important"
"1017","#overviewOne .areaAvg","@media (max-width: 1500px) and (min-width: 901px)","DashboardBaseStyles.html","4641","","1","1","false","1-1-0","Overview","1","height: 318px !important"
"1018","#overviewOne .areaCustomers .chartBox","","DashboardBaseStyles.html","4654","","1","1","false","1-2-0","Overview","1","height: calc(100% - 14px) !important"
"1019","#overviewOne .areaUnits .chartBox","","DashboardBaseStyles.html","4654","","1","1","false","1-2-0","Overview","1","height: calc(100% - 14px) !important"
"1020","#overviewOne .areaRpac .chartBox","","DashboardBaseStyles.html","4654","","1","1","false","1-2-0","Overview","1","height: calc(100% - 14px) !important"
"1021","#overviewOne .areaAvg .chartBox","","DashboardBaseStyles.html","4654","","1","1","false","1-2-0","Overview","1","height: calc(100% - 14px) !important"
"1022","#overviewOne .areaCustomers .cardHeader","","DashboardBaseStyles.html","4661","","1","1","false","1-2-0","Overview","2","height: 14px !important; min-height: 14px !important"
"1023","#overviewOne .areaUnits .cardHeader","","DashboardBaseStyles.html","4661","","1","1","false","1-2-0","Overview","2","height: 14px !important; min-height: 14px !important"
"1024","#overviewOne .areaRpac .cardHeader","","DashboardBaseStyles.html","4661","","1","1","false","1-2-0","Overview","2","height: 14px !important; min-height: 14px !important"
"1025","#overviewOne .areaAvg .cardHeader","","DashboardBaseStyles.html","4661","","1","1","false","1-2-0","Overview","2","height: 14px !important; min-height: 14px !important"
"1026","#overviewOne .areaRevenue .chartBox","","DashboardBaseStyles.html","4669","","1","1","false","1-2-0","Overview","1","padding-bottom: 2px !important"
"1027","#overviewOne .controlButtonStrip .undoBtn:disabled","","DashboardBaseStyles.html","4678","","1","1","false","1-3-0","Overview","0","opacity: 0.45; cursor: not-allowed; color: #667085; background: #f8fafc"
"1028",".managerTabs","","DashboardBaseStyles.html","4690","","1","1","false","0-1-0","Overview","4","height: 44px !important; align-items: center !important; gap: 6px !important; padding: 0 10px !important"
"1029",".managerTabs .tabBtn","","DashboardBaseStyles.html","4697","","1","1","false","0-2-0","Overview","7","align-self: stretch !important; display: inline-flex !important; align-items: center !important; padding: 0 15px !important; border-radius: 0 !important; font-size: 13px !important; font-weight: 700 !important"
"1030",".managerTabs .tabBtn.active","","DashboardBaseStyles.html","4707","","1","1","false","0-3-0","Overview","3","background: #eef2f7 !important; color: #111827 !important; box-shadow: inset 0 -2px 0 #172033 !important"
"1031",".managerTabs .underConstructionBtn.active","","DashboardBaseStyles.html","4707","","1","1","false","0-3-0","Overview","3","background: #eef2f7 !important; color: #111827 !important; box-shadow: inset 0 -2px 0 #172033 !important"
"1032",".managerTabs .navActionStrip","","DashboardBaseStyles.html","4714","","1","1","false","0-2-0","Overview","0","display: inline-flex; align-items: center; gap: 7px; margin-left: 12px; padding: 0; height: 100%; overflow-x: auto; overflow-y: hidden; scrollbar-width: thin"
"1033",".managerTabs .navActionStrip .segGroup","","DashboardBaseStyles.html","4726","","1","1","false","0-3-0","Overview","10","display: inline-flex !important; align-items: center !important; height: 30px !important; border: 1px solid #c9ced8 !important; border-radius: 6px !important; overflow: hidden !important; background: #ffffff !important; box-shadow: none !important; gap: 0 !important; flex: 0 0 auto !important"
"1034",".managerTabs .navActionStrip .segBtn","","DashboardBaseStyles.html","4739","","1","1","false","0-3-0","Overview","13","min-height: 30px !important; height: 30px !important; padding: 0 11px !important; border: 0 !important; border-radius: 0 !important; background: #ffffff !important; color: #344054 !important; box-shadow: none !important; font-size: 11.5px !important; font-weight: 800 !important; line-height: 1 !important; cursor: pointer !important; white-space: nowrap !important"
"1035",".managerTabs .navActionStrip .resetBtn","","DashboardBaseStyles.html","4739","","1","1","false","0-3-0","Overview","13","min-height: 30px !important; height: 30px !important; padding: 0 11px !important; border: 0 !important; border-radius: 0 !important; background: #ffffff !important; color: #344054 !important; box-shadow: none !important; font-size: 11.5px !important; font-weight: 800 !important; line-height: 1 !important; cursor: pointer !important; white-space: nowrap !important"
"1036",".managerTabs .navActionStrip .segBtn + .segBtn","","DashboardBaseStyles.html","4756","","1","1","false","0-4-0","Overview","1","border-left: 1px solid #d8dde6 !important"
"1037",".managerTabs .navActionStrip .segBtn.active","","DashboardBaseStyles.html","4760","","1","1","false","0-4-0","Overview","2","background: #172033 !important; color: #ffffff !important"
"1038",".managerTabs .navActionStrip .navIconBtn","","DashboardBaseStyles.html","4765","","1","1","false","0-3-0","Overview","11","width: 31px !important; min-width: 31px !important; padding: 0 !important; border: 1px solid #c9ced8 !important; border-radius: 6px !important; font-size: 18px !important; font-weight: 900 !important; display: inline-flex !important; align-items: center !important; justify-content: center !important; color: #172033 !important"
"1039",".managerTabs .navActionStrip .navIconBtn:disabled","","DashboardBaseStyles.html","4779","","1","1","false","0-4-0","Overview","4","opacity: .38 !important; cursor: not-allowed !important; color: #98a2b3 !important; background: #f8fafc !important"
"1040",".managerTabs .navActionStrip .navResetBtn","","DashboardBaseStyles.html","4786","","1","1","false","0-3-0","Overview","3","border: 1px solid #c9ced8 !important; border-radius: 6px !important; margin-left: 1px !important"
"1041",".managerTabs .navActionStrip","","DashboardBaseStyles.html","4793","","1","1","false","0-2-0","Overview","2","margin-left: auto !important; justify-content: flex-end !important"
"1042","#overviewOne .topBar.executiveTop","","DashboardBaseStyles.html","4798","","1","1","false","1-2-0","Overview","2","gap: 4px !important; margin-bottom: 6px !important"
"1043","#overviewOne .topBar.executiveTop .comparisonKpis","","DashboardBaseStyles.html","4803","","1","1","false","1-3-0","Overview","5","grid-template-columns: repeat(5, minmax(164px, 214px)) !important; justify-content: end !important; justify-items: stretch !important; gap: 8px !important; width: 100% !important"
"1044","#overviewOne .topBar.executiveTop .comparisonKpi","","DashboardBaseStyles.html","4811","","1","1","false","1-3-0","Overview","3","min-height: 55px !important; padding: 7px 10px 6px !important; border-radius: 6px !important"
"1045","#overviewOne .topBar.executiveTop .comparisonKpi .label","","DashboardBaseStyles.html","4817","","1","1","false","1-4-0","Overview","2","font-size: 9px !important; margin-bottom: 2px !important"
"1046","#overviewOne .topBar.executiveTop .comparisonKpi .value","","DashboardBaseStyles.html","4822","","1","1","false","1-4-0","Overview","2","font-size: 20px !important; margin-bottom: 4px !important"
"1047","#overviewOne .topBar.executiveTop .kpiSub","","DashboardBaseStyles.html","4827","","1","1","false","1-3-0","Overview","2","font-size: 10px !important; gap: 6px !important"
"1048","#overviewOne .compactChipOnlyRow","","DashboardBaseStyles.html","4832","","1","1","false","1-1-0","Overview","6","display: flex !important; justify-content: flex-end !important; align-items: center !important; min-height: 20px !important; margin-top: -2px !important; padding: 0 !important"
"1049","#overviewOne .compactChipOnlyRow .chipRow","","DashboardBaseStyles.html","4841","","1","1","false","1-2-0","Overview","3","width: 100% !important; justify-content: flex-end !important; min-height: 18px !important"
"1050","#overviewOne .topBar.executiveTop .comparisonKpis","@media (max-width: 1400px) and (min-width: 901px)","DashboardBaseStyles.html","4848","","1","1","false","1-3-0","Overview","1","grid-template-columns: repeat(5, minmax(132px, 1fr)) !important"
"1051",".managerTabs .navActionStrip","@media (max-width: 1400px) and (min-width: 901px)","DashboardBaseStyles.html","4851","","1","1","false","0-2-0","Overview","2","margin-left: auto !important; gap: 5px !important"
"1052",".managerTabs .navActionStrip .segBtn","@media (max-width: 1400px) and (min-width: 901px)","DashboardBaseStyles.html","4855","","1","1","false","0-3-0","Overview","2","padding: 0 9px !important; font-size: 11px !important"
"1053",".managerTabs .navActionStrip .resetBtn","@media (max-width: 1400px) and (min-width: 901px)","DashboardBaseStyles.html","4855","","1","1","false","0-3-0","Overview","2","padding: 0 9px !important; font-size: 11px !important"
"1054",".managerTabs","@media (max-width: 900px)","DashboardBaseStyles.html","4863","","1","1","false","0-1-0","Overview","4","height: auto !important; align-items: center !important; flex-wrap: wrap !important; padding: 5px 6px !important"
"1055",".managerTabs .tabBtn","@media (max-width: 900px)","DashboardBaseStyles.html","4869","","1","1","false","0-2-0","Overview","2","height: 34px !important; border-radius: 7px !important"
"1056",".managerTabs .navActionStrip","@media (max-width: 900px)","DashboardBaseStyles.html","4873","","1","1","false","0-2-0","Overview","3","width: 100% !important; margin-left: 0 !important; height: 34px !important"
"1057","#overviewOne .topBar.executiveTop .comparisonKpis","@media (max-width: 900px)","DashboardBaseStyles.html","4878","","1","1","false","1-3-0","Overview","2","grid-template-columns: repeat(2, minmax(0, 1fr)) !important; justify-content: stretch !important"
"1058","#overviewOne .compactChipOnlyRow .chipRow","@media (max-width: 900px)","DashboardBaseStyles.html","4882","","1","1","false","1-2-0","Overview","1","justify-content: flex-start !important"
"1059","#singleShellDebugBanner","","DashboardBaseStyles.html","4890","","1","1","false","1-0-0","Overview","0","position: sticky; top: 0; z-index: 2147483647; background: #172033; color: #fff; border-bottom: 3px solid #f59e0b; font: 11px/1.35 Arial, Helvetica, sans-serif; padding: 5px 9px"
"1060","#singleShellDebugBanner b","","DashboardBaseStyles.html","4900","","1","1","false","1-0-1","Overview","0","color: #86efac"
"1061","#singleShellClientError","","DashboardBaseStyles.html","4901","","1","1","false","1-0-0","Overview","0","display: none; position: sticky; top: 25px; z-index: 2147483646; white-space: pre-wrap; background: #7f1d1d; color: #fff; border-bottom: 2px solid #fecaca; font: 11px/1.35 Arial, Helvetica, sans-serif; padding: 7px 9px"
"1062","#overviewTwo .overviewTwoShellV127","","DashboardBaseStyles.html","4914","","1","1","false","1-1-0","Overview","0","max-width: 1740px; margin: 0 auto; padding: 10px 14px 18px; background: #e9e5e1; color: #172033; font-family: Roboto, Arial, sans-serif"
"1063","#overviewTwo .o2KpiBand","","DashboardBaseStyles.html","4923","","1","1","false","1-1-0","Overview","0","display: grid; grid-template-columns: repeat(5, minmax(135px, 1fr)); gap: 8px; margin-bottom: 8px"
"1064","#overviewTwo .o2KpiCard","","DashboardBaseStyles.html","4930","","1","1","false","1-1-0","Overview","0","background: #fff; border: 1px solid #cfd5df; border-radius: 8px; box-shadow: 0 1px 3px rgba(16, 24, 40, .14); overflow: hidden"
"1065","#overviewTwo .o2Card","","DashboardBaseStyles.html","4930","","1","1","false","1-1-0","Overview","0","background: #fff; border: 1px solid #cfd5df; border-radius: 8px; box-shadow: 0 1px 3px rgba(16, 24, 40, .14); overflow: hidden"
"1066","#overviewTwo .o2KpiCard","","DashboardBaseStyles.html","4939","","1","1","false","1-1-0","Overview","0","min-height: 62px; padding: 8px 10px"
"1067","#overviewTwo .o2KpiCard .label","","DashboardBaseStyles.html","4944","","1","1","false","1-2-0","Overview","0","color: #657287; font-size: 9.5px; letter-spacing: .07em; text-transform: uppercase; font-weight: 900"
"1068","#overviewTwo .o2KpiCard .value","","DashboardBaseStyles.html","4952","","1","1","false","1-2-0","Overview","0","color: #172033; font-size: 22px; line-height: 1; margin-top: 4px; font-weight: 900"
"1069","#overviewTwo .o2KpiSub","","DashboardBaseStyles.html","4960","","1","1","false","1-1-0","Overview","0","margin-top: 5px; display: flex; justify-content: space-between; gap: 8px; color: #657287; font-size: 9.5px; font-weight: 750; white-space: nowrap"
"1070","#overviewTwo .o2FilterDeck","","DashboardBaseStyles.html","4971","","1","1","false","1-1-0","Overview","0","display: grid; grid-template-columns: minmax(210px, .8fr) minmax(360px, 1.25fr) minmax(360px, 1.25fr) minmax(160px, .55fr); gap: 8px; margin-bottom: 8px; position: relative; z-index: 100"
"1071","#overviewTwo .o2FilterDeck .filterCard","","DashboardBaseStyles.html","4980","","1","1","false","1-2-0","Overview","0","min-height: 56px; border-radius: 8px; overflow: visible"
"1072","#overviewTwo .o2TopBarCharts","","DashboardBaseStyles.html","4986","","1","1","false","1-1-0","Overview","0","display: grid; grid-template-columns: repeat(4, minmax(220px, 1fr)); gap: 8px; margin-bottom: 8px"
"1073","#overviewTwo .o2StoryGrid","","DashboardBaseStyles.html","4993","","1","1","false","1-1-0","Overview","0","display: grid; grid-template-columns: minmax(650px, 1.08fr) minmax(720px, 1.15fr); gap: 8px; align-items: stretch"
"1074","#overviewTwo .o2CardHeader","","DashboardBaseStyles.html","5000","","1","1","false","1-1-0","Overview","0","min-height: 40px; padding: 8px 10px 7px; border-bottom: 1px solid #edf0f5; display: flex; align-items: center; justify-content: space-between; gap: 10px"
"1075","#overviewTwo .o2ChartTitle","","DashboardBaseStyles.html","5010","","1","1","false","1-1-0","Overview","0","color: #172033; font-size: 12px; font-weight: 900; line-height: 1.1"
"1076","#overviewTwo .o2ChartSubtle","","DashboardBaseStyles.html","5017","","1","1","false","1-1-0","Overview","0","color: #657287; font-size: 10px; font-weight: 700; margin-top: 2px"
"1077","#overviewTwo .o2SmallChartBox","","DashboardBaseStyles.html","5024","","1","1","false","1-1-0","Overview","0","height: 132px; padding: 2px 8px 7px"
"1078","#overviewTwo .o2TrendBox","","DashboardBaseStyles.html","5029","","1","1","false","1-1-0","Overview","0","height: 430px; padding: 5px 10px 10px 0"
"1079","#overviewTwo .o2DriverCard","","DashboardBaseStyles.html","5034","","1","1","false","1-1-0","Overview","0","min-height: 488px"
"1080","#overviewTwo .o2DriverFocus","","DashboardBaseStyles.html","5038","","1","1","false","1-1-0","Overview","0","min-height: 66px; padding: 8px 10px; background: #f8fafc; border-bottom: 1px solid #edf0f5"
"1081","#overviewTwo .o2FocusEmpty","","DashboardBaseStyles.html","5045","","1","1","false","1-1-0","Overview","0","color: #657287; font-size: 11px; line-height: 1.35; padding: 8px; border: 1px dashed #cfd5df; border-radius: 6px; background: #fff"
"1082","#overviewTwo .o2FocusCard","","DashboardBaseStyles.html","5055","","1","1","false","1-1-0","Overview","0","display: grid; grid-template-columns: 88px minmax(180px, 1fr) minmax(350px, 1.25fr); gap: 10px; align-items: center"
"1083","#overviewTwo .o2FocusLabel","","DashboardBaseStyles.html","5062","","1","1","false","1-1-0","Overview","0","color: #657287; font-size: 9.5px; letter-spacing: .07em; text-transform: uppercase; font-weight: 900"
"1084","#overviewTwo .o2FocusName","","DashboardBaseStyles.html","5070","","1","1","false","1-1-0","Overview","0","color: #172033; font-size: 13px; font-weight: 900; overflow: hidden; text-overflow: ellipsis; white-space: nowrap"
"1085","#overviewTwo .o2FocusStats","","DashboardBaseStyles.html","5079","","1","1","false","1-1-0","Overview","0","display: grid; grid-template-columns: repeat(4, minmax(70px, 1fr)); gap: 6px"
"1086","#overviewTwo .o2FocusStats div","","DashboardBaseStyles.html","5085","","1","1","false","1-1-1","Overview","0","background: #fff; border: 1px solid #edf0f5; border-radius: 5px; padding: 5px 7px"
"1087","#overviewTwo .o2FocusStats span","","DashboardBaseStyles.html","5092","","1","1","false","1-1-1","Overview","0","display: block; color: #657287; font-size: 9px; text-transform: uppercase; font-weight: 850"
"1088","#overviewTwo .o2FocusStats b","","DashboardBaseStyles.html","5100","","1","1","false","1-1-1","Overview","0","display: block; margin-top: 2px; color: #172033; font-size: 12px; font-weight: 900"
"1089","#overviewTwo .o2DriverToolbar","","DashboardBaseStyles.html","5108","","1","1","false","1-1-0","Overview","0","padding: 7px 10px; display: flex; justify-content: space-between; gap: 8px; border-bottom: 1px solid #edf0f5"
"1090","#overviewTwo .o2ButtonGroup","","DashboardBaseStyles.html","5116","","1","1","false","1-1-0","Overview","0","display: flex; flex-wrap: wrap; gap: 5px"
"1091","#overviewTwo .o2ButtonGroup button","","DashboardBaseStyles.html","5122","","1","1","false","1-1-1","Overview","0","border: 1px solid #d5dbe5; background: #f8fafc; color: #344256; border-radius: 999px; padding: 4px 9px; font-size: 10.5px; font-weight: 850; cursor: pointer; font-family: Roboto, Arial, sans-serif"
"1092","#overviewTwo .o2ClearFocusBtn","","DashboardBaseStyles.html","5122","","1","1","false","1-1-0","Overview","0","border: 1px solid #d5dbe5; background: #f8fafc; color: #344256; border-radius: 999px; padding: 4px 9px; font-size: 10.5px; font-weight: 850; cursor: pointer; font-family: Roboto, Arial, sans-serif"
"1093","#overviewTwo .o2ButtonGroup button.active","","DashboardBaseStyles.html","5135","","1","1","false","1-2-1","Overview","0","background: #172033; border-color: #172033; color: #fff"
"1094","#overviewTwo .o2ButtonGroup button:hover","","DashboardBaseStyles.html","5135","","1","1","false","1-2-1","Overview","0","background: #172033; border-color: #172033; color: #fff"
"1095","#overviewTwo .o2ClearFocusBtn:hover","","DashboardBaseStyles.html","5135","","1","1","false","1-2-0","Overview","0","background: #172033; border-color: #172033; color: #fff"
"1096","#overviewTwo .o2TableScroll","","DashboardBaseStyles.html","5143","","1","1","false","1-1-0","Overview","0","max-height: 310px; overflow: auto"
"1097","#overviewTwo table","","DashboardBaseStyles.html","5148","","1","1","false","1-0-1","Overview","0","width: 100%; border-collapse: collapse; font-size: 11px"
"1098","#overviewTwo th","","DashboardBaseStyles.html","5154","","1","1","false","1-0-1","Overview","0","position: sticky; top: 0; z-index: 2; background: #172033; color: #fff; padding: 7px 8px; font-weight: 900; text-align: left; white-space: nowrap; border-right: 1px solid rgba(255,255,255,.14)"
"1099","#overviewTwo th.num","","DashboardBaseStyles.html","5167","","1","1","false","1-1-1","Overview","0","text-align: right"
"1100","#overviewTwo td.num","","DashboardBaseStyles.html","5167","","1","1","false","1-1-1","Overview","0","text-align: right"
"1101","#overviewTwo td","","DashboardBaseStyles.html","5170","","1","1","false","1-0-1","Overview","0","padding: 6px 8px; border: 1px solid #edf0f5; white-space: nowrap; color: #263142"
"1102","#overviewTwo tbody tr:nth-child(even) td","","DashboardBaseStyles.html","5177","","1","1","false","1-1-3","Overview","0","background: #fafafa"
"1103","#overviewTwo tbody tr:hover td","","DashboardBaseStyles.html","5178","","1","1","false","1-1-3","Overview","0","background: #eef6ff; cursor: pointer"
"1104","#overviewTwo tr.pinned td","","DashboardBaseStyles.html","5179","","1","1","false","1-1-2","Overview","1","background: #fff7ed !important; font-weight: 850"
"1105","#overviewTwo .o2NameCell","","DashboardBaseStyles.html","5181","","1","1","false","1-1-0","Overview","0","max-width: 410px; overflow: hidden; text-overflow: ellipsis; white-space: nowrap"
"1106","#overviewTwo .o2ActionCol","","DashboardBaseStyles.html","5188","","1","1","false","1-1-0","Overview","0","width: 72px; text-align: right"
"1107","#overviewTwo .o2FocusBtn","","DashboardBaseStyles.html","5190","","1","1","false","1-1-0","Overview","0","border: 1px solid #cfd5df; background: #fff; color: #172033; border-radius: 999px; padding: 3px 8px; font-size: 10px; font-weight: 900; cursor: pointer; font-family: Roboto, Arial, sans-serif"
"1108","#overviewTwo .o2FocusBtn:hover","","DashboardBaseStyles.html","5202","","1","1","false","1-2-0","Overview","0","background: #172033; border-color: #172033; color: #fff"
"1109","#overviewTwo .o2Positive","","DashboardBaseStyles.html","5208","","1","1","false","1-1-0","Overview","0","color: #067647; font-weight: 900"
"1110","#overviewTwo .good","","DashboardBaseStyles.html","5208","","1","1","false","1-1-0","Overview","0","color: #067647; font-weight: 900"
"1111","#overviewTwo .o2Negative","","DashboardBaseStyles.html","5210","","1","1","false","1-1-0","Overview","0","color: #b42318; font-weight: 900"
"1112","#overviewTwo .bad","","DashboardBaseStyles.html","5210","","1","1","false","1-1-0","Overview","0","color: #b42318; font-weight: 900"
"1113","#overviewTwo .o2Neutral","","DashboardBaseStyles.html","5212","","1","1","false","1-1-0","Overview","0","color: #344256; font-weight: 850"
"1114","#overviewTwo .o2Footer","","DashboardBaseStyles.html","5214","","1","1","false","1-1-0","Overview","0","color: #657287; font-size: 10.5px; text-align: right; padding: 7px 2px 0"
"1115","#overviewTwo .o2KpiBand","@media (max-width: 1280px)","DashboardBaseStyles.html","5222","","1","1","false","1-1-0","Overview","0","grid-template-columns: 1fr"
"1116","#overviewTwo .o2FilterDeck","@media (max-width: 1280px)","DashboardBaseStyles.html","5222","","1","1","false","1-1-0","Overview","0","grid-template-columns: 1fr"
"1117","#overviewTwo .o2TopBarCharts","@media (max-width: 1280px)","DashboardBaseStyles.html","5222","","1","1","false","1-1-0","Overview","0","grid-template-columns: 1fr"
"1118","#overviewTwo .o2StoryGrid","@media (max-width: 1280px)","DashboardBaseStyles.html","5222","","1","1","false","1-1-0","Overview","0","grid-template-columns: 1fr"
"1119","#overviewTwo .o2TrendBox","@media (max-width: 1280px)","DashboardBaseStyles.html","5226","","1","1","false","1-1-0","Overview","0","height: 280px"
"1120","#overviewTwo .o2SmallChartBox","@media (max-width: 1280px)","DashboardBaseStyles.html","5227","","1","1","false","1-1-0","Overview","0","height: 155px"
"1121","#overviewTwo .o2DriverToolbar","@media (max-width: 1280px)","DashboardBaseStyles.html","5228","","1","1","false","1-1-0","Overview","0","flex-direction: column; align-items: flex-start"
"1122","#overviewTwo .o2FocusCard","@media (max-width: 1280px)","DashboardBaseStyles.html","5229","","1","1","false","1-1-0","Overview","0","grid-template-columns: 1fr"
"1123","#overviewTwo .o2FocusStats","@media (max-width: 1280px)","DashboardBaseStyles.html","5230","","1","1","false","1-1-0","Overview","0","grid-template-columns: repeat(2, minmax(90px, 1fr))"
"1124","#overviewOne.legacyOverviewReference:not(.active)","","DashboardBaseStyles.html","5237","","1","1","false","1-2-0","Overview","1","display: none !important"
"1125","#overviewTwo .overviewTwoShellV127","","DashboardBaseStyles.html","5241","","1","1","false","1-1-0","Overview","0","max-width: 1740px; margin: 0 auto; padding: 10px 14px 18px; background: #e9e5e1; color: #172033; font-family: Roboto, Arial, sans-serif"
"1126","#overviewTwo .o2KpiBand","","DashboardBaseStyles.html","5250","","1","1","false","1-1-0","Overview","0","grid-template-columns: repeat(5, minmax(132px, 1fr)); gap: 8px; margin-bottom: 8px"
"1127","#overviewTwo .o2KpiCard","","DashboardBaseStyles.html","5256","","1","1","false","1-1-0","Overview","0","min-height: 54px; padding: 7px 10px 6px; border-radius: 8px"
"1128","#overviewTwo .o2KpiCard .label","","DashboardBaseStyles.html","5262","","1","1","false","1-2-0","Overview","0","font-size: 8.75px; margin-bottom: 2px"
"1129","#overviewTwo .o2KpiCard .value","","DashboardBaseStyles.html","5267","","1","1","false","1-2-0","Overview","0","font-size: 20px; margin-top: 2px"
"1130","#overviewTwo .o2KpiSub","","DashboardBaseStyles.html","5272","","1","1","false","1-1-0","Overview","0","margin-top: 3px; font-size: 9px"
"1131","#overviewTwo .o2FilterRail","","DashboardBaseStyles.html","5277","","1","1","false","1-1-0","Overview","0","background: #fff; border: 1px solid #cfd5df; border-radius: 8px; box-shadow: 0 1px 3px rgba(16,24,40,.12); padding: 8px 9px 9px; margin-bottom: 8px; position: relative; z-index: 1200; overflow: visible"
"1132","#overviewTwo .o2FilterRailHeader","","DashboardBaseStyles.html","5289","","1","1","false","1-1-0","Overview","0","display: flex; align-items: center; justify-content: space-between; gap: 10px; margin-bottom: 7px"
"1133","#overviewTwo .o2FilterEyebrow","","DashboardBaseStyles.html","5297","","1","1","false","1-1-0","Overview","0","color: #344256; font-size: 9.5px; letter-spacing: .08em; text-transform: uppercase; font-weight: 900"
"1134","#overviewTwo .o2FilterHelp","","DashboardBaseStyles.html","5305","","1","1","false","1-1-0","Overview","0","color: #657287; font-size: 10px; font-weight: 700; margin-top: 1px"
"1135","#overviewTwo .o2ChipRow","","DashboardBaseStyles.html","5312","","1","1","false","1-1-0","Overview","0","margin: 0; justify-content: flex-end; flex-wrap: wrap; max-width: 760px"
"1136","#overviewTwo .o2ChipRow .chip","","DashboardBaseStyles.html","5319","","1","1","false","1-2-0","Overview","0","min-height: 22px; padding: 3px 7px; font-size: 9.5px; border-radius: 999px"
"1137","#overviewTwo .o2RealFilterDeck.filterDeck.dropdownDeck","","DashboardBaseStyles.html","5326","","1","1","false","1-3-0","Overview","0","display: grid; grid-template-columns: minmax(190px, .75fr) minmax(280px, 1.08fr) minmax(310px, 1.18fr) minmax(160px, .56fr); gap: 8px; margin: 0; position: relative; z-index: 1300; overflow: visible"
"1138","#overviewTwo .o2RealFilterDeck .filterCard","","DashboardBaseStyles.html","5336","","1","1","false","1-2-0","Overview","5","min-height: 38px !important; padding: 0 !important; border-radius: 7px !important; overflow: visible !important; background: #fff !important"
"1139","#overviewTwo .o2RealFilterDeck .miniLabel","","DashboardBaseStyles.html","5344","","1","1","false","1-2-0","Overview","1","display: none !important"
"1140","#overviewTwo .o2RealFilterDeck .dropdownButton","","DashboardBaseStyles.html","5348","","1","1","false","1-2-0","Overview","7","width: 100% !important; height: 38px !important; min-height: 38px !important; margin: 0 !important; border-radius: 7px !important; font-size: 11.5px !important; font-weight: 850 !important; overflow: hidden; text-overflow: ellipsis; white-space: nowrap"
"1141","#overviewTwo .o2RealFilterDeck .dropdownPanel","","DashboardBaseStyles.html","5361","","1","1","false","1-2-0","Overview","3","top: 43px !important; z-index: 2147483000 !important; max-width: min(720px, calc(100vw - 32px)) !important"
"1142","#overviewTwo .o2RealFilterDeck .productDropdownPanel","","DashboardBaseStyles.html","5367","","1","1","false","1-2-0","Overview","1","min-width: min(620px, calc(100vw - 32px)) !important"
"1143","#overviewTwo .o2RealFilterDeck .customerDropdownPanel","","DashboardBaseStyles.html","5367","","1","1","false","1-2-0","Overview","1","min-width: min(620px, calc(100vw - 32px)) !important"
"1144","#overviewTwo .o2TopBarCharts","","DashboardBaseStyles.html","5372","","1","1","false","1-1-0","Overview","0","grid-template-columns: repeat(4, minmax(220px, 1fr)); gap: 8px; margin-bottom: 8px"
"1145","#overviewTwo .o2SmallChartBox","","DashboardBaseStyles.html","5378","","1","1","false","1-1-0","Overview","0","height: 132px"
"1146","#overviewTwo .o2StoryGrid","","DashboardBaseStyles.html","5382","","1","1","false","1-1-0","Overview","0","grid-template-columns: minmax(660px, 1.08fr) minmax(620px, .92fr); gap: 8px; align-items: stretch"
"1147","#overviewTwo .o2TrendBox","","DashboardBaseStyles.html","5388","","1","1","false","1-1-0","Overview","0","height: 390px"
"1148","#overviewTwo .o2DriverCard","","DashboardBaseStyles.html","5392","","1","1","false","1-1-0","Overview","0","min-height: 448px"
"1149","#overviewTwo .o2KpiBand","@media (max-width: 1280px)","DashboardBaseStyles.html","5397","","1","1","false","1-1-0","Overview","1","grid-template-columns: 1fr !important"
"1150","#overviewTwo .o2RealFilterDeck.filterDeck.dropdownDeck","@media (max-width: 1280px)","DashboardBaseStyles.html","5397","","1","1","false","1-3-0","Overview","1","grid-template-columns: 1fr !important"
"1151","#overviewTwo .o2TopBarCharts","@media (max-width: 1280px)","DashboardBaseStyles.html","5397","","1","1","false","1-1-0","Overview","1","grid-template-columns: 1fr !important"
"1152","#overviewTwo .o2StoryGrid","@media (max-width: 1280px)","DashboardBaseStyles.html","5397","","1","1","false","1-1-0","Overview","1","grid-template-columns: 1fr !important"
"1153","#overviewTwo .o2FilterRailHeader","@media (max-width: 1280px)","DashboardBaseStyles.html","5403","","1","1","false","1-1-0","Overview","0","align-items: flex-start; flex-direction: column"
"1154","#overviewTwo .o2ChipRow","@media (max-width: 1280px)","DashboardBaseStyles.html","5407","","1","1","false","1-1-0","Overview","0","justify-content: flex-start; max-width: none"
"1155","#overviewTwo .o2TrendBox","@media (max-width: 1280px)","DashboardBaseStyles.html","5411","","1","1","false","1-1-0","Overview","0","height: 300px"
"1156","#overviewTwo .o2SmallChartBox","@media (max-width: 1280px)","DashboardBaseStyles.html","5412","","1","1","false","1-1-0","Overview","0","height: 150px"
"1157",".managerTabs","","DashboardBaseStyles.html","5423","","1","1","false","0-1-0","Overview","2","z-index: 9000 !important; overflow: visible !important"
"1158",".managerTabs .navActionStrip","","DashboardBaseStyles.html","5428","","1","1","false","0-2-0","Overview","4","overflow: visible !important; flex: 1 1 auto !important; min-width: 0 !important; gap: 6px !important"
"1159",".navFilterDock","","DashboardBaseStyles.html","5435","","1","1","false","0-1-0","Overview","9","display: inline-flex !important; align-items: center !important; gap: 6px !important; flex: 1 1 auto !important; min-width: 420px !important; justify-content: flex-end !important; overflow: visible !important; position: relative !important; z-index: 9100 !important"
"1160",".navFilterLabel","","DashboardBaseStyles.html","5447","","1","1","false","0-1-0","Overview","6","color: #667085 !important; font-size: 10px !important; font-weight: 900 !important; letter-spacing: .06em !important; text-transform: uppercase !important; white-space: nowrap !important"
"1161","#overviewFilterDeck.topOverviewFilterDeck","","DashboardBaseStyles.html","5456","","1","1","false","1-1-0","Overview","11","display: grid !important; grid-template-columns: minmax(112px, 145px) minmax(145px, 210px) minmax(150px, 225px) minmax(112px, 138px) !important; gap: 5px !important; align-items: center !important; margin: 0 !important; padding: 0 !important; width: min(740px, 100%) !important; max-width: 740px !important; overflow: visible !important; position: relative !important; z-index: 9200 !important"
"1162","#overviewFilterDeck.topOverviewFilterDeck .filterCard","","DashboardBaseStyles.html","5470","","1","1","false","1-2-0","Overview","10","min-height: 30px !important; height: 30px !important; padding: 0 !important; margin: 0 !important; border: 0 !important; border-radius: 6px !important; background: transparent !important; box-shadow: none !important; overflow: visible !important; position: relative !important"
"1163","#overviewFilterDeck.topOverviewFilterDeck .miniLabel","","DashboardBaseStyles.html","5483","","1","1","false","1-2-0","Overview","1","display: none !important"
"1164","#overviewFilterDeck.topOverviewFilterDeck .dropdownButton","","DashboardBaseStyles.html","5487","","1","1","false","1-2-0","Overview","16","width: 100% !important; height: 30px !important; min-height: 30px !important; margin: 0 !important; padding: 0 24px 0 9px !important; border: 1px solid #c9ced8 !important; border-radius: 6px !important; background: #ffffff !important; box-shadow: none !important; color: #172033 !important; font-size: 11px !important; font-weight: 850 !important; line-height: 30px !important; overflow: hidden !important; text-overflow: ellipsis !important; white-space: nowrap !important"
"1165","#overviewFilterDeck.topOverviewFilterDeck .dropdownButton::after","","DashboardBaseStyles.html","5506","","1","1","false","1-2-1","Overview","3","right: 8px !important; top: 50% !important; transform: translateY(-50%) !important"
"1166","#overviewFilterDeck.topOverviewFilterDeck .dropdownPanel","","DashboardBaseStyles.html","5512","","1","1","false","1-2-0","Overview","6","top: 34px !important; left: 0 !important; right: auto !important; z-index: 2147483000 !important; width: min(680px, calc(100vw - 32px)) !important; max-width: min(680px, calc(100vw - 32px)) !important"
"1167","#overviewFilterDeck.topOverviewFilterDeck .productDropdownPanel","","DashboardBaseStyles.html","5521","","1","1","false","1-2-0","Overview","2","width: min(690px, calc(100vw - 32px)) !important; min-width: min(560px, calc(100vw - 32px)) !important"
"1168","#overviewFilterDeck.topOverviewFilterDeck .customerDropdownPanel","","DashboardBaseStyles.html","5521","","1","1","false","1-2-0","Overview","2","width: min(690px, calc(100vw - 32px)) !important; min-width: min(560px, calc(100vw - 32px)) !important"
"1169","#overviewTwo .o2ActiveFilterRow","","DashboardBaseStyles.html","5527","","1","1","false","1-1-0","Overview","5","min-height: 24px !important; margin: 0 0 8px !important; display: flex !important; align-items: center !important; justify-content: flex-end !important"
"1170","#overviewTwo .o2ChipRow","","DashboardBaseStyles.html","5535","","1","1","false","1-1-0","Overview","3","width: 100% !important; justify-content: flex-end !important; min-height: 22px !important"
"1171","#overviewTwo .o2ChipRow .chip","","DashboardBaseStyles.html","5541","","1","1","false","1-2-0","Overview","4","min-height: 21px !important; padding: 3px 7px !important; font-size: 9.5px !important; border-radius: 999px !important"
"1172","#overviewFilterDeck.topOverviewFilterDeck","@media (max-width: 1500px)","DashboardBaseStyles.html","5549","","1","1","false","1-1-0","Overview","2","grid-template-columns: minmax(120px, 150px) minmax(140px, 1fr) minmax(140px, 1fr) minmax(112px, 136px) !important; width: min(700px, 100%) !important"
"1173",".navFilterLabel","@media (max-width: 1500px)","DashboardBaseStyles.html","5553","","1","1","false","0-1-0","Overview","1","display: none !important"
"1174",".managerTabs","@media (max-width: 1120px)","DashboardBaseStyles.html","5557","","1","1","false","0-1-0","Overview","3","height: auto !important; flex-wrap: wrap !important; padding: 5px 6px !important"
"1175",".managerTabs .navActionStrip","@media (max-width: 1120px)","DashboardBaseStyles.html","5562","","1","1","false","0-2-0","Overview","6","order: 10 !important; width: 100% !important; height: auto !important; margin-left: 0 !important; flex-wrap: wrap !important; justify-content: flex-start !important"
"1176",".navFilterDock","@media (max-width: 1120px)","DashboardBaseStyles.html","5570","","1","1","false","0-1-0","Overview","3","width: 100% !important; min-width: 0 !important; justify-content: flex-start !important"
"1177","#overviewFilterDeck.topOverviewFilterDeck","@media (max-width: 1120px)","DashboardBaseStyles.html","5575","","1","1","false","1-1-0","Overview","3","width: 100% !important; max-width: none !important; grid-template-columns: repeat(2, minmax(0, 1fr)) !important"
"1178","#overviewTwo .o2ActiveFilterRow","","DashboardBaseStyles.html","5584","","1","1","false","1-1-0","Overview","6","display: none !important; min-height: 0 !important; height: 0 !important; margin: 0 !important; padding: 0 !important; overflow: hidden !important"
"1179","#overviewTwo .o2ChipRow","","DashboardBaseStyles.html","5584","","1","1","false","1-1-0","Overview","6","display: none !important; min-height: 0 !important; height: 0 !important; margin: 0 !important; padding: 0 !important; overflow: hidden !important"
"1180","#overviewOne .compactChipOnlyRow","","DashboardBaseStyles.html","5584","","1","1","false","1-1-0","Overview","6","display: none !important; min-height: 0 !important; height: 0 !important; margin: 0 !important; padding: 0 !important; overflow: hidden !important"
"1181","#overviewTwo .overviewTwoShellV150","","DashboardBaseStyles.html","5595","","1","1","false","1-1-0","Overview","8","width: min(100%, calc(100vw - 16px)) !important; max-width: none !important; margin: 0 auto !important; padding: 10px 12px 16px !important; background: radial-gradient(circle at 18% 0%, rgba(255,255,255,.90) 0%, rgba(255,255,255,0) 34%), linear-gradient(180deg, #eeece9 0%, #e6e3df 100%) !important; border: 1px solid #d5d1ca !important; border-radius: 12px !important; box-shadow: inset 0 1px 0 rgba(255,255,255,.65), 0 8px 24px rgba(15,23,42,.06) !important"
"1182","#overviewTwo .o2CommandGridV150","","DashboardBaseStyles.html","5608","","1","1","false","1-1-0","Overview","6","display: grid !important; grid-template-columns: minmax(740px, 1fr) minmax(310px, 370px) !important; gap: 10px !important; align-items: stretch !important; margin-bottom: 10px !important; min-width: 0 !important"
"1183","#overviewTwo .o2CommandMainV150","","DashboardBaseStyles.html","5617","","1","1","false","1-1-0","Overview","4","display: grid !important; grid-template-rows: minmax(350px, auto) auto !important; gap: 10px !important; min-width: 0 !important"
"1184","#overviewTwo .o2Card","","DashboardBaseStyles.html","5624","","1","1","false","1-1-0","Overview","2","border-color: #d2d7df !important; box-shadow: 0 1px 2px rgba(16,24,40,.12), 0 6px 16px rgba(16,24,40,.06) !important"
"1185","#overviewTwo .o2KpiCard","","DashboardBaseStyles.html","5624","","1","1","false","1-1-0","Overview","2","border-color: #d2d7df !important; box-shadow: 0 1px 2px rgba(16,24,40,.12), 0 6px 16px rgba(16,24,40,.06) !important"
"1186","#overviewTwo .o2RevenueHeroV150","","DashboardBaseStyles.html","5630","","1","1","false","1-1-0","Overview","4","min-height: 420px !important; border-radius: 14px !important; overflow: hidden !important; background: linear-gradient(180deg, #ffffff 0%, #fbfcfd 100%) !important"
"1187","#overviewTwo .o2RevenueHeroV150 .o2CardHeader","","DashboardBaseStyles.html","5637","","1","1","false","1-2-0","Overview","3","min-height: 44px !important; padding: 10px 13px 7px !important; border-bottom: 0 !important"
"1188","#overviewTwo .o2RevenueHeroV150 .o2TrendBox","","DashboardBaseStyles.html","5643","","1","1","false","1-2-0","Overview","2","height: 366px !important; padding: 0 10px 10px 2px !important"
"1189","#overviewTwo .o2ExecutivePanelV150","","DashboardBaseStyles.html","5648","","1","1","false","1-1-0","Overview","8","min-height: 420px !important; padding: 12px !important; border-radius: 14px !important; background: linear-gradient(180deg, #ffffff 0%, #f9fafb 100%) !important; display: flex !important; flex-direction: column !important; gap: 11px !important; overflow: hidden !important"
"1190","#overviewTwo .o2ExecutiveHeaderV150","","DashboardBaseStyles.html","5660","","1","1","false","1-1-0","Overview","6","display: flex !important; justify-content: space-between !important; align-items: flex-start !important; gap: 10px !important; padding-bottom: 9px !important; border-bottom: 1px solid #edf0f4 !important"
"1191","#overviewTwo .o2ExecutiveEyebrowV150","","DashboardBaseStyles.html","5669","","1","1","false","1-1-0","Overview","6","color: #172033 !important; font-size: 12px !important; font-weight: 950 !important; letter-spacing: .03em !important; text-transform: uppercase !important; line-height: 1.1 !important"
"1192","#overviewTwo .o2ExecutiveSubV150","","DashboardBaseStyles.html","5678","","1","1","false","1-1-0","Overview","4","margin-top: 3px !important; color: #667085 !important; font-size: 10.5px !important; font-weight: 750 !important"
"1193","#overviewTwo .o2SnapshotToneV150","","DashboardBaseStyles.html","5685","","1","1","false","1-1-0","Overview","10","flex: 0 0 auto !important; border: 1px solid #d5dae2 !important; border-radius: 999px !important; padding: 4px 8px !important; background: #f8fafc !important; color: #475467 !important; font-size: 10.5px !important; font-weight: 900 !important; line-height: 1 !important; white-space: nowrap !important"
"1194","#overviewTwo .o2SnapshotToneV150.good","","DashboardBaseStyles.html","5698","","1","1","false","1-2-0","Overview","3","background: #ecfdf3 !important; border-color: #abefc6 !important; color: #067647 !important"
"1195","#overviewTwo .o2SnapshotToneV150.bad","","DashboardBaseStyles.html","5704","","1","1","false","1-2-0","Overview","3","background: #fef3f2 !important; border-color: #fecdca !important; color: #b42318 !important"
"1196","#overviewTwo .o2KpiBandSideV150","","DashboardBaseStyles.html","5710","","1","1","false","1-1-0","Overview","4","display: grid !important; grid-template-columns: 1fr !important; gap: 7px !important; margin: 0 !important"
"1197","#overviewTwo .o2KpiBandSideV150 .o2KpiCard","","DashboardBaseStyles.html","5717","","1","1","false","1-2-0","Overview","6","min-height: 56px !important; padding: 8px 10px !important; border-radius: 10px !important; box-shadow: none !important; border: 1px solid #e0e5ec !important; background: #ffffff !important"
"1198","#overviewTwo .o2KpiBandSideV150 .o2KpiCard .label","","DashboardBaseStyles.html","5726","","1","1","false","1-3-0","Overview","3","font-size: 8.5px !important; line-height: 1 !important; letter-spacing: .08em !important"
"1199","#overviewTwo .o2KpiBandSideV150 .o2KpiCard .value","","DashboardBaseStyles.html","5732","","1","1","false","1-3-0","Overview","4","font-size: 20px !important; line-height: .98 !important; margin-top: 3px !important; letter-spacing: -.02em !important"
"1200","#overviewTwo .o2KpiBandSideV150 .o2KpiSub","","DashboardBaseStyles.html","5739","","1","1","false","1-2-0","Overview","2","margin-top: 5px !important; font-size: 9.25px !important"
"1201","#overviewTwo .o2YearStackV150","","DashboardBaseStyles.html","5744","","1","1","false","1-1-0","Overview","4","border: 1px solid #e0e5ec !important; border-radius: 12px !important; background: #fbfcfe !important; padding: 9px !important"
"1202","#overviewTwo .o2YearStackHeaderV150","","DashboardBaseStyles.html","5751","","1","1","false","1-1-0","Overview","8","display: flex !important; align-items: baseline !important; justify-content: space-between !important; gap: 8px !important; color: #172033 !important; font-size: 11px !important; font-weight: 950 !important; margin-bottom: 7px !important"
"1203","#overviewTwo .o2YearStackHeaderV150 span","","DashboardBaseStyles.html","5762","","1","1","false","1-1-1","Overview","4","color: #667085 !important; font-size: 9px !important; font-weight: 800 !important; white-space: nowrap !important"
"1204","#overviewTwo .o2YearStackRowsV150","","DashboardBaseStyles.html","5769","","1","1","false","1-1-0","Overview","2","display: grid !important; gap: 5px !important"
"1205","#overviewTwo .o2YearRowV150","","DashboardBaseStyles.html","5774","","1","1","false","1-1-0","Overview","8","display: grid !important; grid-template-columns: 44px minmax(0, 1fr) 74px !important; align-items: center !important; gap: 8px !important; padding: 6px 7px !important; border-radius: 8px !important; background: #ffffff !important; border: 1px solid #edf0f4 !important"
"1206","#overviewTwo .o2YearRowV150 .year","","DashboardBaseStyles.html","5785","","1","1","false","1-2-0","Overview","3","color: #172033 !important; font-size: 14px !important; font-weight: 950 !important"
"1207","#overviewTwo .o2YearRowV150 .amount","","DashboardBaseStyles.html","5791","","1","1","false","1-2-0","Overview","5","color: #172033 !important; font-size: 13px !important; font-weight: 900 !important; text-align: right !important; white-space: nowrap !important"
"1208","#overviewTwo .o2YearRowV150 .delta","","DashboardBaseStyles.html","5799","","1","1","false","1-2-0","Overview","5","color: #667085 !important; font-size: 11px !important; font-weight: 950 !important; text-align: right !important; white-space: nowrap !important"
"1209","#overviewTwo .o2YearRowV150 .delta.good","","DashboardBaseStyles.html","5807","","1","1","false","1-3-0","Overview","1","color: #067647 !important"
"1210","#overviewTwo .o2YearRowV150 .delta.bad","","DashboardBaseStyles.html","5808","","1","1","false","1-3-0","Overview","1","color: #b42318 !important"
"1211","#overviewTwo .o2AnalyticsRowV150","","DashboardBaseStyles.html","5810","","1","1","false","1-1-0","Overview","4","display: grid !important; grid-template-columns: minmax(320px, .8fr) minmax(440px, 1.2fr) !important; gap: 10px !important; min-width: 0 !important"
"1212","#overviewTwo .o2AnalyticsCardV150","","DashboardBaseStyles.html","5817","","1","1","false","1-1-0","Overview","4","min-height: 188px !important; border-radius: 12px !important; background: #ffffff !important; overflow: hidden !important"
"1213","#overviewTwo .o2CardHeader.compactV150","","DashboardBaseStyles.html","5824","","1","1","false","1-2-0","Overview","2","min-height: 42px !important; padding: 8px 10px 6px !important"
"1214","#overviewTwo .o2GapChartBoxV150","","DashboardBaseStyles.html","5829","","1","1","false","1-1-0","Overview","2","height: 136px !important; padding: 0 9px 8px 3px !important"
"1215","#overviewTwo .o2MonthlyYoyTilesV150","","DashboardBaseStyles.html","5834","","1","1","false","1-1-0","Overview","4","display: grid !important; grid-template-columns: repeat(6, minmax(0, 1fr)) !important; gap: 6px !important; padding: 0 10px 10px !important"
"1216","#overviewTwo .o2MonthTileV150","","DashboardBaseStyles.html","5841","","1","1","false","1-1-0","Overview","9","min-height: 62px !important; border: 1px solid #e0e5ec !important; border-radius: 10px !important; background: #fbfcfe !important; padding: 7px 8px !important; display: flex !important; flex-direction: column !important; justify-content: space-between !important; min-width: 0 !important"
"1217","#overviewTwo .o2MonthTileV150 .month","","DashboardBaseStyles.html","5853","","1","1","false","1-2-0","Overview","5","color: #667085 !important; font-size: 10px !important; font-weight: 950 !important; text-transform: uppercase !important; letter-spacing: .05em !important"
"1218","#overviewTwo .o2MonthTileV150 .pct","","DashboardBaseStyles.html","5861","","1","1","false","1-2-0","Overview","4","color: #172033 !important; font-size: 15px !important; font-weight: 950 !important; line-height: 1 !important"
"1219","#overviewTwo .o2MonthTileV150 .gap","","DashboardBaseStyles.html","5868","","1","1","false","1-2-0","Overview","6","color: #667085 !important; font-size: 10px !important; font-weight: 850 !important; white-space: nowrap !important; overflow: hidden !important; text-overflow: ellipsis !important"
"1220","#overviewTwo .o2MonthTileV150.good","","DashboardBaseStyles.html","5877","","1","1","false","1-2-0","Overview","2","background: #f0fdf4 !important; border-color: #bbf7d0 !important"
"1221","#overviewTwo .o2MonthTileV150.good .pct","","DashboardBaseStyles.html","5882","","1","1","false","1-3-0","Overview","1","color: #067647 !important"
"1222","#overviewTwo .o2MonthTileV150.good .gap","","DashboardBaseStyles.html","5882","","1","1","false","1-3-0","Overview","1","color: #067647 !important"
"1223","#overviewTwo .o2MonthTileV150.bad","","DashboardBaseStyles.html","5885","","1","1","false","1-2-0","Overview","2","background: #fff7f7 !important; border-color: #fecaca !important"
"1224","#overviewTwo .o2MonthTileV150.bad .pct","","DashboardBaseStyles.html","5890","","1","1","false","1-3-0","Overview","1","color: #b42318 !important"
"1225","#overviewTwo .o2MonthTileV150.bad .gap","","DashboardBaseStyles.html","5890","","1","1","false","1-3-0","Overview","1","color: #b42318 !important"
"1226","#overviewTwo .o2TopBarChartsV150","","DashboardBaseStyles.html","5893","","1","1","false","1-1-0","Overview","3","grid-template-columns: repeat(4, minmax(230px, 1fr)) !important; gap: 10px !important; margin: 0 0 10px !important"
"1227","#overviewTwo .o2TopBarChartsV150 .o2SmallChartBox","","DashboardBaseStyles.html","5899","","1","1","false","1-2-0","Overview","2","height: 142px !important; padding: 0 8px 8px !important"
"1228","#overviewTwo .o2DriverSectionV150","","DashboardBaseStyles.html","5904","","1","1","false","1-1-0","Overview","1","margin-top: 0 !important"
"1229","#overviewTwo .o2DriverSectionV150 .o2DriverCard","","DashboardBaseStyles.html","5908","","1","1","false","1-2-0","Overview","2","min-height: 430px !important; border-radius: 12px !important"
"1230","#overviewTwo .o2DriverSectionV150 .o2TableScroll","","DashboardBaseStyles.html","5913","","1","1","false","1-2-0","Overview","1","max-height: 345px !important"
"1231","#overviewTwo .o2CommandGridV150","@media (max-width: 1320px)","DashboardBaseStyles.html","5918","","1","1","false","1-1-0","Overview","1","grid-template-columns: 1fr !important"
"1232","#overviewTwo .o2ExecutivePanelV150","@media (max-width: 1320px)","DashboardBaseStyles.html","5922","","1","1","false","1-1-0","Overview","1","min-height: 0 !important"
"1233","#overviewTwo .o2KpiBandSideV150","@media (max-width: 1320px)","DashboardBaseStyles.html","5926","","1","1","false","1-1-0","Overview","1","grid-template-columns: repeat(5, minmax(120px, 1fr)) !important"
"1234","#overviewTwo .o2YearStackRowsV150","@media (max-width: 1320px)","DashboardBaseStyles.html","5930","","1","1","false","1-1-0","Overview","1","grid-template-columns: repeat(3, minmax(0, 1fr)) !important"
"1235","#overviewTwo .o2YearRowV150","@media (max-width: 1320px)","DashboardBaseStyles.html","5934","","1","1","false","1-1-0","Overview","1","grid-template-columns: 40px minmax(0, 1fr) 66px !important"
"1236","#overviewTwo .overviewTwoShellV150","@media (max-width: 900px)","DashboardBaseStyles.html","5940","","1","1","false","1-1-0","Overview","3","width: 100% !important; padding: 7px !important; border-radius: 0 !important"
"1237","#overviewTwo .o2CommandGridV150","@media (max-width: 900px)","DashboardBaseStyles.html","5946","","1","1","false","1-1-0","Overview","1","grid-template-columns: 1fr !important"
"1238","#overviewTwo .o2AnalyticsRowV150","@media (max-width: 900px)","DashboardBaseStyles.html","5946","","1","1","false","1-1-0","Overview","1","grid-template-columns: 1fr !important"
"1239","#overviewTwo .o2TopBarChartsV150","@media (max-width: 900px)","DashboardBaseStyles.html","5946","","1","1","false","1-1-0","Overview","1","grid-template-columns: 1fr !important"
"1240","#overviewTwo .o2KpiBandSideV150","@media (max-width: 900px)","DashboardBaseStyles.html","5952","","1","1","false","1-1-0","Overview","1","grid-template-columns: repeat(2, minmax(0, 1fr)) !important"
"1241","#overviewTwo .o2YearStackRowsV150","@media (max-width: 900px)","DashboardBaseStyles.html","5956","","1","1","false","1-1-0","Overview","1","grid-template-columns: 1fr !important"
"1242","#overviewTwo .o2MonthlyYoyTilesV150","@media (max-width: 900px)","DashboardBaseStyles.html","5960","","1","1","false","1-1-0","Overview","1","grid-template-columns: repeat(2, minmax(0, 1fr)) !important"
"1243","#overviewTwo .o2RevenueHeroV150 .o2TrendBox","@media (max-width: 900px)","DashboardBaseStyles.html","5964","","1","1","false","1-2-0","Overview","1","height: 300px !important"
"1244","#overviewTwo .o2FeatureDockV153","","DashboardBaseStyles.html","5971","","1","1","false","1-1-0","Overview","5","display: grid !important; grid-template-columns: minmax(210px, 260px) minmax(0, 1fr) !important; gap: 10px !important; align-items: stretch !important; margin: 0 0 10px !important"
"1245","#overviewTwo .o2FeatureControlsV153","","DashboardBaseStyles.html","5979","","1","1","false","1-1-0","Overview","8","display: grid !important; grid-template-columns: 1fr !important; gap: 7px !important; padding: 10px !important; border-radius: 14px !important; background: radial-gradient(circle at 0% 0%, rgba(37,99,235,.12) 0%, rgba(37,99,235,0) 38%), linear-gradient(180deg, #ffffff 0%, #f8fafc 100%) !important; border: 1px solid #d2d7df !important; box-shadow: 0 1px 2px rgba(16,24,40,.12), 0 6px 16px rgba(16,24,40,.06) !important"
"1246","#overviewTwo .o2FeatureControlsTitleV153","","DashboardBaseStyles.html","5992","","1","1","false","1-1-0","Overview","6","color: #172033 !important; font-size: 11px !important; font-weight: 950 !important; letter-spacing: .06em !important; text-transform: uppercase !important; margin-bottom: 2px !important"
"1247","#overviewTwo .o2FeatureControlsHintV153","","DashboardBaseStyles.html","6001","","1","1","false","1-1-0","Overview","5","color: #667085 !important; font-size: 10.5px !important; font-weight: 700 !important; line-height: 1.25 !important; margin-bottom: 2px !important"
"1248","#overviewTwo .o2InsightButtonV153","","DashboardBaseStyles.html","6009","","1","1","false","1-1-0","Overview","17","width: 100% !important; border: 1px solid #d8dee8 !important; border-radius: 10px !important; background: #ffffff !important; color: #344054 !important; min-height: 35px !important; padding: 7px 10px !important; display: flex !important; align-items: center !important; justify-content: space-between !important; gap: 8px !important; cursor: pointer !important; font-family: Roboto, Arial, sans-serif !important; font-size: 12px !important; font-weight: 850 !important; box-shadow: 0 1px 1px rgba(16,24,40,.04) !important; transition: transform 100ms ease, box-shadow 100ms ease, background 100ms ease, border-color 100ms ease !important"
"1249","#overviewTwo .o2InsightButtonV153:hover","","DashboardBaseStyles.html","6029","","1","1","false","1-2-0","Overview","3","transform: translateY(-1px) !important; border-color: #b8c2cf !important; box-shadow: 0 5px 12px rgba(16,24,40,.10) !important"
"1250","#overviewTwo .o2InsightButtonV153.active","","DashboardBaseStyles.html","6035","","1","1","false","1-2-0","Overview","4","background: #172033 !important; border-color: #172033 !important; color: #ffffff !important; box-shadow: 0 7px 16px rgba(23,32,51,.22) !important"
"1251","#overviewTwo .o2InsightButtonV153 .icon","","DashboardBaseStyles.html","6042","","1","1","false","1-2-0","Overview","11","flex: 0 0 auto !important; width: 20px !important; height: 20px !important; display: inline-flex !important; align-items: center !important; justify-content: center !important; border-radius: 999px !important; background: #eef2f7 !important; color: #172033 !important; font-size: 12px !important; line-height: 1 !important"
"1252","#overviewTwo .o2InsightButtonV153.active .icon","","DashboardBaseStyles.html","6056","","1","1","false","1-3-0","Overview","2","background: rgba(255,255,255,.16) !important; color: #ffffff !important"
"1253","#overviewTwo .o2InsightButtonV153 .text","","DashboardBaseStyles.html","6061","","1","1","false","1-2-0","Overview","6","flex: 1 1 auto !important; min-width: 0 !important; text-align: left !important; white-space: nowrap !important; overflow: hidden !important; text-overflow: ellipsis !important"
"1254","#overviewTwo .o2InsightButtonV153 .chev","","DashboardBaseStyles.html","6070","","1","1","false","1-2-0","Overview","3","color: #98a2b3 !important; font-size: 13px !important; font-weight: 950 !important"
"1255","#overviewTwo .o2InsightButtonV153.active .chev","","DashboardBaseStyles.html","6076","","1","1","false","1-3-0","Overview","1","color: #ffffff !important"
"1256","#overviewTwo .o2ExecutiveInsightsPanelV153","","DashboardBaseStyles.html","6080","","1","1","false","1-1-0","Overview","5","min-height: 206px !important; border-radius: 14px !important; padding: 0 !important; overflow: hidden !important; background: radial-gradient(circle at 100% 0%, rgba(6,118,71,.10) 0%, rgba(6,118,71,0) 32%), linear-gradient(180deg, #ffffff 0%, #fbfcfe 100%) !important"
"1257","#overviewTwo .o2InsightsHeaderV153","","DashboardBaseStyles.html","6090","","1","1","false","1-1-0","Overview","6","display: flex !important; justify-content: space-between !important; align-items: flex-start !important; gap: 14px !important; padding: 12px 14px 9px !important; border-bottom: 1px solid #edf0f4 !important"
"1258","#overviewTwo .o2InsightsBadgeV153","","DashboardBaseStyles.html","6099","","1","1","false","1-1-0","Overview","10","flex: 0 0 auto !important; border-radius: 999px !important; padding: 5px 9px !important; background: #eff6ff !important; border: 1px solid #bfdbfe !important; color: #1d4ed8 !important; font-size: 10.5px !important; font-weight: 950 !important; line-height: 1 !important; white-space: nowrap !important"
"1259","#overviewTwo .o2ExecutiveInsightsBodyV153","","DashboardBaseStyles.html","6112","","1","1","false","1-1-0","Overview","5","display: grid !important; grid-template-columns: minmax(0, 1.1fr) minmax(0, .9fr) !important; gap: 10px !important; padding: 10px 12px 12px !important; min-height: 142px !important"
"1260","#overviewTwo .o2InsightNarrativeV153","","DashboardBaseStyles.html","6120","","1","1","false","1-1-0","Overview","4","min-width: 0 !important; display: flex !important; flex-direction: column !important; gap: 8px !important"
"1261","#overviewTwo .o2InsightLeadV153","","DashboardBaseStyles.html","6127","","1","1","false","1-1-0","Overview","9","border-radius: 12px !important; background: #f8fafc !important; border: 1px solid #e2e8f0 !important; padding: 11px 12px !important; color: #172033 !important; font-size: 15px !important; font-weight: 950 !important; letter-spacing: -.01em !important; line-height: 1.22 !important"
"1262","#overviewTwo .o2InsightLeadV153.good","","DashboardBaseStyles.html","6139","","1","1","false","1-2-0","Overview","3","background: #f0fdf4 !important; border-color: #bbf7d0 !important; color: #067647 !important"
"1263","#overviewTwo .o2InsightLeadV153.bad","","DashboardBaseStyles.html","6145","","1","1","false","1-2-0","Overview","3","background: #fff7f7 !important; border-color: #fecaca !important; color: #b42318 !important"
"1264","#overviewTwo .o2InsightBulletsV153","","DashboardBaseStyles.html","6151","","1","1","false","1-1-0","Overview","2","display: grid !important; gap: 6px !important"
"1265","#overviewTwo .o2InsightBulletV153","","DashboardBaseStyles.html","6156","","1","1","false","1-1-0","Overview","12","display: grid !important; grid-template-columns: 20px minmax(0, 1fr) auto !important; gap: 8px !important; align-items: center !important; padding: 7px 8px !important; border-radius: 10px !important; border: 1px solid #edf0f4 !important; background: #ffffff !important; color: #344054 !important; font-size: 12px !important; font-weight: 750 !important; min-width: 0 !important"
"1266","#overviewTwo .o2InsightBulletV153 .dot","","DashboardBaseStyles.html","6171","","1","1","false","1-2-0","Overview","11","width: 18px !important; height: 18px !important; border-radius: 999px !important; background: #eef2f7 !important; color: #344054 !important; display: inline-flex !important; align-items: center !important; justify-content: center !important; font-size: 10px !important; font-weight: 950 !important; line-height: 1 !important"
"1267","#overviewTwo .o2InsightBulletV153 .label","","DashboardBaseStyles.html","6185","","1","1","false","1-2-0","Overview","4","min-width: 0 !important; overflow: hidden !important; white-space: nowrap !important; text-overflow: ellipsis !important"
"1268","#overviewTwo .o2InsightBulletV153 .value","","DashboardBaseStyles.html","6192","","1","1","false","1-2-0","Overview","4","color: #172033 !important; font-size: 12px !important; font-weight: 950 !important; white-space: nowrap !important"
"1269","#overviewTwo .o2InsightBulletV153.good .dot","","DashboardBaseStyles.html","6199","","1","1","false","1-3-0","Overview","1","color: #067647 !important"
"1270","#overviewTwo .o2InsightBulletV153.good .value","","DashboardBaseStyles.html","6199","","1","1","false","1-3-0","Overview","1","color: #067647 !important"
"1271","#overviewTwo .o2InsightBulletV153.bad .dot","","DashboardBaseStyles.html","6204","","1","1","false","1-3-0","Overview","1","color: #b42318 !important"
"1272","#overviewTwo .o2InsightBulletV153.bad .value","","DashboardBaseStyles.html","6204","","1","1","false","1-3-0","Overview","1","color: #b42318 !important"
"1273","#overviewTwo .o2InsightStatGridV153","","DashboardBaseStyles.html","6209","","1","1","false","1-1-0","Overview","4","display: grid !important; grid-template-columns: repeat(2, minmax(0, 1fr)) !important; gap: 8px !important; min-width: 0 !important"
"1274","#overviewTwo .o2InsightStatV153","","DashboardBaseStyles.html","6216","","1","1","false","1-1-0","Overview","9","min-height: 68px !important; border-radius: 12px !important; background: #ffffff !important; border: 1px solid #e2e8f0 !important; padding: 9px 10px !important; display: flex !important; flex-direction: column !important; justify-content: space-between !important; min-width: 0 !important"
"1275","#overviewTwo .o2InsightStatV153 .label","","DashboardBaseStyles.html","6228","","1","1","false","1-2-0","Overview","8","color: #667085 !important; font-size: 9.5px !important; font-weight: 950 !important; letter-spacing: .055em !important; text-transform: uppercase !important; white-space: nowrap !important; overflow: hidden !important; text-overflow: ellipsis !important"
"1276","#overviewTwo .o2InsightStatV153 .value","","DashboardBaseStyles.html","6239","","1","1","false","1-2-0","Overview","7","color: #172033 !important; font-size: 18px !important; font-weight: 950 !important; letter-spacing: -.02em !important; white-space: nowrap !important; overflow: hidden !important; text-overflow: ellipsis !important"
"1277","#overviewTwo .o2InsightStatV153 .sub","","DashboardBaseStyles.html","6249","","1","1","false","1-2-0","Overview","6","color: #667085 !important; font-size: 10px !important; font-weight: 800 !important; white-space: nowrap !important; overflow: hidden !important; text-overflow: ellipsis !important"
"1278","#overviewTwo.o2BossViewV153 .o2TopBarChartsV150","","DashboardBaseStyles.html","6258","","1","1","false","1-2-0","Overview","1","display: none !important"
"1279","#overviewTwo.o2BossViewV153 .o2DriverSectionV150","","DashboardBaseStyles.html","6258","","1","1","false","1-2-0","Overview","1","display: none !important"
"1280","#overviewTwo.o2BossViewV153 .o2FeatureDockV153","","DashboardBaseStyles.html","6263","","1","1","false","1-2-0","Overview","1","grid-template-columns: minmax(210px, 260px) minmax(0, 1fr) !important"
"1281","#overviewTwo.o2BossViewV153 .o2InsightGridV152","","DashboardBaseStyles.html","6267","","1","1","false","1-2-0","Overview","1","margin-bottom: 0 !important"
"1282","#overviewTwo .o2FeatureDockV153","@media (max-width: 1180px)","DashboardBaseStyles.html","6272","","1","1","false","1-1-0","Overview","1","grid-template-columns: 1fr !important"
"1283","#overviewTwo .o2FeatureControlsV153","@media (max-width: 1180px)","DashboardBaseStyles.html","6275","","1","1","false","1-1-0","Overview","2","grid-template-columns: repeat(5, minmax(130px, 1fr)) !important; overflow-x: auto !important"
"1284","#overviewTwo .o2FeatureControlsTitleV153","@media (max-width: 1180px)","DashboardBaseStyles.html","6279","","1","1","false","1-1-0","Overview","1","grid-column: 1 / -1 !important"
"1285","#overviewTwo .o2FeatureControlsHintV153","@media (max-width: 1180px)","DashboardBaseStyles.html","6279","","1","1","false","1-1-0","Overview","1","grid-column: 1 / -1 !important"
"1286","#overviewTwo .o2FeatureControlsV153","@media (max-width: 780px)","DashboardBaseStyles.html","6286","","1","1","false","1-1-0","Overview","1","grid-template-columns: 1fr !important"
"1287","#overviewTwo .o2ExecutiveInsightsBodyV153","@media (max-width: 780px)","DashboardBaseStyles.html","6289","","1","1","false","1-1-0","Overview","1","grid-template-columns: 1fr !important"
"1288","#overviewTwo .o2InsightStatGridV153","@media (max-width: 780px)","DashboardBaseStyles.html","6292","","1","1","false","1-1-0","Overview","1","grid-template-columns: 1fr 1fr !important"
"1289","#overviewTwo .overviewTwoShellV150","","DashboardBaseStyles.html","6303","","1","1","false","1-1-0","Overview","3","width: min(100%, calc(100vw - 14px)) !important; padding: 10px 12px 14px !important; background: #eeeae6 !important"
"1290","#overviewTwo .o2CommandGridV150","","DashboardBaseStyles.html","6309","","1","1","false","1-1-0","Overview","5","display: grid !important; grid-template-columns: minmax(900px, 1fr) minmax(305px, 350px) !important; gap: 10px !important; align-items: stretch !important; margin-bottom: 10px !important"
"1291","#overviewTwo .o2CommandMainV150","","DashboardBaseStyles.html","6317","","1","1","false","1-1-0","Overview","6","display: grid !important; grid-template-columns: minmax(560px, 1.32fr) minmax(340px, .82fr) !important; grid-template-rows: 392px !important; gap: 10px !important; align-items: stretch !important; min-width: 0 !important"
"1292","#overviewTwo .o2RevenueHeroV150","","DashboardBaseStyles.html","6326","","1","1","false","1-1-0","Overview","5","height: 392px !important; min-height: 392px !important; border-radius: 14px !important; grid-column: 1 !important; grid-row: 1 !important"
"1293","#overviewTwo .o2RevenueHeroV150 .o2CardHeader","","DashboardBaseStyles.html","6334","","1","1","false","1-2-0","Overview","2","min-height: 42px !important; padding: 10px 13px 6px !important"
"1294","#overviewTwo .o2RevenueHeroV150 .o2TrendBox","","DashboardBaseStyles.html","6339","","1","1","false","1-2-0","Overview","2","height: 332px !important; padding: 0 10px 10px 2px !important"
"1295","#overviewTwo .o2AnalyticsRowV150","","DashboardBaseStyles.html","6344","","1","1","false","1-1-0","Overview","9","grid-column: 2 !important; grid-row: 1 !important; display: grid !important; grid-template-columns: 1fr !important; grid-template-rows: minmax(166px, .88fr) minmax(216px, 1.12fr) !important; gap: 10px !important; min-height: 0 !important; height: 392px !important; align-items: stretch !important"
"1296","#overviewTwo .o2AnalyticsCardV150","","DashboardBaseStyles.html","6356","","1","1","false","1-1-0","Overview","5","min-height: 0 !important; height: auto !important; border-radius: 14px !important; background: #ffffff !important; overflow: hidden !important"
"1297","#overviewTwo .o2AnalyticsCardV150 .o2CardHeader.compactV150","","DashboardBaseStyles.html","6364","","1","1","false","1-3-0","Overview","2","min-height: 40px !important; padding: 8px 10px 5px !important"
"1298","#overviewTwo .o2GapChartBoxV150","","DashboardBaseStyles.html","6369","","1","1","false","1-1-0","Overview","2","height: 118px !important; padding: 0 8px 7px 2px !important"
"1299","#overviewTwo .o2MonthlyYoyTilesV150","","DashboardBaseStyles.html","6374","","1","1","false","1-1-0","Overview","5","display: grid !important; grid-template-columns: repeat(2, minmax(0, 1fr)) !important; gap: 6px !important; padding: 0 10px 10px !important; align-content: start !important"
"1300","#overviewTwo .o2MonthTileV150","","DashboardBaseStyles.html","6382","","1","1","false","1-1-0","Overview","3","min-height: 50px !important; border-radius: 10px !important; padding: 6px 7px !important"
"1301","#overviewTwo .o2MonthTileV150 .month","","DashboardBaseStyles.html","6388","","1","1","false","1-2-0","Overview","1","font-size: 9px !important"
"1302","#overviewTwo .o2MonthTileV150 .pct","","DashboardBaseStyles.html","6392","","1","1","false","1-2-0","Overview","1","font-size: 14px !important"
"1303","#overviewTwo .o2MonthTileV150 .gap","","DashboardBaseStyles.html","6396","","1","1","false","1-2-0","Overview","1","font-size: 9.5px !important"
"1304","#overviewTwo .o2ExecutivePanelV150","","DashboardBaseStyles.html","6400","","1","1","false","1-1-0","Overview","5","height: 392px !important; min-height: 392px !important; padding: 10px !important; gap: 8px !important; border-radius: 14px !important"
"1305","#overviewTwo .o2ExecutiveHeaderV150","","DashboardBaseStyles.html","6408","","1","1","false","1-1-0","Overview","1","padding-bottom: 7px !important"
"1306","#overviewTwo .o2KpiBandSideV150","","DashboardBaseStyles.html","6412","","1","1","false","1-1-0","Overview","1","gap: 6px !important"
"1307","#overviewTwo .o2KpiBandSideV150 .o2KpiCard","","DashboardBaseStyles.html","6416","","1","1","false","1-2-0","Overview","3","min-height: 49px !important; padding: 7px 9px !important; border-radius: 10px !important"
"1308","#overviewTwo .o2KpiBandSideV150 .o2KpiCard .value","","DashboardBaseStyles.html","6422","","1","1","false","1-3-0","Overview","3","font-size: 18px !important; line-height: .98 !important; margin-top: 2px !important"
"1309","#overviewTwo .o2KpiBandSideV150 .o2KpiSub","","DashboardBaseStyles.html","6428","","1","1","false","1-2-0","Overview","2","margin-top: 4px !important; font-size: 8.8px !important"
"1310","#overviewTwo .o2YearStackV150","","DashboardBaseStyles.html","6433","","1","1","false","1-1-0","Overview","2","padding: 8px !important; border-radius: 11px !important"
"1311","#overviewTwo .o2YearStackHeaderV150","","DashboardBaseStyles.html","6438","","1","1","false","1-1-0","Overview","1","margin-bottom: 5px !important"
"1312","#overviewTwo .o2YearRowV150","","DashboardBaseStyles.html","6442","","1","1","false","1-1-0","Overview","3","padding: 5px 7px !important; grid-template-columns: 42px minmax(0, 1fr) 62px !important; gap: 6px !important"
"1313","#overviewTwo .o2YearRowV150 .year","","DashboardBaseStyles.html","6448","","1","1","false","1-2-0","Overview","1","font-size: 13px !important"
"1314","#overviewTwo .o2YearRowV150 .amount","","DashboardBaseStyles.html","6452","","1","1","false","1-2-0","Overview","1","font-size: 12px !important"
"1315","#overviewTwo .o2YearRowV150 .delta","","DashboardBaseStyles.html","6456","","1","1","false","1-2-0","Overview","1","font-size: 10px !important"
"1316","#overviewTwo .o2FeatureDockV153","","DashboardBaseStyles.html","6461","","1","1","false","1-1-0","Overview","3","grid-template-columns: minmax(190px, 240px) minmax(0, 1fr) !important; gap: 10px !important; margin-bottom: 10px !important"
"1317","#overviewTwo .o2FeatureControlsV153","","DashboardBaseStyles.html","6467","","1","1","false","1-1-0","Overview","3","padding: 9px !important; gap: 6px !important; border-radius: 13px !important"
"1318","#overviewTwo .o2InsightButtonV153","","DashboardBaseStyles.html","6473","","1","1","false","1-1-0","Overview","4","min-height: 32px !important; border-radius: 9px !important; padding: 6px 9px !important; font-size: 11.5px !important"
"1319","#overviewTwo .o2ExecutiveInsightsPanelV153","","DashboardBaseStyles.html","6480","","1","1","false","1-1-0","Overview","2","min-height: 190px !important; border-radius: 13px !important"
"1320","#overviewTwo .o2ExecutiveInsightsBodyV153","","DashboardBaseStyles.html","6485","","1","1","false","1-1-0","Overview","3","min-height: 125px !important; padding: 9px 11px 11px !important; grid-template-columns: minmax(0, 1.08fr) minmax(300px, .92fr) !important"
"1321","#overviewTwo .o2InsightLeadV153","","DashboardBaseStyles.html","6491","","1","1","false","1-1-0","Overview","3","padding: 9px 10px !important; font-size: 14px !important; border-radius: 10px !important"
"1322","#overviewTwo .o2InsightBulletV153","","DashboardBaseStyles.html","6497","","1","1","false","1-1-0","Overview","3","padding: 6px 8px !important; min-height: 29px !important; font-size: 11.5px !important"
"1323","#overviewTwo .o2InsightStatV153","","DashboardBaseStyles.html","6503","","1","1","false","1-1-0","Overview","3","min-height: 58px !important; padding: 8px 9px !important; border-radius: 10px !important"
"1324","#overviewTwo .o2InsightStatV153 .value","","DashboardBaseStyles.html","6509","","1","1","false","1-2-0","Overview","1","font-size: 16px !important"
"1325","#overviewTwo .o2InsightGridV152","","DashboardBaseStyles.html","6514","","1","1","false","1-1-0","Overview","5","display: grid !important; grid-template-columns: repeat(4, minmax(0, 1fr)) !important; gap: 10px !important; align-items: stretch !important; margin: 0 0 10px !important"
"1326","#overviewTwo .o2InsightCardV152","","DashboardBaseStyles.html","6522","","1","1","false","1-1-0","Overview","11","min-height: 166px !important; max-height: 190px !important; border-radius: 13px !important; padding: 0 !important; overflow: hidden !important; background: linear-gradient(180deg, #ffffff 0%, #fbfcfe 100%) !important; border: 1px solid #d2d7df !important; box-shadow: 0 1px 2px rgba(16,24,40,.10), 0 5px 14px rgba(16,24,40,.05) !important; display: flex !important; flex-direction: column !important; min-width: 0 !important"
"1327","#overviewTwo .o2InsightCardV152 .o2CardHeader","","DashboardBaseStyles.html","6536","","1","1","false","1-2-0","Overview","5","min-height: 44px !important; padding: 8px 10px 6px !important; margin: 0 !important; border-bottom: 1px solid #edf0f4 !important; flex: 0 0 auto !important"
"1328","#overviewTwo .o2InsightCardV152 .o2ChartTitle","","DashboardBaseStyles.html","6544","","1","1","false","1-2-0","Overview","4","font-size: 11.5px !important; font-weight: 950 !important; line-height: 1.05 !important; color: #172033 !important"
"1329","#overviewTwo .o2InsightCardV152 .o2ChartSubtle","","DashboardBaseStyles.html","6551","","1","1","false","1-2-0","Overview","8","margin-top: 2px !important; font-size: 9.5px !important; line-height: 1.15 !important; color: #667085 !important; font-weight: 700 !important; white-space: nowrap !important; overflow: hidden !important; text-overflow: ellipsis !important"
"1330","#overviewTwo .o2InsightBodyV152","","DashboardBaseStyles.html","6562","","1","1","false","1-1-0","Overview","7","flex: 1 1 auto !important; min-height: 0 !important; padding: 8px 10px 10px !important; overflow: hidden !important; font-family: Roboto, Arial, sans-serif !important; font-size: 11px !important; line-height: 1.15 !important"
"1331","#overviewTwo .o2InsightRowsV152","","DashboardBaseStyles.html","6572","","1","1","false","1-1-0","Overview","3","display: grid !important; gap: 5px !important; align-content: start !important"
"1332","#overviewTwo .o2InsightRowV152","","DashboardBaseStyles.html","6578","","1","1","false","1-1-0","Overview","11","display: grid !important; grid-template-columns: minmax(0, 1fr) auto !important; align-items: center !important; gap: 8px !important; min-height: 25px !important; padding: 5px 7px !important; border: 1px solid #edf0f4 !important; border-radius: 8px !important; background: #ffffff !important; color: #344054 !important; min-width: 0 !important"
"1333","#overviewTwo .o2InsightRowV152 .name","","DashboardBaseStyles.html","6592","","1","1","false","1-2-0","Overview","8","min-width: 0 !important; overflow: hidden !important; text-overflow: ellipsis !important; white-space: nowrap !important; color: #344054 !important; font-size: 11px !important; font-weight: 800 !important; line-height: 1.05 !important"
"1334","#overviewTwo .o2InsightRowV152 .value","","DashboardBaseStyles.html","6603","","1","1","false","1-2-0","Overview","5","color: #172033 !important; font-size: 11.5px !important; font-weight: 950 !important; line-height: 1 !important; white-space: nowrap !important"
"1335","#overviewTwo .o2InsightRowV152 .value.good","","DashboardBaseStyles.html","6611","","1","1","false","1-3-0","Overview","1","color: #067647 !important"
"1336","#overviewTwo .o2InsightRowV152.good .value","","DashboardBaseStyles.html","6611","","1","1","false","1-3-0","Overview","1","color: #067647 !important"
"1337","#overviewTwo .o2InsightRowV152 .value.bad","","DashboardBaseStyles.html","6616","","1","1","false","1-3-0","Overview","1","color: #b42318 !important"
"1338","#overviewTwo .o2InsightRowV152.bad .value","","DashboardBaseStyles.html","6616","","1","1","false","1-3-0","Overview","1","color: #b42318 !important"
"1339","#overviewTwo .o2HealthGridV152","","DashboardBaseStyles.html","6621","","1","1","false","1-1-0","Overview","4","display: grid !important; grid-template-columns: repeat(2, minmax(0, 1fr)) !important; gap: 6px !important; align-content: start !important"
"1340","#overviewTwo .o2HealthTileV152","","DashboardBaseStyles.html","6628","","1","1","false","1-1-0","Overview","9","min-height: 52px !important; border: 1px solid #edf0f4 !important; border-radius: 10px !important; background: #ffffff !important; padding: 7px 8px !important; display: flex !important; flex-direction: column !important; justify-content: space-between !important; min-width: 0 !important"
"1341","#overviewTwo .o2HealthTileV152.good","","DashboardBaseStyles.html","6640","","1","1","false","1-2-0","Overview","2","background: #f0fdf4 !important; border-color: #bbf7d0 !important"
"1342","#overviewTwo .o2HealthTileV152.bad","","DashboardBaseStyles.html","6645","","1","1","false","1-2-0","Overview","2","background: #fff7f7 !important; border-color: #fecaca !important"
"1343","#overviewTwo .o2HealthTileV152 .label","","DashboardBaseStyles.html","6650","","1","1","false","1-2-0","Overview","8","color: #667085 !important; font-size: 9px !important; font-weight: 950 !important; letter-spacing: .05em !important; text-transform: uppercase !important; white-space: nowrap !important; overflow: hidden !important; text-overflow: ellipsis !important"
"1344","#overviewTwo .o2HealthTileV152 .value","","DashboardBaseStyles.html","6661","","1","1","false","1-2-0","Overview","5","color: #172033 !important; font-size: 17px !important; font-weight: 950 !important; line-height: 1 !important; white-space: nowrap !important"
"1345","#overviewTwo .o2HealthTileV152 .sub","","DashboardBaseStyles.html","6669","","1","1","false","1-2-0","Overview","6","color: #667085 !important; font-size: 10px !important; font-weight: 850 !important; white-space: nowrap !important; overflow: hidden !important; text-overflow: ellipsis !important"
"1346","#overviewTwo .o2HealthTileV152.good .value","","DashboardBaseStyles.html","6678","","1","1","false","1-3-0","Overview","1","color: #067647 !important"
"1347","#overviewTwo .o2HealthTileV152.good .sub","","DashboardBaseStyles.html","6678","","1","1","false","1-3-0","Overview","1","color: #067647 !important"
"1348","#overviewTwo .o2HealthTileV152.bad .value","","DashboardBaseStyles.html","6683","","1","1","false","1-3-0","Overview","1","color: #b42318 !important"
"1349","#overviewTwo .o2HealthTileV152.bad .sub","","DashboardBaseStyles.html","6683","","1","1","false","1-3-0","Overview","1","color: #b42318 !important"
"1350","#overviewTwo .o2TopBarChartsV150","","DashboardBaseStyles.html","6688","","1","1","false","1-1-0","Overview","3","grid-template-columns: repeat(4, minmax(220px, 1fr)) !important; gap: 10px !important; margin-bottom: 10px !important"
"1351","#overviewTwo .o2TopBarChartsV150 .o2Card","","DashboardBaseStyles.html","6694","","1","1","false","1-2-0","Overview","1","border-radius: 12px !important"
"1352","#overviewTwo .o2TopBarChartsV150 .o2SmallChartBox","","DashboardBaseStyles.html","6698","","1","1","false","1-2-0","Overview","1","height: 138px !important"
"1353","#overviewTwo .o2DriverSectionV150 .o2DriverCard","","DashboardBaseStyles.html","6702","","1","1","false","1-2-0","Overview","1","min-height: 410px !important"
"1354","#overviewTwo .o2DriverSectionV150 .o2TableScroll","","DashboardBaseStyles.html","6706","","1","1","false","1-2-0","Overview","1","max-height: 328px !important"
"1355","#overviewTwo .o2CommandGridV150","@media (max-width: 1500px)","DashboardBaseStyles.html","6711","","1","1","false","1-1-0","Overview","1","grid-template-columns: 1fr !important"
"1356","#overviewTwo .o2ExecutivePanelV150","@media (max-width: 1500px)","DashboardBaseStyles.html","6715","","1","1","false","1-1-0","Overview","2","height: auto !important; min-height: 0 !important"
"1357","#overviewTwo .o2KpiBandSideV150","@media (max-width: 1500px)","DashboardBaseStyles.html","6720","","1","1","false","1-1-0","Overview","1","grid-template-columns: repeat(5, minmax(110px, 1fr)) !important"
"1358","#overviewTwo .o2YearStackRowsV150","@media (max-width: 1500px)","DashboardBaseStyles.html","6724","","1","1","false","1-1-0","Overview","1","grid-template-columns: repeat(3, minmax(0, 1fr)) !important"
"1359","#overviewTwo .o2CommandMainV150","@media (max-width: 1180px)","DashboardBaseStyles.html","6730","","1","1","false","1-1-0","Overview","3","grid-template-columns: 1fr !important; grid-template-rows: auto auto !important; height: auto !important"
"1360","#overviewTwo .o2RevenueHeroV150","@media (max-width: 1180px)","DashboardBaseStyles.html","6736","","1","1","false","1-1-0","Overview","3","grid-column: auto !important; grid-row: auto !important; height: auto !important"
"1361","#overviewTwo .o2AnalyticsRowV150","@media (max-width: 1180px)","DashboardBaseStyles.html","6736","","1","1","false","1-1-0","Overview","3","grid-column: auto !important; grid-row: auto !important; height: auto !important"
"1362","#overviewTwo .o2AnalyticsRowV150","@media (max-width: 1180px)","DashboardBaseStyles.html","6743","","1","1","false","1-1-0","Overview","2","grid-template-columns: minmax(0, .8fr) minmax(0, 1.2fr) !important; grid-template-rows: auto !important"
"1363","#overviewTwo .o2MonthlyYoyTilesV150","@media (max-width: 1180px)","DashboardBaseStyles.html","6748","","1","1","false","1-1-0","Overview","1","grid-template-columns: repeat(3, minmax(0, 1fr)) !important"
"1364","#overviewTwo .o2InsightGridV152","@media (max-width: 1180px)","DashboardBaseStyles.html","6752","","1","1","false","1-1-0","Overview","1","grid-template-columns: repeat(2, minmax(0, 1fr)) !important"
"1365","#overviewTwo .o2CommandGridV150","@media (max-width: 780px)","DashboardBaseStyles.html","6758","","1","1","false","1-1-0","Overview","1","grid-template-columns: 1fr !important"
"1366","#overviewTwo .o2CommandMainV150","@media (max-width: 780px)","DashboardBaseStyles.html","6758","","1","1","false","1-1-0","Overview","1","grid-template-columns: 1fr !important"
"1367","#overviewTwo .o2AnalyticsRowV150","@media (max-width: 780px)","DashboardBaseStyles.html","6758","","1","1","false","1-1-0","Overview","1","grid-template-columns: 1fr !important"
"1368","#overviewTwo .o2FeatureDockV153","@media (max-width: 780px)","DashboardBaseStyles.html","6758","","1","1","false","1-1-0","Overview","1","grid-template-columns: 1fr !important"
"1369","#overviewTwo .o2InsightGridV152","@media (max-width: 780px)","DashboardBaseStyles.html","6758","","1","1","false","1-1-0","Overview","1","grid-template-columns: 1fr !important"
"1370","#overviewTwo .o2TopBarChartsV150","@media (max-width: 780px)","DashboardBaseStyles.html","6758","","1","1","false","1-1-0","Overview","1","grid-template-columns: 1fr !important"
"1371","#overviewTwo .o2RevenueHeroV150","@media (max-width: 780px)","DashboardBaseStyles.html","6767","","1","1","false","1-1-0","Overview","2","height: 330px !important; min-height: 330px !important"
"1372","#overviewTwo .o2RevenueHeroV150 .o2TrendBox","@media (max-width: 780px)","DashboardBaseStyles.html","6772","","1","1","false","1-2-0","Overview","1","height: 270px !important"
"1373","#overviewTwo .o2KpiBandSideV150","@media (max-width: 780px)","DashboardBaseStyles.html","6776","","1","1","false","1-1-0","Overview","1","grid-template-columns: repeat(2, minmax(0, 1fr)) !important"
"1374","#overviewTwo .o2YearStackRowsV150","@media (max-width: 780px)","DashboardBaseStyles.html","6780","","1","1","false","1-1-0","Overview","1","grid-template-columns: repeat(2, minmax(0, 1fr)) !important"
"1375","#overviewTwo .o2MonthlyYoyTilesV150","@media (max-width: 780px)","DashboardBaseStyles.html","6780","","1","1","false","1-1-0","Overview","1","grid-template-columns: repeat(2, minmax(0, 1fr)) !important"
"1376","#overviewTwo .o2ExecutiveInsightsBodyV153","@media (max-width: 780px)","DashboardBaseStyles.html","6785","","1","1","false","1-1-0","Overview","1","grid-template-columns: 1fr !important"
"1377","#overviewTwo .o2FeatureDockV153","","DashboardBaseStyles.html","6794","","1","1","false","1-1-0","Overview","3","grid-template-columns: minmax(170px, 220px) minmax(0, 1fr) !important; gap: 10px !important; margin-bottom: 10px !important"
"1378","#overviewTwo .o2FeatureControlsV153","","DashboardBaseStyles.html","6800","","1","1","false","1-1-0","Overview","2","padding: 9px !important; gap: 6px !important"
"1379","#overviewTwo .o2FeatureControlsHintV153","","DashboardBaseStyles.html","6805","","1","1","false","1-1-0","Overview","2","margin-bottom: 4px !important; line-height: 1.2 !important"
"1380","#overviewTwo .o2InsightButtonV153","","DashboardBaseStyles.html","6810","","1","1","false","1-1-0","Overview","3","min-height: 34px !important; padding: 7px 9px !important; border-radius: 10px !important"
"1381","#overviewTwo .o2ExecutiveInsightsPanelV153","","DashboardBaseStyles.html","6816","","1","1","false","1-1-0","Overview","2","min-height: 176px !important; border-radius: 13px !important"
"1382","#overviewTwo .o2ExecutiveInsightsBodyV153","","DashboardBaseStyles.html","6821","","1","1","false","1-1-0","Overview","3","min-height: 116px !important; padding: 9px 11px 11px !important; grid-template-columns: minmax(0, 1.12fr) minmax(320px, .88fr) !important"
"1383","#overviewTwo .o2InsightLeadV153","","DashboardBaseStyles.html","6827","","1","1","false","1-1-0","Overview","2","font-size: 13.5px !important; padding: 9px 10px !important"
"1384","#overviewTwo .o2DeepDivePanelV155","","DashboardBaseStyles.html","6832","","1","1","false","1-1-0","Overview","6","margin: 0 0 10px !important; padding: 0 !important; border-radius: 14px !important; background: linear-gradient(180deg, #ffffff 0%, #fbfcfe 100%) !important; overflow: hidden !important; box-shadow: 0 1px 2px rgba(16,24,40,.10), 0 5px 14px rgba(16,24,40,.05) !important"
"1385","#overviewTwo .o2DeepDiveHeaderV155","","DashboardBaseStyles.html","6841","","1","1","false","1-1-0","Overview","8","min-height: 50px !important; padding: 9px 12px !important; display: flex !important; align-items: center !important; justify-content: space-between !important; gap: 12px !important; border-bottom: 1px solid #edf0f4 !important; background: #ffffff !important"
"1386","#overviewTwo .o2DeepDiveHeaderV155 .o2ChartTitle","","DashboardBaseStyles.html","6852","","1","1","false","1-2-0","Overview","2","font-size: 12.5px !important; font-weight: 950 !important"
"1387","#overviewTwo .o2DeepDiveTabsV155","","DashboardBaseStyles.html","6857","","1","1","false","1-1-0","Overview","8","display: inline-flex !important; align-items: center !important; gap: 4px !important; padding: 3px !important; border: 1px solid #d8dde6 !important; border-radius: 999px !important; background: #f6f8fb !important; flex: 0 0 auto !important"
"1388","#overviewTwo .o2DeepDiveTabsV155 button","","DashboardBaseStyles.html","6868","","1","1","false","1-1-1","Overview","12","border: 0 !important; border-radius: 999px !important; background: transparent !important; color: #475467 !important; font-family: Roboto, Arial, sans-serif !important; font-size: 11px !important; font-weight: 850 !important; line-height: 1 !important; min-height: 26px !important; padding: 7px 10px !important; cursor: pointer !important; white-space: nowrap !important"
"1389","#overviewTwo .o2DeepDiveTabsV155 button:hover","","DashboardBaseStyles.html","6883","","1","1","false","1-2-1","Overview","2","background: #edf1f7 !important; color: #172033 !important"
"1390","#overviewTwo .o2DeepDiveTabsV155 button.active","","DashboardBaseStyles.html","6888","","1","1","false","1-2-1","Overview","3","background: #172033 !important; color: #ffffff !important; box-shadow: 0 1px 2px rgba(16,24,40,.16) !important"
"1391","#overviewTwo .o2DeepDiveBodyV155","","DashboardBaseStyles.html","6894","","1","1","false","1-1-0","Overview","3","min-height: 132px !important; padding: 10px 12px 12px !important; background: linear-gradient(180deg, #fbfcfe 0%, #ffffff 100%) !important"
"1392","#overviewTwo .o2DeepDiveContentV155","","DashboardBaseStyles.html","6900","","1","1","false","1-1-0","Overview","5","display: none !important; grid-template-columns: minmax(205px, 250px) minmax(0, 1fr) !important; gap: 12px !important; align-items: stretch !important; min-height: 106px !important"
"1393","#overviewTwo .o2DeepDiveContentV155.active","","DashboardBaseStyles.html","6908","","1","1","false","1-2-0","Overview","1","display: grid !important"
"1394","#overviewTwo .o2DeepPanelIntroV155","","DashboardBaseStyles.html","6912","","1","1","false","1-1-0","Overview","8","padding: 10px 12px !important; border: 1px solid #e4e8ef !important; border-radius: 12px !important; background: #ffffff !important; display: flex !important; flex-direction: column !important; justify-content: center !important; min-width: 0 !important"
"1395","#overviewTwo .o2DeepPanelIntroV155 .title","","DashboardBaseStyles.html","6923","","1","1","false","1-2-0","Overview","5","color: #172033 !important; font-size: 14px !important; line-height: 1.1 !important; font-weight: 950 !important; margin-bottom: 5px !important"
"1396","#overviewTwo .o2DeepPanelIntroV155 .sub","","DashboardBaseStyles.html","6931","","1","1","false","1-2-0","Overview","4","color: #667085 !important; font-size: 11px !important; line-height: 1.3 !important; font-weight: 700 !important"
"1397","#overviewTwo .o2DeepDiveContentV155 .o2InsightBodyV152","","DashboardBaseStyles.html","6938","","1","1","false","1-2-0","Overview","2","padding: 0 !important; overflow: hidden !important"
"1398","#overviewTwo .o2DeepDiveContentV155 .o2InsightRowsV152","","DashboardBaseStyles.html","6943","","1","1","false","1-2-0","Overview","4","display: grid !important; grid-template-columns: repeat(4, minmax(0, 1fr)) !important; gap: 8px !important; align-content: stretch !important"
"1399","#overviewTwo .o2DeepDiveContentV155 .o2InsightRowV152","","DashboardBaseStyles.html","6950","","1","1","false","1-2-0","Overview","8","min-height: 72px !important; grid-template-columns: 1fr !important; align-content: center !important; gap: 7px !important; padding: 10px 11px !important; border-radius: 12px !important; background: #ffffff !important; border-color: #e4e8ef !important"
"1400","#overviewTwo .o2DeepDiveContentV155 .o2InsightRowV152 .name","","DashboardBaseStyles.html","6961","","1","1","false","1-3-0","Overview","2","font-size: 11px !important; line-height: 1.1 !important"
"1401","#overviewTwo .o2DeepDiveContentV155 .o2InsightRowV152 .value","","DashboardBaseStyles.html","6966","","1","1","false","1-3-0","Overview","3","font-size: 16px !important; line-height: 1 !important; text-align: left !important"
"1402","#overviewTwo .o2DeepDiveContentV155 .o2HealthGridV152","","DashboardBaseStyles.html","6972","","1","1","false","1-2-0","Overview","4","display: grid !important; grid-template-columns: repeat(4, minmax(0, 1fr)) !important; gap: 8px !important; align-content: stretch !important"
"1403","#overviewTwo .o2DeepDiveContentV155 .o2HealthTileV152","","DashboardBaseStyles.html","6979","","1","1","false","1-2-0","Overview","3","min-height: 72px !important; border-radius: 12px !important; padding: 9px 10px !important"
"1404","#overviewTwo .o2DeepDiveContentV155 .o2HealthTileV152 .value","","DashboardBaseStyles.html","6985","","1","1","false","1-3-0","Overview","1","font-size: 19px !important"
"1405","#overviewTwo .o2InsightGridV152","","DashboardBaseStyles.html","6990","","1","1","false","1-1-0","Overview","1","display: none !important"
"1406","#overviewTwo .o2MonthlyYoyTilesV150","","DashboardBaseStyles.html","6994","","1","1","false","1-1-0","Overview","1","gap: 5px !important"
"1407","#overviewTwo .o2MonthTileV150","","DashboardBaseStyles.html","6998","","1","1","false","1-1-0","Overview","2","background: #ffffff !important; border-color: #e4e8ef !important"
"1408","#overviewTwo .o2MonthTileV150.good .pct","","DashboardBaseStyles.html","7003","","1","1","false","1-3-0","Overview","1","color: #067647 !important"
"1409","#overviewTwo .o2MonthTileV150.good .gap","","DashboardBaseStyles.html","7003","","1","1","false","1-3-0","Overview","1","color: #067647 !important"
"1410","#overviewTwo .o2MonthTileV150.bad .pct","","DashboardBaseStyles.html","7008","","1","1","false","1-3-0","Overview","1","color: #b42318 !important"
"1411","#overviewTwo .o2MonthTileV150.bad .gap","","DashboardBaseStyles.html","7008","","1","1","false","1-3-0","Overview","1","color: #b42318 !important"
"1412","#overviewTwo .o2DeepDiveHeaderV155","@media (max-width: 1180px)","DashboardBaseStyles.html","7014","","1","1","false","1-1-0","Overview","2","display: grid !important; grid-template-columns: 1fr !important"
"1413","#overviewTwo .o2DeepDiveTabsV155","@media (max-width: 1180px)","DashboardBaseStyles.html","7019","","1","1","false","1-1-0","Overview","3","justify-self: start !important; max-width: 100% !important; overflow-x: auto !important"
"1414","#overviewTwo .o2DeepDiveContentV155","@media (max-width: 1180px)","DashboardBaseStyles.html","7025","","1","1","false","1-1-0","Overview","1","grid-template-columns: 1fr !important"
"1415","#overviewTwo .o2DeepDiveContentV155 .o2InsightRowsV152","@media (max-width: 1180px)","DashboardBaseStyles.html","7029","","1","1","false","1-2-0","Overview","1","grid-template-columns: repeat(2, minmax(0, 1fr)) !important"
"1416","#overviewTwo .o2DeepDiveContentV155 .o2HealthGridV152","@media (max-width: 1180px)","DashboardBaseStyles.html","7029","","1","1","false","1-2-0","Overview","1","grid-template-columns: repeat(2, minmax(0, 1fr)) !important"
"1417","#overviewTwo .o2FeatureDockV153","@media (max-width: 720px)","DashboardBaseStyles.html","7036","","1","1","false","1-1-0","Overview","1","grid-template-columns: 1fr !important"
"1418","#overviewTwo .o2ExecutiveInsightsBodyV153","@media (max-width: 720px)","DashboardBaseStyles.html","7036","","1","1","false","1-1-0","Overview","1","grid-template-columns: 1fr !important"
"1419","#overviewTwo .o2DeepDiveContentV155 .o2InsightRowsV152","@media (max-width: 720px)","DashboardBaseStyles.html","7041","","1","1","false","1-2-0","Overview","1","grid-template-columns: 1fr !important"
"1420","#overviewTwo .o2DeepDiveContentV155 .o2HealthGridV152","@media (max-width: 720px)","DashboardBaseStyles.html","7041","","1","1","false","1-2-0","Overview","1","grid-template-columns: 1fr !important"
"1421","#overviewTwo .overviewTwoShellV150","","DashboardBaseStyles.html","7051","","1","1","false","1-1-0","Overview","1","padding: 10px 12px 14px !important"
"1422","#overviewTwo .o2CommandGridV150","","DashboardBaseStyles.html","7055","","1","1","false","1-1-0","Overview","4","grid-template-columns: minmax(1060px, 1fr) minmax(300px, 330px) !important; gap: 10px !important; margin-bottom: 9px !important; align-items: stretch !important"
"1423","#overviewTwo .o2CommandMainV150","","DashboardBaseStyles.html","7062","","1","1","false","1-1-0","Overview","5","display: grid !important; grid-template-columns: minmax(560px, 1.28fr) minmax(420px, .82fr) !important; grid-template-rows: 350px !important; gap: 10px !important; min-height: 0 !important"
"1424","#overviewTwo .o2RevenueHeroV150","","DashboardBaseStyles.html","7070","","1","1","false","1-1-0","Overview","3","height: 350px !important; min-height: 350px !important; border-radius: 13px !important"
"1425","#overviewTwo .o2RevenueHeroV150 .o2TrendBox","","DashboardBaseStyles.html","7076","","1","1","false","1-2-0","Overview","2","height: 292px !important; padding: 0 9px 9px 2px !important"
"1426","#overviewTwo .o2AnalyticsRowV150","","DashboardBaseStyles.html","7081","","1","1","false","1-1-0","Overview","4","display: block !important; min-width: 0 !important; min-height: 0 !important; height: 350px !important"
"1427","#overviewTwo .o2PaceCardV156","","DashboardBaseStyles.html","7088","","1","1","false","1-1-0","Overview","7","height: 350px !important; min-height: 350px !important; border-radius: 13px !important; overflow: hidden !important; background: linear-gradient(180deg, #ffffff 0%, #fbfcfe 100%) !important; display: flex !important; flex-direction: column !important"
"1428","#overviewTwo .o2PaceHeaderV156","","DashboardBaseStyles.html","7098","","1","1","false","1-1-0","Overview","4","min-height: 44px !important; padding: 9px 11px 6px !important; flex: 0 0 auto !important; border-bottom: 1px solid #edf0f4 !important"
"1429","#overviewTwo .o2PaceSummaryV156","","DashboardBaseStyles.html","7105","","1","1","false","1-1-0","Overview","5","display: grid !important; grid-template-columns: repeat(3, minmax(0, 1fr)) !important; gap: 7px !important; padding: 8px 10px 7px !important; flex: 0 0 auto !important"
"1430","#overviewTwo .o2PaceStatV156","","DashboardBaseStyles.html","7113","","1","1","false","1-1-0","Overview","10","min-width: 0 !important; min-height: 58px !important; border: 1px solid #e4e8ef !important; border-radius: 11px !important; background: #ffffff !important; padding: 8px 9px !important; display: flex !important; flex-direction: column !important; justify-content: center !important; gap: 3px !important"
"1431","#overviewTwo .o2PaceStatV156 .label","","DashboardBaseStyles.html","7126","","1","1","false","1-2-0","Overview","8","color: #667085 !important; font-size: 8.5px !important; font-weight: 950 !important; letter-spacing: .06em !important; text-transform: uppercase !important; white-space: nowrap !important; overflow: hidden !important; text-overflow: ellipsis !important"
"1432","#overviewTwo .o2PaceStatV156 strong","","DashboardBaseStyles.html","7137","","1","1","false","1-1-1","Overview","6","color: #172033 !important; font-size: 17px !important; line-height: 1 !important; font-weight: 950 !important; letter-spacing: -.02em !important; white-space: nowrap !important"
"1433","#overviewTwo .o2PaceStatV156 strong.good","","DashboardBaseStyles.html","7146","","1","1","false","1-2-1","Overview","1","color: #067647 !important"
"1434","#overviewTwo .o2PaceStatV156 strong.bad","","DashboardBaseStyles.html","7147","","1","1","false","1-2-1","Overview","1","color: #b42318 !important"
"1435","#overviewTwo .o2PaceStatV156 .sub","","DashboardBaseStyles.html","7149","","1","1","false","1-2-0","Overview","7","color: #667085 !important; font-size: 9.3px !important; line-height: 1.1 !important; font-weight: 750 !important; white-space: nowrap !important; overflow: hidden !important; text-overflow: ellipsis !important"
"1436","#overviewTwo .o2PaceLegendV156","","DashboardBaseStyles.html","7159","","1","1","false","1-1-0","Overview","10","display: grid !important; grid-template-columns: 1fr 1fr 1fr !important; gap: 6px !important; padding: 0 11px 5px !important; color: #667085 !important; font-size: 8.5px !important; font-weight: 950 !important; text-transform: uppercase !important; letter-spacing: .055em !important; flex: 0 0 auto !important"
"1437","#overviewTwo .o2PaceMatrixV156","","DashboardBaseStyles.html","7172","","1","1","false","1-1-0","Overview","13","--pace-month-count: 6; display: grid !important; grid-template-columns: repeat(var(--pace-month-count), minmax(54px, 1fr)) !important; gap: 0 !important; margin: 0 10px 10px !important; padding: 0 !important; border: 1px solid #e1e6ee !important; border-radius: 12px !important; background: #ffffff !important; overflow-x: auto !important; overflow-y: hidden !important; scrollbar-width: thin !important; flex: 1 1 auto !important; min-height: 160px !important"
"1438","#overviewTwo .o2PaceMonthV156","","DashboardBaseStyles.html","7189","","1","1","false","1-1-0","Overview","6","min-width: 54px !important; display: grid !important; grid-template-rows: 26px 56px 1fr !important; border-right: 1px solid #edf0f4 !important; background: #ffffff !important; min-height: 0 !important"
"1439","#overviewTwo .o2PaceMonthV156:last-child","","DashboardBaseStyles.html","7198","","1","1","false","1-2-0","Overview","1","border-right: 0 !important"
"1440","#overviewTwo .o2PaceMonthLabelV156","","DashboardBaseStyles.html","7202","","1","1","false","1-1-0","Overview","10","display: flex !important; align-items: center !important; justify-content: center !important; background: #f7f9fc !important; border-bottom: 1px solid #edf0f4 !important; color: #344054 !important; font-size: 9.5px !important; font-weight: 950 !important; text-transform: uppercase !important; letter-spacing: .04em !important"
"1441","#overviewTwo .o2PaceMonthlyV156","","DashboardBaseStyles.html","7215","","1","1","false","1-1-0","Overview","8","min-width: 0 !important; display: flex !important; flex-direction: column !important; justify-content: center !important; align-items: center !important; gap: 4px !important; padding: 6px 5px !important; text-align: center !important"
"1442","#overviewTwo .o2PaceYtdV156","","DashboardBaseStyles.html","7215","","1","1","false","1-1-0","Overview","8","min-width: 0 !important; display: flex !important; flex-direction: column !important; justify-content: center !important; align-items: center !important; gap: 4px !important; padding: 6px 5px !important; text-align: center !important"
"1443","#overviewTwo .o2PaceMonthlyV156","","DashboardBaseStyles.html","7227","","1","1","false","1-1-0","Overview","1","border-bottom: 1px solid #edf0f4 !important"
"1444","#overviewTwo .o2PaceMonthlyV156 span","","DashboardBaseStyles.html","7231","","1","1","false","1-1-1","Overview","5","color: #172033 !important; font-size: 12px !important; line-height: 1 !important; font-weight: 950 !important; white-space: nowrap !important"
"1445","#overviewTwo .o2PaceYtdV156 span","","DashboardBaseStyles.html","7231","","1","1","false","1-1-1","Overview","5","color: #172033 !important; font-size: 12px !important; line-height: 1 !important; font-weight: 950 !important; white-space: nowrap !important"
"1446","#overviewTwo .o2PaceMonthlyV156 b","","DashboardBaseStyles.html","7240","","1","1","false","1-1-1","Overview","5","color: #667085 !important; font-size: 9px !important; line-height: 1 !important; font-weight: 850 !important; white-space: nowrap !important"
"1447","#overviewTwo .o2PaceMonthlyV156.good span","","DashboardBaseStyles.html","7248","","1","1","false","1-2-1","Overview","1","color: #067647 !important"
"1448","#overviewTwo .o2PaceMonthlyV156.good b","","DashboardBaseStyles.html","7248","","1","1","false","1-2-1","Overview","1","color: #067647 !important"
"1449","#overviewTwo .o2PaceYtdV156.good span","","DashboardBaseStyles.html","7248","","1","1","false","1-2-1","Overview","1","color: #067647 !important"
"1450","#overviewTwo .o2PaceMonthlyV156.bad span","","DashboardBaseStyles.html","7254","","1","1","false","1-2-1","Overview","1","color: #b42318 !important"
"1451","#overviewTwo .o2PaceMonthlyV156.bad b","","DashboardBaseStyles.html","7254","","1","1","false","1-2-1","Overview","1","color: #b42318 !important"
"1452","#overviewTwo .o2PaceYtdV156.bad span","","DashboardBaseStyles.html","7254","","1","1","false","1-2-1","Overview","1","color: #b42318 !important"
"1453","#overviewTwo .o2PaceBarTrackV156","","DashboardBaseStyles.html","7260","","1","1","false","1-1-0","Overview","5","width: 100% !important; height: 5px !important; border-radius: 999px !important; background: #edf0f4 !important; overflow: hidden !important"
"1454","#overviewTwo .o2PaceBarTrackV156 i","","DashboardBaseStyles.html","7268","","1","1","false","1-1-1","Overview","4","display: block !important; height: 100% !important; border-radius: 999px !important; background: #94a3b8 !important"
"1455","#overviewTwo .o2PaceYtdV156.good .o2PaceBarTrackV156 i","","DashboardBaseStyles.html","7275","","1","1","false","1-3-1","Overview","1","background: #16a34a !important"
"1456","#overviewTwo .o2PaceYtdV156.bad .o2PaceBarTrackV156 i","","DashboardBaseStyles.html","7276","","1","1","false","1-3-1","Overview","1","background: #dc2626 !important"
"1457","#overviewTwo .o2PaceEmptyV156","","DashboardBaseStyles.html","7278","","1","1","false","1-1-0","Overview","8","grid-column: 1 / -1 !important; display: flex !important; align-items: center !important; justify-content: center !important; min-height: 150px !important; color: #667085 !important; font-size: 12px !important; font-weight: 800 !important"
"1458","#overviewTwo .o2ExecutivePanelV150","","DashboardBaseStyles.html","7289","","1","1","false","1-1-0","Overview","4","min-height: 350px !important; height: 350px !important; padding: 10px !important; gap: 8px !important"
"1459","#overviewTwo .o2KpiBandSideV150","","DashboardBaseStyles.html","7296","","1","1","false","1-1-0","Overview","1","gap: 5px !important"
"1460","#overviewTwo .o2KpiBandSideV150 .o2KpiCard","","DashboardBaseStyles.html","7300","","1","1","false","1-2-0","Overview","2","min-height: 47px !important; padding: 7px 8px !important"
"1461","#overviewTwo .o2KpiBandSideV150 .o2KpiCard .value","","DashboardBaseStyles.html","7305","","1","1","false","1-3-0","Overview","1","font-size: 18px !important"
"1462","#overviewTwo .o2KpiBandSideV150 .o2KpiSub","","DashboardBaseStyles.html","7309","","1","1","false","1-2-0","Overview","2","margin-top: 3px !important; font-size: 8.4px !important"
"1463","#overviewTwo .o2YearStackV150","","DashboardBaseStyles.html","7314","","1","1","false","1-1-0","Overview","1","padding: 7px !important"
"1464","#overviewTwo .o2YearRowV150","","DashboardBaseStyles.html","7318","","1","1","false","1-1-0","Overview","1","padding: 4px 6px !important"
"1465","#overviewTwo .o2FeatureDockV153","","DashboardBaseStyles.html","7322","","1","1","false","1-1-0","Overview","3","grid-template-columns: minmax(160px, 195px) minmax(0, 1fr) !important; gap: 8px !important; margin-bottom: 8px !important"
"1466","#overviewTwo .o2ExecutiveInsightsPanelV153","","DashboardBaseStyles.html","7328","","1","1","false","1-1-0","Overview","1","min-height: 160px !important"
"1467","#overviewTwo .o2ExecutiveInsightsBodyV153","","DashboardBaseStyles.html","7332","","1","1","false","1-1-0","Overview","1","min-height: 100px !important"
"1468","#overviewTwo .o2DeepDivePanelV155","","DashboardBaseStyles.html","7336","","1","1","false","1-1-0","Overview","1","margin-bottom: 8px !important"
"1469","#overviewTwo .o2CommandGridV150","@media (max-width: 1500px)","DashboardBaseStyles.html","7341","","1","1","false","1-1-0","Overview","1","grid-template-columns: 1fr !important"
"1470","#overviewTwo .o2CommandMainV150","@media (max-width: 1500px)","DashboardBaseStyles.html","7345","","1","1","false","1-1-0","Overview","1","grid-template-columns: minmax(0, 1.25fr) minmax(360px, .75fr) !important"
"1471","#overviewTwo .o2ExecutivePanelV150","@media (max-width: 1500px)","DashboardBaseStyles.html","7349","","1","1","false","1-1-0","Overview","2","height: auto !important; min-height: 0 !important"
"1472","#overviewTwo .o2KpiBandSideV150","@media (max-width: 1500px)","DashboardBaseStyles.html","7354","","1","1","false","1-1-0","Overview","1","grid-template-columns: repeat(5, minmax(110px, 1fr)) !important"
"1473","#overviewTwo .o2CommandMainV150","@media (max-width: 1040px)","DashboardBaseStyles.html","7360","","1","1","false","1-1-0","Overview","3","grid-template-columns: 1fr !important; grid-template-rows: auto auto !important; height: auto !important"
"1474","#overviewTwo .o2RevenueHeroV150","@media (max-width: 1040px)","DashboardBaseStyles.html","7366","","1","1","false","1-1-0","Overview","2","height: auto !important; min-height: 0 !important"
"1475","#overviewTwo .o2AnalyticsRowV150","@media (max-width: 1040px)","DashboardBaseStyles.html","7366","","1","1","false","1-1-0","Overview","2","height: auto !important; min-height: 0 !important"
"1476","#overviewTwo .o2PaceCardV156","@media (max-width: 1040px)","DashboardBaseStyles.html","7366","","1","1","false","1-1-0","Overview","2","height: auto !important; min-height: 0 !important"
"1477","#overviewTwo .o2RevenueHeroV150 .o2TrendBox","@media (max-width: 1040px)","DashboardBaseStyles.html","7373","","1","1","false","1-2-0","Overview","1","height: 300px !important"
"1478","#overviewTwo .o2PaceMatrixV156","@media (max-width: 1040px)","DashboardBaseStyles.html","7377","","1","1","false","1-1-0","Overview","1","min-height: 150px !important"
"1479","#overviewTwo .o2PaceSummaryV156","@media (max-width: 720px)","DashboardBaseStyles.html","7383","","1","1","false","1-1-0","Overview","1","grid-template-columns: 1fr !important"
"1480","#overviewTwo .o2PaceLegendV156","@media (max-width: 720px)","DashboardBaseStyles.html","7387","","1","1","false","1-1-0","Overview","1","display: none !important"
"1481","#overviewTwo .o2PaceMatrixV156","@media (max-width: 720px)","DashboardBaseStyles.html","7391","","1","1","false","1-1-0","Overview","1","grid-template-columns: repeat(var(--pace-month-count), minmax(62px, 1fr)) !important"
"1482",".customerActiveOnlyToggle","","DashboardBaseStyles.html","7399","","1","1","false","0-1-0","Overview","4","border-color: #cbd6e2 !important; background: #ffffff !important; color: #344054 !important; font-weight: 800 !important"
"1483",".customerActiveOnlyToggle.active","","DashboardBaseStyles.html","7406","","1","1","false","0-2-0","Overview","3","background: #172033 !important; border-color: #172033 !important; color: #ffffff !important"
"1484",".multiRow.inactiveCustomerOption","","DashboardBaseStyles.html","7412","","1","1","false","0-2-0","Overview","1","color: #667085 !important"
"1485",".multiRow.inactiveCustomerOption:not(.active)","","DashboardBaseStyles.html","7416","","1","1","false","0-3-0","Overview","1","background: #fafafa !important"
"1486",".customerActiveOnlyHint","","DashboardBaseStyles.html","7420","","1","1","false","0-1-0","Overview","0","margin-left: 4px; color: #667085; font-size: 10px; font-weight: 700; white-space: nowrap"
"1487","#overviewTwo .o2InactiveBadge","","DashboardBaseStyles.html","7428","","1","1","false","1-1-0","Overview","14","display: inline-flex !important; align-items: center !important; margin-left: 6px !important; padding: 2px 6px !important; border-radius: 999px !important; border: 1px solid #fecaca !important; background: #fff1f1 !important; color: #b42318 !important; font-size: 10px !important; line-height: 1 !important; font-weight: 800 !important; letter-spacing: .01em !important; white-space: nowrap !important; vertical-align: middle !important"
"1488","#overviewTwo .inactiveBadge","","DashboardBaseStyles.html","7428","","1","1","false","1-1-0","Overview","14","display: inline-flex !important; align-items: center !important; margin-left: 6px !important; padding: 2px 6px !important; border-radius: 999px !important; border: 1px solid #fecaca !important; background: #fff1f1 !important; color: #b42318 !important; font-size: 10px !important; line-height: 1 !important; font-weight: 800 !important; letter-spacing: .01em !important; white-space: nowrap !important; vertical-align: middle !important"
"1489",".o2InactiveBadge","","DashboardBaseStyles.html","7428","","1","1","false","0-1-0","Overview","14","display: inline-flex !important; align-items: center !important; margin-left: 6px !important; padding: 2px 6px !important; border-radius: 999px !important; border: 1px solid #fecaca !important; background: #fff1f1 !important; color: #b42318 !important; font-size: 10px !important; line-height: 1 !important; font-weight: 800 !important; letter-spacing: .01em !important; white-space: nowrap !important; vertical-align: middle !important"
"1490","#overviewTwo .o2NameCell.customerNameWithBadge","","DashboardBaseStyles.html","7447","","1","1","false","1-2-0","Overview","3","white-space: nowrap !important; overflow: hidden !important; text-overflow: ellipsis !important"
"1491","#overviewTwo .o2NameCell .customerNameText","","DashboardBaseStyles.html","7453","","1","1","false","1-2-0","Overview","6","display: inline-block !important; max-width: calc(100% - 72px) !important; overflow: hidden !important; text-overflow: ellipsis !important; white-space: nowrap !important; vertical-align: middle !important"
"1492","#overviewTwo .overviewTwoShellV150","","DashboardBaseStyles.html","7466","","1","1","false","1-1-0","Overview","3","max-width: 1840px !important; padding: 10px 12px 12px !important; background: #ebe9e5 !important"
"1493","#overviewTwo .o2CommandGridV150","","DashboardBaseStyles.html","7472","","1","1","false","1-1-0","Overview","3","grid-template-columns: minmax(0, 1fr) minmax(280px, 310px) !important; gap: 8px !important; margin-bottom: 8px !important"
"1494","#overviewTwo .o2CommandMainV150","","DashboardBaseStyles.html","7478","","1","1","false","1-1-0","Overview","3","grid-template-columns: minmax(560px, 1.16fr) minmax(400px, .84fr) !important; grid-template-rows: 312px !important; gap: 8px !important"
"1495","#overviewTwo .o2Card","","DashboardBaseStyles.html","7484","","1","1","false","1-1-0","Overview","4","border-radius: 10px !important; border: 1px solid #d4dae3 !important; box-shadow: 0 1px 2px rgba(16, 24, 40, .08) !important; background: #ffffff !important"
"1496","#overviewTwo .o2RevenueHeroV150","","DashboardBaseStyles.html","7484","","1","1","false","1-1-0","Overview","4","border-radius: 10px !important; border: 1px solid #d4dae3 !important; box-shadow: 0 1px 2px rgba(16, 24, 40, .08) !important; background: #ffffff !important"
"1497","#overviewTwo .o2PaceCardV156","","DashboardBaseStyles.html","7484","","1","1","false","1-1-0","Overview","4","border-radius: 10px !important; border: 1px solid #d4dae3 !important; box-shadow: 0 1px 2px rgba(16, 24, 40, .08) !important; background: #ffffff !important"
"1498","#overviewTwo .o2ExecutivePanelV150","","DashboardBaseStyles.html","7484","","1","1","false","1-1-0","Overview","4","border-radius: 10px !important; border: 1px solid #d4dae3 !important; box-shadow: 0 1px 2px rgba(16, 24, 40, .08) !important; background: #ffffff !important"
"1499","#overviewTwo .o2ExecutiveInsightsPanelV158","","DashboardBaseStyles.html","7484","","1","1","false","1-1-0","Overview","4","border-radius: 10px !important; border: 1px solid #d4dae3 !important; box-shadow: 0 1px 2px rgba(16, 24, 40, .08) !important; background: #ffffff !important"
"1500","#overviewTwo .o2DeepDivePanelV155","","DashboardBaseStyles.html","7484","","1","1","false","1-1-0","Overview","4","border-radius: 10px !important; border: 1px solid #d4dae3 !important; box-shadow: 0 1px 2px rgba(16, 24, 40, .08) !important; background: #ffffff !important"
"1501","#overviewTwo .o2RevenueHeroV150","","DashboardBaseStyles.html","7496","","1","1","false","1-1-0","Overview","2","height: 312px !important; min-height: 312px !important"
"1502","#overviewTwo .o2PaceCardV156","","DashboardBaseStyles.html","7496","","1","1","false","1-1-0","Overview","2","height: 312px !important; min-height: 312px !important"
"1503","#overviewTwo .o2ExecutivePanelV150","","DashboardBaseStyles.html","7496","","1","1","false","1-1-0","Overview","2","height: 312px !important; min-height: 312px !important"
"1504","#overviewTwo .o2RevenueHeroV150 .o2TrendBox","","DashboardBaseStyles.html","7503","","1","1","false","1-2-0","Overview","2","height: 252px !important; padding: 0 8px 8px 0 !important"
"1505","#overviewTwo .o2CardHeader","","DashboardBaseStyles.html","7508","","1","1","false","1-1-0","Overview","3","padding: 9px 11px 6px !important; border-bottom: 1px solid #edf0f4 !important; min-height: 42px !important"
"1506","#overviewTwo .o2PaceHeaderV156","","DashboardBaseStyles.html","7508","","1","1","false","1-1-0","Overview","3","padding: 9px 11px 6px !important; border-bottom: 1px solid #edf0f4 !important; min-height: 42px !important"
"1507","#overviewTwo .o2InsightsHeaderV153","","DashboardBaseStyles.html","7508","","1","1","false","1-1-0","Overview","3","padding: 9px 11px 6px !important; border-bottom: 1px solid #edf0f4 !important; min-height: 42px !important"
"1508","#overviewTwo .o2DeepDiveHeaderV155","","DashboardBaseStyles.html","7508","","1","1","false","1-1-0","Overview","3","padding: 9px 11px 6px !important; border-bottom: 1px solid #edf0f4 !important; min-height: 42px !important"
"1509","#overviewTwo .o2ChartTitle","","DashboardBaseStyles.html","7517","","1","1","false","1-1-0","Overview","4","font-size: 12.5px !important; font-weight: 900 !important; color: #172033 !important; letter-spacing: 0 !important"
"1510","#overviewTwo .o2ChartSubtle","","DashboardBaseStyles.html","7524","","1","1","false","1-1-0","Overview","4","font-size: 10.5px !important; line-height: 1.2 !important; color: #667085 !important; font-weight: 650 !important"
"1511","#overviewTwo .o2PaceCardV156","","DashboardBaseStyles.html","7531","","1","1","false","1-1-0","Overview","3","display: grid !important; grid-template-rows: auto auto 1fr !important; overflow: hidden !important"
"1512","#overviewTwo .o2PaceHeaderV156","","DashboardBaseStyles.html","7537","","1","1","false","1-1-0","Overview","1","padding-bottom: 5px !important"
"1513","#overviewTwo .o2PaceSummaryV156","","DashboardBaseStyles.html","7541","","1","1","false","1-1-0","Overview","3","grid-template-columns: repeat(3, minmax(0, 1fr)) !important; gap: 6px !important; padding: 7px 9px !important"
"1514","#overviewTwo .o2PaceStatV156","","DashboardBaseStyles.html","7547","","1","1","false","1-1-0","Overview","5","min-height: 50px !important; border-radius: 9px !important; padding: 7px 8px !important; border-color: #e3e8ef !important; gap: 2px !important"
"1515","#overviewTwo .o2PaceStatV156 .label","","DashboardBaseStyles.html","7555","","1","1","false","1-2-0","Overview","2","font-size: 8px !important; color: #667085 !important"
"1516","#overviewTwo .o2PaceStatV156 strong","","DashboardBaseStyles.html","7560","","1","1","false","1-1-1","Overview","2","font-size: 16px !important; line-height: 1 !important"
"1517","#overviewTwo .o2PaceStatV156 .sub","","DashboardBaseStyles.html","7565","","1","1","false","1-2-0","Overview","2","font-size: 8.8px !important; color: #667085 !important"
"1518","#overviewTwo .o2PaceLegendV156","","DashboardBaseStyles.html","7570","","1","1","false","1-1-0","Overview","1","display: none !important"
"1519","#overviewTwo .o2PaceMatrixV156","","DashboardBaseStyles.html","7574","","1","1","false","1-1-0","Overview","13","--pace-month-count: 6; display: grid !important; grid-template-columns: repeat(var(--pace-month-count), minmax(48px, 1fr)) !important; gap: 5px !important; margin: 0 9px 9px !important; padding: 0 !important; border: 0 !important; border-radius: 0 !important; background: transparent !important; overflow-x: auto !important; overflow-y: hidden !important; min-height: 0 !important; align-content: stretch !important; scrollbar-width: thin !important"
"1520","#overviewTwo .o2PaceMonthV158","","DashboardBaseStyles.html","7591","","1","1","false","1-1-0","Overview","9","min-width: 48px !important; min-height: 0 !important; display: grid !important; grid-template-rows: 22px 34px 44px !important; gap: 0 !important; border: 1px solid #e5e9f0 !important; border-radius: 10px !important; overflow: hidden !important; background: #ffffff !important"
"1521","#overviewTwo .o2PaceMonthV158.good","","DashboardBaseStyles.html","7603","","1","1","false","1-2-0","Overview","2","border-color: #bfe8d1 !important; background: #fbfffd !important"
"1522","#overviewTwo .o2PaceMonthV158.bad","","DashboardBaseStyles.html","7608","","1","1","false","1-2-0","Overview","2","border-color: #f5c8c5 !important; background: #fffdfd !important"
"1523","#overviewTwo .o2PaceMonthLabelV158","","DashboardBaseStyles.html","7613","","1","1","false","1-1-0","Overview","5","background: #f7f8fb !important; border-bottom: 1px solid #edf0f4 !important; color: #344054 !important; font-size: 8.8px !important; font-weight: 950 !important"
"1524","#overviewTwo .o2PaceMonthlyV158","","DashboardBaseStyles.html","7621","","1","1","false","1-1-0","Overview","5","padding: 0 4px !important; border-bottom: 1px solid #edf0f4 !important; display: flex !important; align-items: center !important; justify-content: center !important"
"1525","#overviewTwo .o2PaceMonthlyV158 span","","DashboardBaseStyles.html","7629","","1","1","false","1-1-1","Overview","3","font-size: 12px !important; font-weight: 950 !important; line-height: 1 !important"
"1526","#overviewTwo .o2PaceYtdV158","","DashboardBaseStyles.html","7635","","1","1","false","1-1-0","Overview","7","padding: 5px 5px 6px !important; display: flex !important; flex-direction: column !important; align-items: stretch !important; justify-content: center !important; gap: 5px !important; text-align: center !important"
"1527","#overviewTwo .o2PaceYtdV158 b","","DashboardBaseStyles.html","7645","","1","1","false","1-1-1","Overview","7","font-size: 8.7px !important; line-height: 1 !important; font-weight: 900 !important; color: #667085 !important; white-space: nowrap !important; overflow: hidden !important; text-overflow: ellipsis !important"
"1528","#overviewTwo .o2PaceYtdV158.good b","","DashboardBaseStyles.html","7655","","1","1","false","1-2-1","Overview","1","color: #067647 !important"
"1529","#overviewTwo .o2PaceYtdV158.bad b","","DashboardBaseStyles.html","7656","","1","1","false","1-2-1","Overview","1","color: #b42318 !important"
"1530","#overviewTwo .o2PaceBarTrackV158","","DashboardBaseStyles.html","7658","","1","1","false","1-1-0","Overview","4","height: 4px !important; background: #eef1f5 !important; border-radius: 999px !important; overflow: hidden !important"
"1531","#overviewTwo .o2PaceBarTrackV158 i","","DashboardBaseStyles.html","7665","","1","1","false","1-1-1","Overview","4","display: block !important; height: 100% !important; border-radius: 999px !important; background: #94a3b8 !important"
"1532","#overviewTwo .o2PaceYtdV158.good .o2PaceBarTrackV158 i","","DashboardBaseStyles.html","7672","","1","1","false","1-3-1","Overview","1","background: #16a34a !important"
"1533","#overviewTwo .o2PaceYtdV158.bad .o2PaceBarTrackV158 i","","DashboardBaseStyles.html","7673","","1","1","false","1-3-1","Overview","1","background: #dc2626 !important"
"1534","#overviewTwo .o2ExecutivePanelV150","","DashboardBaseStyles.html","7675","","1","1","false","1-1-0","Overview","3","padding: 9px !important; gap: 7px !important; overflow: hidden !important"
"1535","#overviewTwo .o2ExecutiveHeaderV150","","DashboardBaseStyles.html","7681","","1","1","false","1-1-0","Overview","2","min-height: 34px !important; padding-bottom: 5px !important"
"1536","#overviewTwo .o2KpiBandSideV150","","DashboardBaseStyles.html","7686","","1","1","false","1-1-0","Overview","1","gap: 5px !important"
"1537","#overviewTwo .o2KpiBandSideV150 .o2KpiCard","","DashboardBaseStyles.html","7690","","1","1","false","1-2-0","Overview","3","min-height: 45px !important; padding: 6px 8px !important; border-radius: 9px !important"
"1538","#overviewTwo .o2KpiBandSideV150 .o2KpiCard .label","","DashboardBaseStyles.html","7696","","1","1","false","1-3-0","Overview","1","font-size: 8.5px !important"
"1539","#overviewTwo .o2KpiBandSideV150 .o2KpiCard .value","","DashboardBaseStyles.html","7700","","1","1","false","1-3-0","Overview","2","font-size: 17px !important; line-height: 1 !important"
"1540","#overviewTwo .o2KpiBandSideV150 .o2KpiSub","","DashboardBaseStyles.html","7705","","1","1","false","1-2-0","Overview","2","font-size: 8px !important; margin-top: 2px !important"
"1541","#overviewTwo .o2YearStackV150","","DashboardBaseStyles.html","7710","","1","1","false","1-1-0","Overview","2","padding: 6px !important; border-radius: 9px !important"
"1542","#overviewTwo .o2YearStackHeaderV150","","DashboardBaseStyles.html","7715","","1","1","false","1-1-0","Overview","2","margin-bottom: 3px !important; font-size: 10px !important"
"1543","#overviewTwo .o2YearRowV150","","DashboardBaseStyles.html","7720","","1","1","false","1-1-0","Overview","2","padding: 3px 5px !important; font-size: 10px !important"
"1544","#overviewTwo .o2FeatureDockV158","","DashboardBaseStyles.html","7725","","1","1","false","1-1-0","Overview","2","display: block !important; margin: 0 0 8px !important"
"1545","#overviewTwo .o2ExecutiveInsightsPanelV158","","DashboardBaseStyles.html","7730","","1","1","false","1-1-0","Overview","2","min-height: 156px !important; overflow: hidden !important"
"1546","#overviewTwo .o2InsightsHeaderV158","","DashboardBaseStyles.html","7735","","1","1","false","1-1-0","Overview","4","display: grid !important; grid-template-columns: minmax(220px, 1fr) auto auto !important; gap: 10px !important; align-items: center !important"
"1547","#overviewTwo .o2StoryTabsV158","","DashboardBaseStyles.html","7742","","1","1","false","1-1-0","Overview","7","display: inline-flex !important; gap: 4px !important; padding: 3px !important; border: 1px solid #d9dee7 !important; border-radius: 999px !important; background: #f7f8fb !important; white-space: nowrap !important"
"1548","#overviewTwo .o2StoryTabV158","","DashboardBaseStyles.html","7752","","1","1","false","1-1-0","Overview","10","border: 0 !important; border-radius: 999px !important; background: transparent !important; color: #475467 !important; font-size: 11px !important; font-weight: 850 !important; min-height: 25px !important; padding: 7px 11px !important; cursor: pointer !important; box-shadow: none !important"
"1549","#overviewTwo .o2StoryTabV158.active","","DashboardBaseStyles.html","7765","","1","1","false","1-2-0","Overview","2","background: #172033 !important; color: #ffffff !important"
"1550","#overviewTwo .o2InsightsBadgeV158","","DashboardBaseStyles.html","7770","","1","1","false","1-1-0","Overview","2","font-size: 10px !important; padding: 5px 8px !important"
"1551","#overviewTwo .o2ExecutiveInsightsBodyV158","","DashboardBaseStyles.html","7775","","1","1","false","1-1-0","Overview","6","display: grid !important; grid-template-columns: minmax(420px, 1.5fr) minmax(320px, .9fr) !important; gap: 9px !important; min-height: 104px !important; padding: 9px 10px 10px !important; background: linear-gradient(90deg, rgba(244, 251, 247, .72) 0%, rgba(248, 250, 252, .95) 56%, #ffffff 100%) !important"
"1552","#overviewTwo .o2InsightNarrativeV153","","DashboardBaseStyles.html","7784","","1","1","false","1-1-0","Overview","1","min-height: 0 !important"
"1553","#overviewTwo .o2InsightStatGridV153","","DashboardBaseStyles.html","7784","","1","1","false","1-1-0","Overview","1","min-height: 0 !important"
"1554","#overviewTwo .o2InsightLeadV153","","DashboardBaseStyles.html","7789","","1","1","false","1-1-0","Overview","5","padding: 9px 10px !important; border-radius: 9px !important; font-size: 13px !important; line-height: 1.2 !important; margin-bottom: 6px !important"
"1555","#overviewTwo .o2InsightBulletsV153","","DashboardBaseStyles.html","7797","","1","1","false","1-1-0","Overview","1","gap: 4px !important"
"1556","#overviewTwo .o2InsightBulletV153","","DashboardBaseStyles.html","7801","","1","1","false","1-1-0","Overview","4","min-height: 26px !important; padding: 5px 8px !important; border-radius: 7px !important; font-size: 11px !important"
"1557","#overviewTwo .o2InsightStatGridV153","","DashboardBaseStyles.html","7808","","1","1","false","1-1-0","Overview","2","grid-template-columns: repeat(2, minmax(0, 1fr)) !important; gap: 7px !important"
"1558","#overviewTwo .o2InsightStatV153","","DashboardBaseStyles.html","7813","","1","1","false","1-1-0","Overview","3","min-height: 48px !important; padding: 8px 9px !important; border-radius: 9px !important"
"1559","#overviewTwo .o2InsightStatV153 .value","","DashboardBaseStyles.html","7819","","1","1","false","1-2-0","Overview","1","font-size: 18px !important"
"1560","#overviewTwo .o2DeepDivePanelV155","","DashboardBaseStyles.html","7823","","1","1","false","1-1-0","Overview","2","margin-bottom: 8px !important; overflow: hidden !important"
"1561","#overviewTwo .o2DeepDiveHeaderV155","","DashboardBaseStyles.html","7828","","1","1","false","1-1-0","Overview","4","display: grid !important; grid-template-columns: minmax(230px, 1fr) auto !important; gap: 8px !important; align-items: center !important"
"1562","#overviewTwo .o2DeepDiveTabsV155","","DashboardBaseStyles.html","7835","","1","1","false","1-1-0","Overview","5","justify-self: end !important; background: #f7f8fb !important; border: 1px solid #d9dee7 !important; padding: 3px !important; border-radius: 999px !important"
"1563","#overviewTwo .o2DeepDiveTabsV155 button","","DashboardBaseStyles.html","7843","","1","1","false","1-1-1","Overview","3","min-height: 24px !important; padding: 6px 10px !important; font-size: 10.5px !important"
"1564","#overviewTwo .o2DeepDiveBodyV155","","DashboardBaseStyles.html","7849","","1","1","false","1-1-0","Overview","2","min-height: 94px !important; padding: 9px 10px 10px !important"
"1565","#overviewTwo .o2DeepDiveContentV155","","DashboardBaseStyles.html","7854","","1","1","false","1-1-0","Overview","3","grid-template-columns: 1fr !important; min-height: 82px !important; gap: 0 !important"
"1566","#overviewTwo .o2DeepDiveContentV155.active","","DashboardBaseStyles.html","7854","","1","1","false","1-2-0","Overview","3","grid-template-columns: 1fr !important; min-height: 82px !important; gap: 0 !important"
"1567","#overviewTwo .o2DeepPanelIntroV155","","DashboardBaseStyles.html","7861","","1","1","false","1-1-0","Overview","1","display: none !important"
"1568","#overviewTwo .o2DeepDiveContentV155 .o2InsightRowsV152","","DashboardBaseStyles.html","7865","","1","1","false","1-2-0","Overview","3","display: grid !important; grid-template-columns: repeat(4, minmax(0, 1fr)) !important; gap: 8px !important"
"1569","#overviewTwo .o2DeepDiveContentV155 .o2HealthGridV152","","DashboardBaseStyles.html","7865","","1","1","false","1-2-0","Overview","3","display: grid !important; grid-template-columns: repeat(4, minmax(0, 1fr)) !important; gap: 8px !important"
"1570","#overviewTwo .o2DeepDiveContentV155 .o2InsightRowV152","","DashboardBaseStyles.html","7872","","1","1","false","1-2-0","Overview","3","min-height: 70px !important; border-radius: 10px !important; padding: 9px 10px !important"
"1571","#overviewTwo .o2DeepDiveContentV155 .o2HealthTileV152","","DashboardBaseStyles.html","7872","","1","1","false","1-2-0","Overview","3","min-height: 70px !important; border-radius: 10px !important; padding: 9px 10px !important"
"1572","#overviewTwo .o2MiniChartGridV150","","DashboardBaseStyles.html","7879","","1","1","false","1-1-0","Overview","2","gap: 8px !important; margin-bottom: 8px !important"
"1573","#overviewTwo .o2MiniChartGridV150 .o2Card","","DashboardBaseStyles.html","7884","","1","1","false","1-2-0","Overview","1","min-height: 205px !important"
"1574","#overviewTwo .o2MiniChartGridV150 .o2ChartBox","","DashboardBaseStyles.html","7888","","1","1","false","1-2-0","Overview","1","height: 155px !important"
"1575","#overviewTwo .o2MiniChartGridV150 .o2MiniChartBox","","DashboardBaseStyles.html","7888","","1","1","false","1-2-0","Overview","1","height: 155px !important"
"1576","#overviewTwo .o2CommandGridV150","@media (max-width: 1500px)","DashboardBaseStyles.html","7894","","1","1","false","1-1-0","Overview","1","grid-template-columns: 1fr !important"
"1577","#overviewTwo .o2CommandMainV150","@media (max-width: 1500px)","DashboardBaseStyles.html","7897","","1","1","false","1-1-0","Overview","1","grid-template-columns: minmax(0, 1.1fr) minmax(380px, .9fr) !important"
"1578","#overviewTwo .o2ExecutivePanelV150","@media (max-width: 1500px)","DashboardBaseStyles.html","7900","","1","1","false","1-1-0","Overview","2","height: auto !important; min-height: 0 !important"
"1579","#overviewTwo .o2KpiBandSideV150","@media (max-width: 1500px)","DashboardBaseStyles.html","7904","","1","1","false","1-1-0","Overview","1","grid-template-columns: repeat(5, minmax(110px, 1fr)) !important"
"1580","#overviewTwo .o2CommandMainV150","@media (max-width: 1040px)","DashboardBaseStyles.html","7910","","1","1","false","1-1-0","Overview","1","grid-template-columns: 1fr !important"
"1581","#overviewTwo .o2ExecutiveInsightsBodyV158","@media (max-width: 1040px)","DashboardBaseStyles.html","7910","","1","1","false","1-1-0","Overview","1","grid-template-columns: 1fr !important"
"1582","#overviewTwo .o2InsightsHeaderV158","@media (max-width: 1040px)","DashboardBaseStyles.html","7910","","1","1","false","1-1-0","Overview","1","grid-template-columns: 1fr !important"
"1583","#overviewTwo .o2DeepDiveHeaderV155","@media (max-width: 1040px)","DashboardBaseStyles.html","7910","","1","1","false","1-1-0","Overview","1","grid-template-columns: 1fr !important"
"1584","#overviewTwo .o2RevenueHeroV150","@media (max-width: 1040px)","DashboardBaseStyles.html","7916","","1","1","false","1-1-0","Overview","2","height: auto !important; min-height: 0 !important"
"1585","#overviewTwo .o2PaceCardV156","@media (max-width: 1040px)","DashboardBaseStyles.html","7916","","1","1","false","1-1-0","Overview","2","height: auto !important; min-height: 0 !important"
"1586","#overviewTwo .o2RevenueHeroV150 .o2TrendBox","@media (max-width: 1040px)","DashboardBaseStyles.html","7921","","1","1","false","1-2-0","Overview","1","height: 280px !important"
"1587","#overviewTwo .o2StoryTabsV158","@media (max-width: 1040px)","DashboardBaseStyles.html","7924","","1","1","false","1-1-0","Overview","3","justify-self: start !important; max-width: 100% !important; overflow-x: auto !important"
"1588","#overviewTwo .o2DeepDiveTabsV155","@media (max-width: 1040px)","DashboardBaseStyles.html","7924","","1","1","false","1-1-0","Overview","3","justify-self: start !important; max-width: 100% !important; overflow-x: auto !important"
"1589","#overviewTwo .o2DeepDiveContentV155 .o2InsightRowsV152","@media (max-width: 1040px)","DashboardBaseStyles.html","7930","","1","1","false","1-2-0","Overview","1","grid-template-columns: repeat(2, minmax(0, 1fr)) !important"
"1590","#overviewTwo .o2DeepDiveContentV155 .o2HealthGridV152","@media (max-width: 1040px)","DashboardBaseStyles.html","7930","","1","1","false","1-2-0","Overview","1","grid-template-columns: repeat(2, minmax(0, 1fr)) !important"
"1591","#overviewTwo .o2PaceSummaryV156","@media (max-width: 720px)","DashboardBaseStyles.html","7937","","1","1","false","1-1-0","Overview","1","grid-template-columns: 1fr !important"
"1592","#overviewTwo .o2InsightStatGridV153","@media (max-width: 720px)","DashboardBaseStyles.html","7937","","1","1","false","1-1-0","Overview","1","grid-template-columns: 1fr !important"
"1593","#overviewTwo .o2DeepDiveContentV155 .o2InsightRowsV152","@media (max-width: 720px)","DashboardBaseStyles.html","7937","","1","1","false","1-2-0","Overview","1","grid-template-columns: 1fr !important"
"1594","#overviewTwo .o2DeepDiveContentV155 .o2HealthGridV152","@media (max-width: 720px)","DashboardBaseStyles.html","7937","","1","1","false","1-2-0","Overview","1","grid-template-columns: 1fr !important"
"1595","#overviewTwo .o2PaceMatrixV156","@media (max-width: 720px)","DashboardBaseStyles.html","7943","","1","1","false","1-1-0","Overview","1","grid-template-columns: repeat(var(--pace-month-count), minmax(50px, 1fr)) !important"
"1596","#overviewTwo .overviewTwoShellV150","","DashboardBaseStyles.html","7952","","1","1","false","1-1-0","Overview","3","max-width: 1880px !important; padding: 12px !important; background: #ebe9e5 !important"
"1597","#overviewTwo .o2CommandGridV150","","DashboardBaseStyles.html","7958","","1","1","false","1-1-0","Overview","4","display: flex !important; flex-direction: column !important; gap: 10px !important; margin-bottom: 10px !important"
"1598","#overviewTwo .o2ExecutivePanelV150","","DashboardBaseStyles.html","7965","","1","1","false","1-1-0","Overview","13","order: 0 !important; display: grid !important; grid-template-columns: 128px minmax(0, 1fr) minmax(265px, 330px) !important; gap: 10px !important; align-items: stretch !important; min-height: 102px !important; height: auto !important; padding: 10px !important; overflow: hidden !important; border-radius: 11px !important; background: #ffffff !important; border: 1px solid #d3d9e2 !important; box-shadow: 0 1px 2px rgba(16, 24, 40, .08) !important"
"1599","#overviewTwo .o2ExecutiveHeaderV150","","DashboardBaseStyles.html","7981","","1","1","false","1-1-0","Overview","9","min-width: 0 !important; padding: 8px 8px !important; border: 1px solid #eef1f5 !important; border-radius: 9px !important; background: #fbfcfd !important; display: flex !important; flex-direction: column !important; justify-content: center !important; gap: 6px !important"
"1600","#overviewTwo .o2ExecutiveEyebrowV150","","DashboardBaseStyles.html","7993","","1","1","false","1-1-0","Overview","5","font-size: 12px !important; line-height: 1.05 !important; letter-spacing: .03em !important; color: #172033 !important; font-weight: 950 !important"
"1601","#overviewTwo .o2ExecutiveSubV150","","DashboardBaseStyles.html","8001","","1","1","false","1-1-0","Overview","3","font-size: 10px !important; color: #667085 !important; font-weight: 750 !important"
"1602","#overviewTwo .o2SnapshotToneV150","","DashboardBaseStyles.html","8007","","1","1","false","1-1-0","Overview","4","align-self: flex-start !important; font-size: 10px !important; padding: 3px 7px !important; border-radius: 999px !important"
"1603","#overviewTwo .o2KpiBandSideV150","","DashboardBaseStyles.html","8014","","1","1","false","1-1-0","Overview","4","display: grid !important; grid-template-columns: repeat(5, minmax(112px, 1fr)) !important; gap: 8px !important; align-items: stretch !important"
"1604","#overviewTwo .o2KpiBandSideV150 .o2KpiCard","","DashboardBaseStyles.html","8021","","1","1","false","1-2-0","Overview","7","min-height: 82px !important; height: 82px !important; padding: 9px 10px !important; border-radius: 9px !important; background: #ffffff !important; border: 1px solid #e2e6ee !important; box-shadow: none !important"
"1605","#overviewTwo .o2KpiBandSideV150 .o2KpiCard .label","","DashboardBaseStyles.html","8031","","1","1","false","1-3-0","Overview","4","font-size: 9px !important; letter-spacing: .07em !important; color: #667085 !important; margin-bottom: 4px !important"
"1606","#overviewTwo .o2KpiBandSideV150 .o2KpiCard .value","","DashboardBaseStyles.html","8038","","1","1","false","1-3-0","Overview","3","font-size: 22px !important; line-height: 1 !important; letter-spacing: -.02em !important"
"1607","#overviewTwo .o2KpiBandSideV150 .o2KpiSub","","DashboardBaseStyles.html","8044","","1","1","false","1-2-0","Overview","4","margin-top: 6px !important; font-size: 9px !important; line-height: 1.1 !important; gap: 5px !important"
"1608","#overviewTwo .o2YearStackV150","","DashboardBaseStyles.html","8051","","1","1","false","1-1-0","Overview","7","min-height: 82px !important; padding: 8px !important; border-radius: 9px !important; border: 1px solid #e2e6ee !important; background: #ffffff !important; align-self: stretch !important; overflow: hidden !important"
"1609","#overviewTwo .o2YearStackHeaderV150","","DashboardBaseStyles.html","8061","","1","1","false","1-1-0","Overview","3","font-size: 10px !important; margin-bottom: 5px !important; color: #344054 !important"
"1610","#overviewTwo .o2YearStackRowsV150","","DashboardBaseStyles.html","8067","","1","1","false","1-1-0","Overview","1","gap: 2px !important"
"1611","#overviewTwo .o2YearRowV150","","DashboardBaseStyles.html","8071","","1","1","false","1-1-0","Overview","4","min-height: 20px !important; padding: 2px 5px !important; font-size: 10px !important; border-radius: 5px !important"
"1612","#overviewTwo .o2CommandMainV150","","DashboardBaseStyles.html","8078","","1","1","false","1-1-0","Overview","7","order: 1 !important; display: grid !important; grid-template-columns: minmax(620px, 1.32fr) minmax(430px, .68fr) !important; grid-template-rows: 430px !important; gap: 10px !important; height: 430px !important; min-height: 430px !important"
"1613","#overviewTwo .o2RevenueHeroV150","","DashboardBaseStyles.html","8088","","1","1","false","1-1-0","Overview","5","height: 430px !important; min-height: 430px !important; border-radius: 11px !important; padding: 0 !important; overflow: hidden !important"
"1614","#overviewTwo .o2RevenueHeroV150 .o2CardHeader","","DashboardBaseStyles.html","8096","","1","1","false","1-2-0","Overview","2","min-height: 48px !important; padding: 11px 13px 7px !important"
"1615","#overviewTwo .o2RevenueHeroV150 .o2TrendBox","","DashboardBaseStyles.html","8101","","1","1","false","1-2-0","Overview","2","height: 372px !important; padding: 0 10px 9px 4px !important"
"1616","#overviewTwo .o2AnalyticsRowV150","","DashboardBaseStyles.html","8106","","1","1","false","1-1-0","Overview","7","display: grid !important; grid-template-columns: 1fr !important; grid-template-rows: 184px minmax(0, 1fr) !important; gap: 10px !important; height: 430px !important; min-height: 0 !important; margin: 0 !important"
"1617","#overviewTwo .o2PaceCardV156","","DashboardBaseStyles.html","8116","","1","1","false","1-1-0","Overview","7","height: auto !important; min-height: 0 !important; border-radius: 11px !important; overflow: hidden !important; border: 1px solid #d3d9e2 !important; box-shadow: 0 1px 2px rgba(16, 24, 40, .08) !important; background: #ffffff !important"
"1618","#overviewTwo .o2ExecutiveInsightsPanelV158","","DashboardBaseStyles.html","8116","","1","1","false","1-1-0","Overview","7","height: auto !important; min-height: 0 !important; border-radius: 11px !important; overflow: hidden !important; border: 1px solid #d3d9e2 !important; box-shadow: 0 1px 2px rgba(16, 24, 40, .08) !important; background: #ffffff !important"
"1619","#overviewTwo .o2PaceCardV156","","DashboardBaseStyles.html","8127","","1","1","false","1-1-0","Overview","2","display: grid !important; grid-template-rows: 42px 43px minmax(0, 1fr) !important"
"1620","#overviewTwo .o2PaceHeaderV156","","DashboardBaseStyles.html","8132","","1","1","false","1-1-0","Overview","3","padding: 9px 11px 6px !important; min-height: 42px !important; border-bottom: 1px solid #edf0f4 !important"
"1621","#overviewTwo .o2InsightsHeaderV158","","DashboardBaseStyles.html","8132","","1","1","false","1-1-0","Overview","3","padding: 9px 11px 6px !important; min-height: 42px !important; border-bottom: 1px solid #edf0f4 !important"
"1622","#overviewTwo .o2DeepDiveHeaderV155","","DashboardBaseStyles.html","8132","","1","1","false","1-1-0","Overview","3","padding: 9px 11px 6px !important; min-height: 42px !important; border-bottom: 1px solid #edf0f4 !important"
"1623","#overviewTwo .o2PaceSummaryV156","","DashboardBaseStyles.html","8140","","1","1","false","1-1-0","Overview","3","grid-template-columns: repeat(3, minmax(0, 1fr)) !important; gap: 5px !important; padding: 5px 8px !important"
"1624","#overviewTwo .o2PaceStatV156","","DashboardBaseStyles.html","8146","","1","1","false","1-1-0","Overview","4","min-height: 33px !important; padding: 5px 7px !important; border-radius: 7px !important; gap: 0 !important"
"1625","#overviewTwo .o2PaceStatV156 .label","","DashboardBaseStyles.html","8153","","1","1","false","1-2-0","Overview","1","font-size: 7.5px !important"
"1626","#overviewTwo .o2PaceStatV156 strong","","DashboardBaseStyles.html","8157","","1","1","false","1-1-1","Overview","2","font-size: 13px !important; line-height: 1 !important"
"1627","#overviewTwo .o2PaceStatV156 .sub","","DashboardBaseStyles.html","8162","","1","1","false","1-2-0","Overview","1","display: none !important"
"1628","#overviewTwo .o2PaceLegendV156","","DashboardBaseStyles.html","8166","","1","1","false","1-1-0","Overview","1","display: none !important"
"1629","#overviewTwo .o2PaceMatrixV156","","DashboardBaseStyles.html","8170","","1","1","false","1-1-0","Overview","7","--pace-month-count: 6; display: grid !important; grid-template-columns: repeat(var(--pace-month-count), minmax(46px, 1fr)) !important; gap: 4px !important; margin: 0 8px 8px !important; overflow-x: auto !important; overflow-y: hidden !important; scrollbar-width: thin !important"
"1630","#overviewTwo .o2PaceMonthV158","","DashboardBaseStyles.html","8181","","1","1","false","1-1-0","Overview","5","min-width: 46px !important; min-height: 82px !important; grid-template-rows: 19px 28px 35px !important; border-radius: 8px !important; background: #ffffff !important"
"1631","#overviewTwo .o2PaceMonthLabelV158","","DashboardBaseStyles.html","8189","","1","1","false","1-1-0","Overview","1","font-size: 8px !important"
"1632","#overviewTwo .o2PaceMonthlyV158 span","","DashboardBaseStyles.html","8193","","1","1","false","1-1-1","Overview","1","font-size: 10.5px !important"
"1633","#overviewTwo .o2PaceYtdV158 b","","DashboardBaseStyles.html","8197","","1","1","false","1-1-1","Overview","1","font-size: 8px !important"
"1634","#overviewTwo .o2FeatureDockV158","","DashboardBaseStyles.html","8201","","1","1","false","1-1-0","Overview","1","display: none !important"
"1635","#overviewTwo .o2ExecutiveInsightsPanelV158","","DashboardBaseStyles.html","8205","","1","1","false","1-1-0","Overview","2","display: grid !important; grid-template-rows: 45px minmax(0, 1fr) !important"
"1636","#overviewTwo .o2InsightsHeaderV158","","DashboardBaseStyles.html","8210","","1","1","false","1-1-0","Overview","4","display: flex !important; align-items: center !important; justify-content: space-between !important; gap: 8px !important"
"1637","#overviewTwo .o2ReadoutTitleBlockV158 .o2ChartSubtle","","DashboardBaseStyles.html","8217","","1","1","false","1-2-0","Overview","1","display: none !important"
"1638","#overviewTwo .o2StoryTabsV158","","DashboardBaseStyles.html","8221","","1","1","false","1-1-0","Overview","5","gap: 4px !important; padding: 2px !important; border-radius: 999px !important; background: #f5f6f8 !important; flex: 0 0 auto !important"
"1639","#overviewTwo .o2StoryTabV158","","DashboardBaseStyles.html","8229","","1","1","false","1-1-0","Overview","4","min-height: 26px !important; padding: 5px 8px !important; font-size: 10px !important; border-radius: 999px !important"
"1640","#overviewTwo .o2InsightsBadgeV158","","DashboardBaseStyles.html","8236","","1","1","false","1-1-0","Overview","1","display: none !important"
"1641","#overviewTwo .o2ExecutiveInsightsBodyV158","","DashboardBaseStyles.html","8240","","1","1","false","1-1-0","Overview","3","min-height: 0 !important; padding: 9px 11px 10px !important; overflow: hidden !important"
"1642","#overviewTwo .o2ExecutiveInsightsBodyV158 .o2InsightLeadV153","","DashboardBaseStyles.html","8246","","1","1","false","1-2-0","Overview","4","font-size: 13px !important; padding: 9px 10px !important; margin-bottom: 7px !important; border-radius: 8px !important"
"1643","#overviewTwo .o2ExecutiveInsightsBodyV158 .o2InsightRowsV153","","DashboardBaseStyles.html","8253","","1","1","false","1-2-0","Overview","1","gap: 5px !important"
"1644","#overviewTwo .o2ExecutiveInsightsBodyV158 .o2InsightRowV153","","DashboardBaseStyles.html","8257","","1","1","false","1-2-0","Overview","3","min-height: 26px !important; padding: 5px 8px !important; font-size: 10.5px !important"
"1645","#overviewTwo .o2ExecutiveInsightsBodyV158 .o2InsightStatGridV153","","DashboardBaseStyles.html","8263","","1","1","false","1-2-0","Overview","2","gap: 6px !important; grid-template-columns: repeat(2, minmax(0, 1fr)) !important"
"1646","#overviewTwo .o2ExecutiveInsightsBodyV158 .o2InsightStatV153","","DashboardBaseStyles.html","8268","","1","1","false","1-2-0","Overview","3","min-height: 55px !important; padding: 7px 8px !important; border-radius: 8px !important"
"1647","#overviewTwo .o2DeepDivePanelV155","","DashboardBaseStyles.html","8274","","1","1","false","1-1-0","Overview","2","margin-bottom: 10px !important; border-radius: 11px !important"
"1648","#overviewTwo .o2DeepDiveHeaderV155","","DashboardBaseStyles.html","8279","","1","1","false","1-1-0","Overview","4","display: flex !important; align-items: center !important; justify-content: space-between !important; gap: 12px !important"
"1649","#overviewTwo .o2DeepDiveBodyV155","","DashboardBaseStyles.html","8286","","1","1","false","1-1-0","Overview","1","padding: 10px !important"
"1650","#overviewTwo .o2DeepPanelIntroV155","","DashboardBaseStyles.html","8290","","1","1","false","1-1-0","Overview","1","display: none !important"
"1651","#overviewTwo .o2InsightRowsV152","","DashboardBaseStyles.html","8294","","1","1","false","1-1-0","Overview","1","gap: 8px !important"
"1652","#overviewTwo .o2HealthGridV152","","DashboardBaseStyles.html","8294","","1","1","false","1-1-0","Overview","1","gap: 8px !important"
"1653","#overviewTwo .o2TopBarChartsV150","","DashboardBaseStyles.html","8299","","1","1","false","1-1-0","Overview","4","display: grid !important; grid-template-columns: repeat(4, minmax(0, 1fr)) !important; gap: 10px !important; margin-bottom: 10px !important"
"1654","#overviewTwo .o2TopBarChartsV150 .o2Card","","DashboardBaseStyles.html","8306","","1","1","false","1-2-0","Overview","4","min-height: 190px !important; height: 190px !important; border-radius: 11px !important; overflow: hidden !important"
"1655","#overviewTwo .o2TopBarChartsV150 .o2CardHeader","","DashboardBaseStyles.html","8313","","1","1","false","1-2-0","Overview","2","min-height: 42px !important; padding: 9px 11px 5px !important"
"1656","#overviewTwo .o2TopBarChartsV150 .o2SmallChartBox","","DashboardBaseStyles.html","8318","","1","1","false","1-2-0","Overview","2","height: 138px !important; padding: 0 6px 8px !important"
"1657","#overviewTwo .o2ExecutivePanelV150","@media (max-width: 1280px)","DashboardBaseStyles.html","8324","","1","1","false","1-1-0","Overview","1","grid-template-columns: 1fr !important"
"1658","#overviewTwo .o2ExecutiveHeaderV150","@media (max-width: 1280px)","DashboardBaseStyles.html","8327","","1","1","false","1-1-0","Overview","1","display: none !important"
"1659","#overviewTwo .o2CommandMainV150","@media (max-width: 1280px)","DashboardBaseStyles.html","8330","","1","1","false","1-1-0","Overview","3","grid-template-columns: 1fr !important; grid-template-rows: 390px auto !important; height: auto !important"
"1660","#overviewTwo .o2RevenueHeroV150","@media (max-width: 1280px)","DashboardBaseStyles.html","8335","","1","1","false","1-1-0","Overview","2","height: 390px !important; min-height: 390px !important"
"1661","#overviewTwo .o2AnalyticsRowV150","@media (max-width: 1280px)","DashboardBaseStyles.html","8339","","1","1","false","1-1-0","Overview","2","height: auto !important; grid-template-rows: auto auto !important"
"1662","#overviewTwo .o2TopBarChartsV150","@media (max-width: 1280px)","DashboardBaseStyles.html","8343","","1","1","false","1-1-0","Overview","1","grid-template-columns: repeat(2, minmax(0, 1fr)) !important"
"1663","#overviewTwo .o2KpiBandSideV150","@media (max-width: 780px)","DashboardBaseStyles.html","8349","","1","1","false","1-1-0","Overview","1","grid-template-columns: repeat(2, minmax(0, 1fr)) !important"
"1664","#overviewTwo .o2TopBarChartsV150","@media (max-width: 780px)","DashboardBaseStyles.html","8352","","1","1","false","1-1-0","Overview","1","grid-template-columns: 1fr !important"
"1665","#overviewTwo .o2DeepDiveHeaderV155","@media (max-width: 780px)","DashboardBaseStyles.html","8355","","1","1","false","1-1-0","Overview","2","align-items: flex-start !important; flex-direction: column !important"
"1666","#overviewTwo .o2InsightsHeaderV158","@media (max-width: 780px)","DashboardBaseStyles.html","8355","","1","1","false","1-1-0","Overview","2","align-items: flex-start !important; flex-direction: column !important"
"1667","#overviewTwo .o2StoryTabsV158","@media (max-width: 780px)","DashboardBaseStyles.html","8360","","1","1","false","1-1-0","Overview","2","width: 100% !important; overflow-x: auto !important"
"1668","#overviewTwo .o2DeepDiveTabsV155","@media (max-width: 780px)","DashboardBaseStyles.html","8360","","1","1","false","1-1-0","Overview","2","width: 100% !important; overflow-x: auto !important"
"1669","#singleShellDebugBanner","","DashboardBaseStyles.html","8369","","1","1","false","1-0-0","Remake","1","display: block !important"
"1670","#singleShellClientError:empty","","DashboardBaseStyles.html","8373","","1","1","false","1-1-0","Remake","1","display: none !important"
"1671","#remakeFactorPage","","DashboardBaseStyles.html","8379","","1","1","false","1-0-0","Remake","0","background: #f8fafc; color: #172033; min-height: calc(100vh - 80px); padding: 16px 18px 28px"
"1672",".remakeShell","","DashboardBaseStyles.html","8386","","1","1","false","0-1-0","Remake","0","display: flex; flex-direction: column; gap: 10px; max-width: 1500px; margin: 0 auto"
"1673",".remakeHeader","","DashboardBaseStyles.html","8394","","1","1","false","0-1-0","Remake","0","display: flex; justify-content: space-between; gap: 12px; align-items: center; background: #ffffff; border: 1px solid #d8dee8; border-radius: 12px; padding: 10px 12px; box-shadow: 0 1px 6px rgba(17, 24, 39, 0.05)"
"1674",".remakeEyebrow","","DashboardBaseStyles.html","8406","","1","1","false","0-1-0","Remake","0","display: none"
"1675",".remakeTitle","","DashboardBaseStyles.html","8410","","1","1","false","0-1-0","Remake","0","font-size: 20px; line-height: 1.1; font-weight: 900; margin: 0; color: #172033"
"1676",".remakeSubtitle","","DashboardBaseStyles.html","8418","","1","1","false","0-1-0","Remake","0","display: none"
"1677",".remakeActions","","DashboardBaseStyles.html","8422","","1","1","false","0-1-0","Remake","0","display: flex; flex-wrap: wrap; align-items: center; justify-content: flex-end; gap: 8px; min-width: 240px"
"1678",".remakeButton","","DashboardBaseStyles.html","8431","","1","1","false","0-1-0","Remake","0","border: 1px solid #172033; background: #172033; color: #ffffff; border-radius: 9px; font: 900 12px Arial, sans-serif; padding: 8px 11px; cursor: pointer; white-space: nowrap"
"1679",".remakeButton.secondary","","DashboardBaseStyles.html","8442","","1","1","false","0-2-0","Remake","0","background: #ffffff; color: #172033; border-color: #b8c1ce"
"1680",".remakeButton:disabled","","DashboardBaseStyles.html","8448","","1","1","false","0-2-0","Remake","0","opacity: 0.55; cursor: not-allowed"
"1681",".remakeRefreshStamp","","DashboardBaseStyles.html","8453","","1","1","false","0-1-0","Remake","0","width: 100%; text-align: right; font-size: 10px; color: #667085"
"1682",".remakeNotice","","DashboardBaseStyles.html","8460","","1","1","false","0-1-0","Remake","0","display: none; border-radius: 9px; border: 1px solid #d7dde8; background: #ffffff; padding: 7px 10px; font-size: 11px; line-height: 1.25; color: #364152"
"1683",".remakeNotice.active","","DashboardBaseStyles.html","8471","","1","1","false","0-2-0","Remake","0","display: block"
"1684",".remakeNotice.error","","DashboardBaseStyles.html","8472","","1","1","false","0-2-0","Remake","0","border-color: #f1a9a9; background: #fff5f5; color: #991b1b"
"1685",".remakeNotice.warn","","DashboardBaseStyles.html","8473","","1","1","false","0-2-0","Remake","0","border-color: #f5d48c; background: #fffbeb; color: #92400e"
"1686",".remakeFilterBar","","DashboardBaseStyles.html","8475","","1","1","false","0-1-0","Remake","0","display: grid; grid-template-columns: repeat(5, minmax(150px, 1fr)); gap: 8px; background: #ffffff; border: 1px solid #d8dee8; border-radius: 12px; padding: 9px; box-shadow: 0 1px 6px rgba(17, 24, 39, 0.04)"
"1687",".remakeFilter label","","DashboardBaseStyles.html","8486","","1","1","false","0-1-1","Remake","0","display: block; font-size: 10px; font-weight: 900; color: #5f6b7a; letter-spacing: 0.05em; text-transform: uppercase; margin-bottom: 5px"
"1688",".remakeFilter select","","DashboardBaseStyles.html","8496","","1","1","false","0-1-1","Remake","0","width: 100%; border: 1px solid #cbd5e1; border-radius: 9px; background: #ffffff; color: #172033; font: 700 12px Arial, sans-serif; padding: 8px 9px; min-height: 36px"
"1689",".remakeKpis","","DashboardBaseStyles.html","8507","","1","1","false","0-1-0","Remake","0","display: grid; grid-template-columns: repeat(7, minmax(115px, 1fr)); gap: 8px"
"1690",".remakeKpi","","DashboardBaseStyles.html","8513","","1","1","false","0-1-0","Remake","0","background: #ffffff; border: 1px solid #d8dee8; border-radius: 11px; padding: 9px 10px; box-shadow: 0 1px 6px rgba(17, 24, 39, 0.04); min-height: 56px"
"1691",".remakeKpi .label","","DashboardBaseStyles.html","8522","","1","1","false","0-2-0","Remake","0","font-size: 10px; font-weight: 900; color: #667085; text-transform: uppercase; letter-spacing: 0.05em; margin-bottom: 7px"
"1692",".remakeKpi .value","","DashboardBaseStyles.html","8531","","1","1","false","0-2-0","Remake","0","font-size: 22px; line-height: 1.05; font-weight: 900; color: #172033; white-space: nowrap"
"1693",".remakeKpi .sub","","DashboardBaseStyles.html","8539","","1","1","false","0-2-0","Remake","0","display: none"
"1694",".remakeGrid","","DashboardBaseStyles.html","8543","","1","1","false","0-1-0","Remake","0","display: grid; grid-template-columns: 1.35fr 1fr; gap: 12px; align-items: start"
"1695",".remakeCard","","DashboardBaseStyles.html","8550","","1","1","false","0-1-0","Remake","0","background: #ffffff; border: 1px solid #d8dee8; border-radius: 14px; box-shadow: 0 2px 10px rgba(17, 24, 39, 0.05); overflow: hidden"
"1696",".remakeCardHeader","","DashboardBaseStyles.html","8558","","1","1","false","0-1-0","Remake","0","padding: 10px 12px; border-bottom: 1px solid #e6ebf2; display: flex; justify-content: space-between; gap: 10px; align-items: baseline"
"1697",".remakeCardTitle","","DashboardBaseStyles.html","8567","","1","1","false","0-1-0","Remake","0","font-size: 14px; font-weight: 900; color: #172033"
"1698",".remakeCardSubtle","","DashboardBaseStyles.html","8573","","1","1","false","0-1-0","Remake","0","display: none"
"1699",".remakeTableWrap","","DashboardBaseStyles.html","8577","","1","1","false","0-1-0","Remake","0","max-height: 420px; overflow: auto; scrollbar-gutter: stable"
"1700",".remakeTable","","DashboardBaseStyles.html","8583","","1","1","false","0-1-0","Remake","0","width: 100%; border-collapse: collapse; font: 12px Arial, sans-serif"
"1701",".remakeTable th","","DashboardBaseStyles.html","8589","","1","1","false","0-1-1","Remake","0","position: sticky; top: 0; z-index: 1; background: #3b556e; color: #ffffff; text-align: left; padding: 8px 9px; font-weight: 900; white-space: nowrap"
"1702",".remakeTable td","","DashboardBaseStyles.html","8601","","1","1","false","0-1-1","Remake","0","border-top: 1px solid #e8edf4; padding: 7px 9px; color: #172033; white-space: nowrap; vertical-align: middle"
"1703",".remakeTable tr:nth-child(even) td","","DashboardBaseStyles.html","8609","","1","1","false","0-2-2","Remake","0","background: #f9fafb"
"1704",".remakeTable td.num","","DashboardBaseStyles.html","8610","","1","1","false","0-2-1","Remake","0","text-align: right"
"1705",".remakeTable th.num","","DashboardBaseStyles.html","8610","","1","1","false","0-2-1","Remake","0","text-align: right"
"1706",".remakeTrendList","","DashboardBaseStyles.html","8612","","1","1","false","0-1-0","Remake","0","padding: 10px 12px 12px; display: flex; flex-direction: column; gap: 8px"
"1707",".remakeTrendRow","","DashboardBaseStyles.html","8619","","1","1","false","0-1-0","Remake","0","display: grid; grid-template-columns: 76px 1fr 70px; gap: 10px; align-items: center; font-size: 12px"
"1708",".remakeTrendMonth","","DashboardBaseStyles.html","8627","","1","1","false","0-1-0","Remake","0","font-weight: 900; color: #172033"
"1709",".remakeTrendBarTrack","","DashboardBaseStyles.html","8628","","1","1","false","0-1-0","Remake","0","height: 12px; border-radius: 3px; background: #e7ebf2; overflow: hidden"
"1710",".remakeTrendBar","","DashboardBaseStyles.html","8629","","1","1","false","0-1-0","Remake","0","height: 100%; background: #3b556e; border-radius: 3px"
"1711",".remakeTrendValue","","DashboardBaseStyles.html","8630","","1","1","false","0-1-0","Remake","0","text-align: right; font-weight: 900; color: #172033"
"1712",".remakeDirectionalNote","","DashboardBaseStyles.html","8632","","1","1","false","0-1-0","Remake","0","display: none"
"1713",".remakeFilterBar","@media (max-width: 1100px)","DashboardBaseStyles.html","8637","","1","1","false","0-1-0","Remake","0","grid-template-columns: repeat(2, minmax(0, 1fr))"
"1714",".remakeKpis","@media (max-width: 1100px)","DashboardBaseStyles.html","8638","","1","1","false","0-1-0","Remake","0","grid-template-columns: repeat(2, minmax(0, 1fr))"
"1715",".remakeGrid","@media (max-width: 1100px)","DashboardBaseStyles.html","8639","","1","1","false","0-1-0","Remake","0","grid-template-columns: 1fr"
"1716",".remakeHeader","@media (max-width: 1100px)","DashboardBaseStyles.html","8640","","1","1","false","0-1-0","Remake","0","flex-direction: column"
"1717",".remakeActions","@media (max-width: 1100px)","DashboardBaseStyles.html","8641","","1","1","false","0-1-0","Remake","0","justify-content: flex-start"
"1718",".remakeRefreshStamp","@media (max-width: 1100px)","DashboardBaseStyles.html","8642","","1","1","false","0-1-0","Remake","0","text-align: left"
"1719","#remakeFactorPage.cleanRemakeV6230 .remakeChartModeBarV6230 button.active","","Index.html","141","remakeV6285TargetedFixes","2","0","false","1-3-1","Remake","4","background: #fff7d6 !important; color: #7a4a00 !important; border-color: #f2c94c !important; box-shadow: 0 0 0 1px rgba(242,201,76,.20),0 1px 3px rgba(245,158,11,.20) !important"
"1720","#remakeFactorPage.cleanRemakeV6230 .remakeChartModeBarV6230 button[aria-pressed=""true""]","","Index.html","141","remakeV6285TargetedFixes","2","0","false","1-3-1","Remake","4","background: #fff7d6 !important; color: #7a4a00 !important; border-color: #f2c94c !important; box-shadow: 0 0 0 1px rgba(242,201,76,.20),0 1px 3px rgba(245,158,11,.20) !important"
"1721","#remakeFactorPage.cleanRemakeV6230 .remakeChartModeBarV6230 button.active","","Index.html","151","remakeV6286FinalChartState","3","0","false","1-3-1","Remake","4","background: #fff4c2 !important; color: #704300 !important; border-color: #f4b400 !important; box-shadow: inset 0 0 0 1px rgba(244,180,0,.18), 0 1px 3px rgba(180,110,0,.18) !important"
"1722","#remakeFactorPage.cleanRemakeV6230 .remakeChartModeBarV6230 button[aria-pressed=""true""]","","Index.html","151","remakeV6286FinalChartState","3","0","false","1-3-1","Remake","4","background: #fff4c2 !important; color: #704300 !important; border-color: #f4b400 !important; box-shadow: inset 0 0 0 1px rgba(244,180,0,.18), 0 1px 3px rgba(180,110,0,.18) !important"
"1723","#remakeFactorPage.cleanRemakeV6230 .remakeChartBoxV6230 canvas","","Index.html","158","remakeV6286FinalChartState","3","0","false","1-2-1","Remake","0","transition: opacity 80ms ease-out, filter 80ms ease-out"
"1724","#remakeFactorPage.cleanRemakeV6230 .remakeStickyTopV6245","@media (min-width: 981px)","Index.html","165","remakeV6324CompactFilterBarStyles","4","0","false","1-2-0","Remake","1","padding-top: 4px !important"
"1725","#remakeFactorPage.cleanRemakeV6230 .remakeFilterBarV6230","@media (min-width: 981px)","Index.html","168","remakeV6324CompactFilterBarStyles","4","0","false","1-2-0","Remake","6","display: grid !important; grid-template-columns: minmax(96px,.56fr) minmax(138px,.82fr) minmax(164px,1fr) minmax(142px,.88fr) minmax(164px,1fr) minmax(138px,.82fr) !important; gap: 6px !important; align-items: center !important; padding-right: 42px !important; margin-bottom: 0 !important"
"1726","#remakeFactorPage.cleanRemakeV6230 .remakeFilter","@media (min-width: 981px)","Index.html","176","remakeV6324CompactFilterBarStyles","4","0","false","1-2-0","Remake","5","padding: 0 !important; min-height: 38px !important; border-radius: 9px !important; box-shadow: 0 1px 2px rgba(20,32,42,.08) !important; overflow: visible !important"
"1727","#remakeFactorPage.cleanRemakeV6230 .remakeFilter label","@media (min-width: 981px)","Index.html","183","remakeV6324CompactFilterBarStyles","4","0","false","1-2-1","Remake","9","position: absolute !important; width: 1px !important; height: 1px !important; padding: 0 !important; margin: -1px !important; overflow: hidden !important; clip: rect(0,0,0,0) !important; white-space: nowrap !important; border: 0 !important"
"1728","#remakeFactorPage.cleanRemakeV6230 .remakeDropdownButtonV6245","@media (min-width: 981px)","Index.html","194","remakeV6324CompactFilterBarStyles","4","0","false","1-2-0","Remake","8","min-height: 38px !important; height: 38px !important; border: 0 !important; border-radius: 9px !important; padding: 0 30px 0 12px !important; font-size: 11.5px !important; font-weight: 800 !important; background: #ffffff !important"
"1729","#remakeFactorPage.cleanRemakeV6230 .remakeDropdownButtonV6245.active","@media (min-width: 981px)","Index.html","204","remakeV6324CompactFilterBarStyles","4","0","false","1-3-0","Remake","1","border: 1px solid #94a3b8 !important"
"1730","#remakeFactorPage.cleanRemakeV6230 .remakeGlobalSearchBarV6304","@media (min-width: 981px)","Index.html","207","remakeV6324CompactFilterBarStyles","4","0","false","1-2-0","Remake","2","top: 2px !important; right: 2px !important"
"1731","#remakeFactorPage.cleanRemakeV6230 .remakeGlobalSearchButtonV6304","@media (min-width: 981px)","Index.html","211","remakeV6324CompactFilterBarStyles","4","0","false","1-2-0","Remake","2","width: 36px !important; height: 36px !important"
"1732","#remakeFactorPage.cleanRemakeV6230 .remakePillsV6230:not(:empty)","@media (min-width: 981px)","Index.html","215","remakeV6324CompactFilterBarStyles","4","0","false","1-3-0","Remake","1","margin-bottom: 1px !important"
"1733","#remakeFactorPage.cleanRemakeV6230 .remakeFilterBarV6230","@media (min-width: 981px) and (max-width: 1250px)","Index.html","220","remakeV6324CompactFilterBarStyles","4","0","false","1-2-0","Remake","1","grid-template-columns: repeat(3,minmax(0,1fr)) !important"
"1734","#ceramistCaseDialogOverlayV6369","","Index.html","233","workerDetailCrossfilterStylesV6370","5","0","false","1-0-0","Shared","1","display: none !important"
"1735","#remakeFactorPage.cleanRemakeV6230 .ceramistDetailChevronV6368","","Index.html","234","workerDetailCrossfilterStylesV6370","5","0","false","1-2-0","Remake","1","display: none !important"
"1736","#remakeFactorPage.cleanRemakeV6230 #remakeCeramistDetailTableV6343 tbody tr.ceramistDetailClickableV6368","","Index.html","235","workerDetailCrossfilterStylesV6370","5","0","false","2-2-2","Remake","0","cursor: pointer"
"1737","html.cdaRemakeTatBootV6501 body","","Index.html","242","cdaRemakeTatBootStylesV6501","6","0","false","0-1-2","Shared","1","visibility: hidden !important"
"1738","#tabOneBtn","","Index.html","243","cdaRemakeTatBootStylesV6501","6","0","false","1-0-0","Shared","3","display: none !important; visibility: hidden !important; pointer-events: none !important"
"1739",".managerTabs > .tabGroup","","Index.html","243","cdaRemakeTatBootStylesV6501","6","0","false","0-2-0","Shared","3","display: none !important; visibility: hidden !important; pointer-events: none !important"
"1740","#underConstructionBtn","","Index.html","243","cdaRemakeTatBootStylesV6501","6","0","false","1-0-0","Shared","3","display: none !important; visibility: hidden !important; pointer-events: none !important"
"1741","#underConstructionMenu","","Index.html","243","cdaRemakeTatBootStylesV6501","6","0","false","1-0-0","Shared","3","display: none !important; visibility: hidden !important; pointer-events: none !important"
"1742","#categoricalTabBtn","","Index.html","243","cdaRemakeTatBootStylesV6501","6","0","false","1-0-0","Shared","3","display: none !important; visibility: hidden !important; pointer-events: none !important"
"1743","#overviewNavActions","","Index.html","243","cdaRemakeTatBootStylesV6501","6","0","false","1-0-0","Overview","3","display: none !important; visibility: hidden !important; pointer-events: none !important"
"1744","#overviewOne","","Index.html","243","cdaRemakeTatBootStylesV6501","6","0","false","1-0-0","Overview","3","display: none !important; visibility: hidden !important; pointer-events: none !important"
"1745","#overviewTwo","","Index.html","243","cdaRemakeTatBootStylesV6501","6","0","false","1-0-0","Overview","3","display: none !important; visibility: hidden !important; pointer-events: none !important"
"1746","#categoricalPage","","Index.html","243","cdaRemakeTatBootStylesV6501","6","0","false","1-0-0","Shared","3","display: none !important; visibility: hidden !important; pointer-events: none !important"
"1747","#dropdownDebugOverlayV6199","","Index.html","243","cdaRemakeTatBootStylesV6501","6","0","false","1-0-0","Shared","3","display: none !important; visibility: hidden !important; pointer-events: none !important"
"1748","#dropdownDebugOverlayV6196","","Index.html","243","cdaRemakeTatBootStylesV6501","6","0","false","1-0-0","Shared","3","display: none !important; visibility: hidden !important; pointer-events: none !important"
"1749","#layoutEditButtonV6183","","Index.html","243","cdaRemakeTatBootStylesV6501","6","0","false","1-0-0","Shared","3","display: none !important; visibility: hidden !important; pointer-events: none !important"
"1750","#layoutEditPanelV6183","","Index.html","243","cdaRemakeTatBootStylesV6501","6","0","false","1-0-0","Shared","3","display: none !important; visibility: hidden !important; pointer-events: none !important"
"1751","#layoutCardEditorV6184","","Index.html","243","cdaRemakeTatBootStylesV6501","6","0","false","1-0-0","Shared","3","display: none !important; visibility: hidden !important; pointer-events: none !important"
"1752","#singleShellClientError","","Index.html","257","cdaRemakeTatBootStylesV6501","6","0","false","1-0-0","Shared","3","display: none !important; visibility: hidden !important; pointer-events: none !important"
"1753","#singleShellDebugBanner","","Index.html","257","cdaRemakeTatBootStylesV6501","6","0","false","1-0-0","Shared","3","display: none !important; visibility: hidden !important; pointer-events: none !important"
"1754","#remakeFactorPage.cleanRemakeV6230 .remakeFilter .remakeDropdownHeaderV6245 label.remakeVisibleToggleV6502","","Index.html","262","cdaRemakeUsabilityV6503Styles","7","0","false","1-4-1","Remake","23","display: inline-flex !important; align-items: center !important; gap: 6px !important; width: auto !important; height: auto !important; min-width: 0 !important; max-width: none !important; min-height: 29px !important; padding: 4px 9px !important; border: 1px solid #cbd5df !important; border-radius: 999px !important; background: #fff !important; color: #1f2937 !important; font: 800 11px/1 Roboto,Arial,sans-serif !important; cursor: pointer !important; white-space: nowrap !important; position: relative !important; inset: auto !important; margin: 0 !important; overflow: visible !important; clip: auto !important; z-index: 2 !important; pointer-events: auto !important"
"1755","#remakeTabFilterHostV6337 .remakeFilter .remakeDropdownHeaderV6245 label.remakeVisibleToggleV6502","","Index.html","262","cdaRemakeUsabilityV6503Styles","7","0","false","1-3-1","Remake","23","display: inline-flex !important; align-items: center !important; gap: 6px !important; width: auto !important; height: auto !important; min-width: 0 !important; max-width: none !important; min-height: 29px !important; padding: 4px 9px !important; border: 1px solid #cbd5df !important; border-radius: 999px !important; background: #fff !important; color: #1f2937 !important; font: 800 11px/1 Roboto,Arial,sans-serif !important; cursor: pointer !important; white-space: nowrap !important; position: relative !important; inset: auto !important; margin: 0 !important; overflow: visible !important; clip: auto !important; z-index: 2 !important; pointer-events: auto !important"
"1756","#remakeFactorPage.cleanRemakeV6230 .remakeFilter .remakeDropdownHeaderV6245 label.remakeVisibleToggleV6502 input","","Index.html","288","cdaRemakeUsabilityV6503Styles","7","0","false","1-4-2","Remake","9","width: 16px !important; height: 16px !important; margin: 0 !important; accent-color: #d89b00 !important; cursor: pointer !important; position: relative !important; z-index: 3 !important; pointer-events: auto !important; flex: 0 0 auto !important"
"1757","#remakeTabFilterHostV6337 .remakeFilter .remakeDropdownHeaderV6245 label.remakeVisibleToggleV6502 input","","Index.html","288","cdaRemakeUsabilityV6503Styles","7","0","false","1-3-2","Remake","9","width: 16px !important; height: 16px !important; margin: 0 !important; accent-color: #d89b00 !important; cursor: pointer !important; position: relative !important; z-index: 3 !important; pointer-events: auto !important; flex: 0 0 auto !important"
"1758","#remakeFactorPage.cleanRemakeV6230 .remakeVisibleToggleV6502:has(input:checked)","","Index.html","300","cdaRemakeUsabilityV6503Styles","7","0","false","1-3-1","Remake","3","border-color: #f2c94c !important; background: #fff7d6 !important; color: #7a4a00 !important"
"1759","#remakeFactorPage.cleanRemakeV6230 .remakeVisibleToggleV6502:has(input:indeterminate)","","Index.html","300","cdaRemakeUsabilityV6503Styles","7","0","false","1-3-1","Remake","3","border-color: #f2c94c !important; background: #fff7d6 !important; color: #7a4a00 !important"
"1760","#remakeTabFilterHostV6337 .remakeVisibleToggleV6502:has(input:checked)","","Index.html","300","cdaRemakeUsabilityV6503Styles","7","0","false","1-2-1","Remake","3","border-color: #f2c94c !important; background: #fff7d6 !important; color: #7a4a00 !important"
"1761","#remakeTabFilterHostV6337 .remakeVisibleToggleV6502:has(input:indeterminate)","","Index.html","300","cdaRemakeUsabilityV6503Styles","7","0","false","1-2-1","Remake","3","border-color: #f2c94c !important; background: #fff7d6 !important; color: #7a4a00 !important"
"1762","body > .remakeColumnChooserPopoverV6357","","Index.html","308","cdaRemakeUsabilityV6503Styles","7","0","false","0-1-1","Remake","3","max-width: calc(100vw - 20px) !important; overscroll-behavior: contain !important; pointer-events: auto !important"
"1763","#remakeFactorPage.cleanRemakeV6230 .remakeCustomerDetailPanelV6503","","Index.html","314","cdaRemakeUsabilityV6503Styles","7","0","false","1-2-0","Remake","8","min-width: 0 !important; min-height: 0 !important; display: flex !important; flex-direction: column !important; background: #ffffff !important; border: 1px solid #dfe4ea !important; border-radius: 7px !important; overflow: hidden !important"
"1764","#remakeFactorPage.cleanRemakeV6230 .remakeCustomerResponsibilitySummaryV6502","","Index.html","324","cdaRemakeUsabilityV6503Styles","7","0","false","1-2-0","Remake","4","flex: 0 0 auto !important; padding: 11px 12px 9px !important; border-bottom: 1px solid #e5e7eb !important; background: #fbfcfe !important"
"1765","#remakeFactorPage.cleanRemakeV6230 .remakeCustomerBreakdownEmptyV6503","","Index.html","330","cdaRemakeUsabilityV6503Styles","7","0","false","1-2-0","Remake","8","min-height: 72px !important; display: flex !important; align-items: center !important; justify-content: center !important; padding: 12px 16px !important; color: #667085 !important; font: 700 11px/1.45 Roboto,Arial,sans-serif !important; text-align: center !important"
"1766","#remakeFactorPage.cleanRemakeV6230 .remakeCustomerBreakdownHeadingV6503","","Index.html","340","cdaRemakeUsabilityV6503Styles","7","0","false","1-2-0","Remake","5","display: flex !important; align-items: flex-start !important; justify-content: space-between !important; gap: 10px !important; margin-bottom: 9px !important"
"1767","#remakeFactorPage.cleanRemakeV6230 .remakeCustomerBreakdownHeadingV6503 strong","","Index.html","347","cdaRemakeUsabilityV6503Styles","7","0","false","1-2-1","Remake","3","display: block !important; color: #172033 !important; font: 900 12px/1.25 Roboto,Arial,sans-serif !important"
"1768","#remakeFactorPage.cleanRemakeV6230 .remakeCustomerBreakdownHeadingV6503 span","","Index.html","352","cdaRemakeUsabilityV6503Styles","7","0","false","1-2-1","Remake","4","display: block !important; margin-top: 2px !important; color: #667085 !important; font: 700 9.5px/1.25 Roboto,Arial,sans-serif !important"
"1769","#remakeFactorPage.cleanRemakeV6230 .remakeCustomerBreakdownGridV6503","","Index.html","358","cdaRemakeUsabilityV6503Styles","7","0","false","1-2-0","Remake","5","display: grid !important; grid-template-columns: repeat(3,minmax(0,1fr)) !important; border-top: 1px solid #e5e7eb !important; border-left: 1px solid #e5e7eb !important; background: #fff !important"
"1770","#remakeFactorPage.cleanRemakeV6230 .remakeCustomerBreakdownMetricV6503","","Index.html","365","cdaRemakeUsabilityV6503Styles","7","0","false","1-2-0","Remake","5","min-width: 0 !important; padding: 8px 9px !important; border-right: 1px solid #e5e7eb !important; border-bottom: 1px solid #e5e7eb !important; background: #fff !important"
"1771","#remakeFactorPage.cleanRemakeV6230 .remakeCustomerBreakdownMetricV6503 span","","Index.html","372","cdaRemakeUsabilityV6503Styles","7","0","false","1-2-1","Remake","9","display: block !important; margin-bottom: 4px !important; color: #667085 !important; font: 800 8.5px/1.1 Roboto,Arial,sans-serif !important; letter-spacing: .035em !important; text-transform: uppercase !important; white-space: nowrap !important; overflow: hidden !important; text-overflow: ellipsis !important"
"1772","#remakeFactorPage.cleanRemakeV6230 .remakeCustomerBreakdownMetricV6503 strong","","Index.html","383","cdaRemakeUsabilityV6503Styles","7","0","false","1-2-1","Remake","4","display: block !important; color: #172033 !important; font: 900 15px/1.05 Roboto,Arial,sans-serif !important; white-space: nowrap !important"
"1773","#remakeFactorPage.cleanRemakeV6230 .remakeCustomerBreakdownMetricV6503.responsibilityV6503 strong","","Index.html","389","cdaRemakeUsabilityV6503Styles","7","0","false","1-3-1","Remake","1","color: #7a4a00 !important"
"1774","#remakeFactorPage.cleanRemakeV6230 .remakeCustomerDetailPanelV6503 .remakeCustomerChartBoxV6230","","Index.html","392","cdaRemakeUsabilityV6503Styles","7","0","false","1-3-0","Remake","5","flex: 1 1 auto !important; min-height: 235px !important; height: auto !important; padding: 10px 12px 12px !important; position: relative !important"
"1775","#remakeFactorPage.cleanRemakeV6230 .remakeCustomerDetailEmptyChartV6503","","Index.html","399","cdaRemakeUsabilityV6503Styles","7","0","false","1-2-0","Remake","9","position: absolute !important; inset: 10px 12px 12px !important; display: flex !important; align-items: center !important; justify-content: center !important; color: #98a2b3 !important; font: 700 11px/1.4 Roboto,Arial,sans-serif !important; text-align: center !important; pointer-events: none !important"
"1776","#remakeFactorPage.cleanRemakeV6230 #remakeCustomerTable:not(.compareColumnsV6301)","","Index.html","410","cdaRemakeUsabilityV6503Styles","7","0","false","2-2-0","Remake","1","min-width: 1540px !important"
"1777","#remakeFactorPage.cleanRemakeV6230 #remakeCustomerTable.compareColumnsV6301","","Index.html","413","cdaRemakeUsabilityV6503Styles","7","0","false","2-2-0","Remake","1","min-width: 2960px !important"
"1778","#remakeFactorPage.cleanRemakeV6230 .remakeCustomerBreakdownGridV6503","@media(max-width:1380px)","Index.html","417","cdaRemakeUsabilityV6503Styles","7","0","false","1-2-0","Remake","1","grid-template-columns: repeat(2,minmax(0,1fr)) !important"
"1779","#remakeFactorPage.cleanRemakeV6230 .remakeCustomerBreakdownGridV6503","@media(max-width:760px)","Index.html","422","cdaRemakeUsabilityV6503Styles","7","0","false","1-2-0","Remake","1","grid-template-columns: repeat(2,minmax(0,1fr)) !important"
"1780","#remakeFactorPage.cleanRemakeV6230 .remakeResponsibilityHeaderV6504","","Index.html","429","cdaRemakeUniversalResponsibilityV6504Styles","8","0","false","1-2-0","Remake","5","display: flex !important; align-items: flex-start !important; justify-content: space-between !important; gap: 12px !important; margin-bottom: 9px !important"
"1781","#remakeFactorPage.cleanRemakeV6230 .remakeResponsibilityKickerV6504","","Index.html","430","cdaRemakeUniversalResponsibilityV6504Styles","8","0","false","1-2-0","Remake","5","color: #7a4a00 !important; font: 900 9px/1 Roboto,Arial,sans-serif !important; letter-spacing: .075em !important; text-transform: uppercase !important; margin-bottom: 4px !important"
"1782","#remakeFactorPage.cleanRemakeV6230 .remakeResponsibilityNameV6504","","Index.html","431","cdaRemakeUniversalResponsibilityV6504Styles","8","0","false","1-2-0","Remake","5","display: block !important; color: #172033 !important; font: 900 13px/1.25 Roboto,Arial,sans-serif !important; overflow: hidden !important; text-overflow: ellipsis !important"
"1783","#remakeFactorPage.cleanRemakeV6230 .remakeResponsibilityTypeV6504","","Index.html","432","cdaRemakeUniversalResponsibilityV6504Styles","8","0","false","1-2-0","Remake","4","display: block !important; color: #667085 !important; font: 700 9.5px/1.25 Roboto,Arial,sans-serif !important; margin-top: 2px !important"
"1784","#remakeFactorPage.cleanRemakeV6230 .remakeResponsibilityMetricsV6504","","Index.html","433","cdaRemakeUniversalResponsibilityV6504Styles","8","0","false","1-2-0","Remake","5","display: grid !important; grid-template-columns: repeat(2,minmax(0,1fr)) !important; border-top: 1px solid #e5e7eb !important; border-left: 1px solid #e5e7eb !important; background: #fff !important"
"1785","#remakeFactorPage.cleanRemakeV6230 .remakeResponsibilityMetricV6504","","Index.html","434","cdaRemakeUniversalResponsibilityV6504Styles","8","0","false","1-2-0","Remake","5","min-width: 0 !important; padding: 8px 9px !important; border-right: 1px solid #e5e7eb !important; border-bottom: 1px solid #e5e7eb !important; background: #fff !important"
"1786","#remakeFactorPage.cleanRemakeV6230 .remakeResponsibilityMetricV6504 span","","Index.html","435","cdaRemakeUniversalResponsibilityV6504Styles","8","0","false","1-2-1","Remake","9","display: block !important; margin-bottom: 4px !important; color: #667085 !important; font: 800 8.5px/1.1 Roboto,Arial,sans-serif !important; letter-spacing: .035em !important; text-transform: uppercase !important; white-space: nowrap !important; overflow: hidden !important; text-overflow: ellipsis !important"
"1787","#remakeFactorPage.cleanRemakeV6230 .remakeResponsibilityMetricV6504 strong","","Index.html","436","cdaRemakeUniversalResponsibilityV6504Styles","8","0","false","1-2-1","Remake","4","display: block !important; color: #172033 !important; font: 900 15px/1.05 Roboto,Arial,sans-serif !important; white-space: nowrap !important"
"1788","#remakeFactorPage.cleanRemakeV6230 .remakeResponsibilityMetricV6504.shareV6504 strong","","Index.html","437","cdaRemakeUniversalResponsibilityV6504Styles","8","0","false","1-3-1","Remake","1","color: #7a4a00 !important"
"1789","#remakeFactorPage.cleanRemakeV6230 .remakeResponsibilityRateNoteV6504","","Index.html","438","cdaRemakeUniversalResponsibilityV6504Styles","8","0","false","1-2-0","Remake","3","padding: 7px 9px 0 !important; color: #667085 !important; font: 700 9.5px/1.35 Roboto,Arial,sans-serif !important"
"1790","#remakeFactorPage.cleanRemakeV6230 .remakeResponsibilityMultipleV6504","","Index.html","439","cdaRemakeUniversalResponsibilityV6504Styles","8","0","false","1-2-0","Remake","8","min-height: 104px !important; display: flex !important; align-items: center !important; justify-content: center !important; padding: 16px !important; color: #667085 !important; font: 700 11px/1.5 Roboto,Arial,sans-serif !important; text-align: center !important"
"1791","#remakeFactorPage.cleanRemakeV6230 .remakeResponsibilityEmptyV6504","","Index.html","439","cdaRemakeUniversalResponsibilityV6504Styles","8","0","false","1-2-0","Remake","8","min-height: 104px !important; display: flex !important; align-items: center !important; justify-content: center !important; padding: 16px !important; color: #667085 !important; font: 700 11px/1.5 Roboto,Arial,sans-serif !important; text-align: center !important"
"1792","#remakeFactorPage.cleanRemakeV6230 .remakeCustomerDetailPanelV6503 .remakeCustomerChartBoxV6230","","Index.html","440","cdaRemakeUniversalResponsibilityV6504Styles","8","0","false","1-3-0","Remake","1","min-height: 205px !important"
"1793","#remakeFilterHomeV6337","","Index.html","1437","remakeV6337StableTabFilterToolbarStyles","9","0","false","1-0-0","Remake","1","display: none !important"
"1794","#remakeTabFilterHostV6337[hidden]","","Index.html","1438","remakeV6337StableTabFilterToolbarStyles","9","0","false","1-1-0","Remake","1","display: none !important"
"1795","#remakeTabFilterHostV6337","","Index.html","1439","remakeV6337StableTabFilterToolbarStyles","9","0","false","1-0-0","Remake","0","display: flex; flex: 1 1 auto; min-width: 0; height: 100%; margin-left: auto; align-items: center; justify-content: flex-end; gap: 6px; overflow: visible; position: relative; z-index: 10020"
"1796",".managerTabs.remakeTabFiltersActiveV6337","","Index.html","1452","remakeV6337StableTabFilterToolbarStyles","9","0","false","0-2-0","Remake","4","position: sticky !important; top: 0 !important; z-index: 10000 !important; overflow: visible !important"
"1797","#remakeTabFilterHostV6337 .remakeFilterBarV6230","","Index.html","1458","remakeV6337StableTabFilterToolbarStyles","9","0","false","1-1-0","Remake","11","display: grid !important; grid-template-columns: minmax(82px,.54fr) minmax(108px,.76fr) minmax(132px,.96fr) minmax(116px,.82fr) minmax(132px,.96fr) minmax(108px,.76fr) !important; flex: 1 1 auto !important; width: auto !important; max-width: 1240px !important; min-width: 0 !important; gap: 5px !important; align-items: center !important; padding: 0 !important; margin: 0 0 0 auto !important; overflow: visible !important"
"1798","#remakeTabFilterHostV6337 .remakeFilter","","Index.html","1471","remakeV6337StableTabFilterToolbarStyles","9","0","false","1-1-0","Remake","8","min-width: 0 !important; min-height: 32px !important; padding: 0 !important; margin: 0 !important; border: 0 !important; border-radius: 0 !important; background: transparent !important; box-shadow: none !important"
"1799","#remakeTabFilterHostV6337 .remakeMultiFilterV6245","","Index.html","1481","remakeV6337StableTabFilterToolbarStyles","9","0","false","1-1-0","Remake","2","position: relative !important; overflow: visible !important"
"1800","#remakeTabFilterHostV6337 .remakeFilter label","","Index.html","1485","remakeV6337StableTabFilterToolbarStyles","9","0","false","1-1-1","Remake","9","position: absolute !important; width: 1px !important; height: 1px !important; padding: 0 !important; margin: -1px !important; overflow: hidden !important; clip: rect(0,0,0,0) !important; white-space: nowrap !important; border: 0 !important"
"1801","#remakeTabFilterHostV6337 .remakeHiddenSelectV6245","","Index.html","1496","remakeV6337StableTabFilterToolbarStyles","9","0","false","1-1-0","Remake","1","display: none !important"
"1802","#remakeTabFilterHostV6337 .remakeDropdownButtonV6245::after","","Index.html","1497","remakeV6337StableTabFilterToolbarStyles","9","0","false","1-1-1","Remake","0","content: '▾'; position: absolute; right: 8px; top: 50%; transform: translateY(-50%); color: #475467; font-size: 11px"
"1803","#remakeTabFilterHostV6337 .remakeDropdownButtonV6245:hover","","Index.html","1506","remakeV6337StableTabFilterToolbarStyles","9","0","false","1-2-0","Remake","2","border-color: #94a3b8 !important; background: #f8fafc !important"
"1804","#remakeTabFilterHostV6337 .remakeDropdownButtonV6245.active","","Index.html","1506","remakeV6337StableTabFilterToolbarStyles","9","0","false","1-2-0","Remake","2","border-color: #94a3b8 !important; background: #f8fafc !important"
"1805","#remakeTabFilterHostV6337 .remakeDropdownButtonV6245.active","","Index.html","1511","remakeV6337StableTabFilterToolbarStyles","9","0","false","1-2-0","Remake","1","box-shadow: 0 0 0 2px rgba(37,99,235,.10) !important"
"1806","#remakeTabFilterHostV6337 .remakeDropdownPanelV6245","","Index.html","1514","remakeV6337StableTabFilterToolbarStyles","9","0","false","1-1-0","Remake","0","display: none; position: absolute; left: 0; right: auto; top: calc(100% + 5px); width: 360px; min-width: 320px; max-height: 430px; background: #fff; border: 1px solid #cbd5df; border-radius: 10px; box-shadow: 0 18px 38px rgba(16,24,40,.24); z-index: 10040; overflow: hidden"
"1807","#remakeTabFilterHostV6337 [data-filter-kind=""year""] .remakeDropdownPanelV6245","","Index.html","1530","remakeV6337StableTabFilterToolbarStyles","9","0","false","1-2-0","Remake","0","width: 300px; min-width: 280px"
"1808","#remakeTabFilterHostV6337 [data-filter-kind=""customer""] .remakeDropdownPanelV6245","","Index.html","1531","remakeV6337StableTabFilterToolbarStyles","9","0","false","1-2-0","Remake","0","left: auto; right: 0"
"1809","#remakeTabFilterHostV6337 [data-filter-kind=""reason""] .remakeDropdownPanelV6245","","Index.html","1531","remakeV6337StableTabFilterToolbarStyles","9","0","false","1-2-0","Remake","0","left: auto; right: 0"
"1810","#remakeTabFilterHostV6337 .remakeDropdownPanelV6245.open","","Index.html","1533","remakeV6337StableTabFilterToolbarStyles","9","0","false","1-2-0","Remake","1","display: block !important"
"1811","#remakeTabFilterHostV6337 .remakeDropdownHeaderV6245","","Index.html","1534","remakeV6337StableTabFilterToolbarStyles","9","0","false","1-1-0","Remake","6","display: flex !important; gap: 6px !important; align-items: center !important; padding: 7px !important; border-bottom: 1px solid #e5e7eb !important; background: #f8fafc !important"
"1812","#remakeTabFilterHostV6337 .remakeDropdownHeaderV6245 button","","Index.html","1542","remakeV6337StableTabFilterToolbarStyles","9","0","false","1-1-1","Remake","8","border: 1px solid #cbd5df !important; background: #fff !important; color: #1f2937 !important; border-radius: 999px !important; padding: 6px 8px !important; font: 800 11px/1 Roboto,Arial,sans-serif !important; cursor: pointer !important; white-space: nowrap !important"
"1813","#remakeTabFilterHostV6337 .remakeDropdownCountV6245","","Index.html","1552","remakeV6337StableTabFilterToolbarStyles","9","0","false","1-1-0","Remake","4","margin-left: auto !important; color: #667085 !important; font: 800 11px/1 Roboto,Arial,sans-serif !important; white-space: nowrap !important"
"1814","#remakeTabFilterHostV6337 .remakeDropdownSearchV6245","","Index.html","1558","remakeV6337StableTabFilterToolbarStyles","9","0","false","1-1-0","Remake","9","width: calc(100% - 14px) !important; margin: 7px !important; height: 32px !important; border: 1px solid #d5dae2 !important; border-radius: 7px !important; padding: 0 9px !important; color: #202124 !important; font: 700 12px/1 Roboto,Arial,sans-serif !important; outline: none !important"
"1815","#remakeTabFilterHostV6337 .remakeDropdownSearchV6245:focus","","Index.html","1569","remakeV6337StableTabFilterToolbarStyles","9","0","false","1-2-0","Remake","2","border-color: #94a3b8 !important; box-shadow: 0 0 0 3px rgba(37,99,235,.10) !important"
"1816","#remakeTabFilterHostV6337 .remakeDropdownListV6245","","Index.html","1573","remakeV6337StableTabFilterToolbarStyles","9","0","false","1-1-0","Remake","3","max-height: 304px !important; overflow-y: auto !important; scrollbar-gutter: stable both-edges !important"
"1817","#remakeTabFilterHostV6337 .remakeDropdownRowV6245","","Index.html","1578","remakeV6337StableTabFilterToolbarStyles","9","0","false","1-1-0","Remake","8","display: grid !important; grid-template-columns: 24px minmax(0,1fr) auto !important; gap: 8px !important; align-items: center !important; padding: 7px 9px !important; border-bottom: 1px solid #f1f3f5 !important; cursor: pointer !important; user-select: none !important"
"1818","#remakeTabFilterHostV6337 .remakeDropdownRowV6245:hover","","Index.html","1588","remakeV6337StableTabFilterToolbarStyles","9","0","false","1-2-0","Remake","1","background: #eef5ff !important"
"1819","#remakeTabFilterHostV6337 .remakeDropdownRowV6245.active","","Index.html","1588","remakeV6337StableTabFilterToolbarStyles","9","0","false","1-2-0","Remake","1","background: #eef5ff !important"
"1820","#remakeTabFilterHostV6337 .remakeDropdownRowV6245 input","","Index.html","1590","remakeV6337StableTabFilterToolbarStyles","9","0","false","1-1-1","Remake","4","pointer-events: none !important; width: 16px !important; height: 16px !important; accent-color: #2563eb !important"
"1821","#remakeTabFilterHostV6337 .remakeDropdownLabelV6245","","Index.html","1596","remakeV6337StableTabFilterToolbarStyles","9","0","false","1-1-0","Remake","5","overflow: hidden !important; text-overflow: ellipsis !important; white-space: nowrap !important; font: 800 12px/1.2 Roboto,Arial,sans-serif !important; color: #344054 !important"
"1822","#remakeTabFilterHostV6337 .remakeDropdownMetaV6245","","Index.html","1603","remakeV6337StableTabFilterToolbarStyles","9","0","false","1-1-0","Remake","3","display: inline-flex !important; align-items: center !important; gap: 6px !important"
"1823","#remakeTabFilterHostV6337 .remakeDropdownOnlyV6245","","Index.html","1608","remakeV6337StableTabFilterToolbarStyles","9","0","false","1-1-0","Remake","7","border: 1px solid #d5dae2 !important; background: #fff !important; color: #475467 !important; border-radius: 999px !important; padding: 4px 7px !important; font: 900 10px/1 Roboto,Arial,sans-serif !important; cursor: pointer !important"
"1824","#remakeTabFilterHostV6337 .remakeDropdownEmptyV6245","","Index.html","1617","remakeV6337StableTabFilterToolbarStyles","9","0","false","1-1-0","Remake","3","padding: 14px 10px !important; color: #667085 !important; font: 800 12px/1.3 Roboto,Arial,sans-serif !important"
"1825","#remakeTabFilterHostV6337 .remakeTabToolButtonV6337","","Index.html","1622","remakeV6337StableTabFilterToolbarStyles","9","0","false","1-1-0","Remake","0","flex: 0 0 auto; height: 32px; min-height: 32px; border: 1px solid #cbd5e1; border-radius: 7px; background: #fff; color: #334155; display: inline-flex; align-items: center; justify-content: center; cursor: pointer; font: 800 11px/1 Roboto,Arial,sans-serif; box-shadow: none"
"1826","#remakeTabFilterHostV6337 .remakeTabToolButtonV6337:hover","","Index.html","1637","remakeV6337StableTabFilterToolbarStyles","9","0","false","1-2-0","Remake","0","background: #fff7d6; border-color: #f2c94c; color: #7a4a00"
"1827","#remakeTabFilterHostV6337 .remakeTabToolButtonV6337[aria-expanded=""true""]","","Index.html","1637","remakeV6337StableTabFilterToolbarStyles","9","0","false","1-2-0","Remake","0","background: #fff7d6; border-color: #f2c94c; color: #7a4a00"
"1828","#remakeTabFilterHostV6337 .remakeTabSearchProxyV6337","","Index.html","1643","remakeV6337StableTabFilterToolbarStyles","9","0","false","1-1-0","Remake","0","width: 32px; min-width: 32px; padding: 0"
"1829","#remakeTabFilterHostV6337 .remakeTabSearchProxyV6337 svg","","Index.html","1644","remakeV6337StableTabFilterToolbarStyles","9","0","false","1-1-1","Remake","0","width: 16px; height: 16px; fill: currentColor"
"1830","#remakeTabFilterHostV6337 .remakeTabResetV6337","","Index.html","1645","remakeV6337StableTabFilterToolbarStyles","9","0","false","1-1-0","Remake","0","padding: 0 10px"
"1831","#remakeTabFilterHostV6337 .remakeCacheActionBarV6338","","Index.html","1646","remakeV6337StableTabFilterToolbarStyles","9","0","false","1-1-0","Remake","0","display: inline-flex; flex: 0 0 auto; align-items: center; justify-content: flex-end; gap: 5px"
"1832","#remakeTabFilterHostV6337 .remakeCacheActionBarV6338 .remakeButton","","Index.html","1653","remakeV6337StableTabFilterToolbarStyles","9","0","false","1-2-0","Remake","0","height: 32px; min-height: 32px; border: 1px solid #cbd5e1; border-radius: 7px; padding: 0 9px; background: #172033; color: #fff; display: inline-flex; align-items: center; justify-content: center; gap: 5px; cursor: pointer; font: 900 11px/1 Roboto,Arial,sans-serif; white-space: nowrap; box-shadow: none"
"1833","#remakeTabFilterHostV6337 .remakeCacheActionBarV6338 .remakeButton.secondary","","Index.html","1670","remakeV6337StableTabFilterToolbarStyles","9","0","false","1-3-0","Remake","0","background: #fff7d6; color: #7a4a00; border-color: #f2c94c"
"1834","#remakeTabFilterHostV6337 .remakeCacheActionBarV6338 .remakeButton:hover","","Index.html","1675","remakeV6337StableTabFilterToolbarStyles","9","0","false","1-3-0","Remake","0","filter: brightness(.97)"
"1835","#remakeTabFilterHostV6337 .remakeCacheActionBarV6338 .remakeButton:disabled","","Index.html","1676","remakeV6337StableTabFilterToolbarStyles","9","0","false","1-3-0","Remake","0","opacity: .55; cursor: wait"
"1836","#remakeTabFilterHostV6337 .remakeCacheActionIconV6338","","Index.html","1677","remakeV6337StableTabFilterToolbarStyles","9","0","false","1-1-0","Remake","0","font: 900 15px/1 Roboto,Arial,sans-serif"
"1837","#remakeFactorPage.remakeTabFiltersDockedV6337 .remakeStickyTopV6245","","Index.html","1678","remakeV6337StableTabFilterToolbarStyles","9","0","false","1-2-0","Remake","2","top: 44px !important; padding-top: 4px !important"
"1838","#remakeFactorPage.remakeTabFiltersDockedV6337 .remakeGlobalSearchBarV6304","","Index.html","1682","remakeV6337StableTabFilterToolbarStyles","9","0","false","1-2-0","Remake","6","position: fixed !important; top: 48px !important; right: 12px !important; width: 0 !important; height: 0 !important; z-index: 10050 !important"
"1839","#remakeFactorPage.remakeTabFiltersDockedV6337 .remakeGlobalSearchBarV6304 > .remakeGlobalSearchButtonV6304","","Index.html","1690","remakeV6337StableTabFilterToolbarStyles","9","0","false","1-3-0","Remake","1","display: none !important"
"1840","#remakeFactorPage.remakeTabFiltersDockedV6337 .remakeGlobalSearchPanelV6304","","Index.html","1693","remakeV6337StableTabFilterToolbarStyles","9","0","false","1-2-0","Remake","2","top: 0 !important; right: 0 !important"
"1841","#remakeTabFilterHostV6337 .remakeCacheActionBarV6338 .remakeButton","@media (max-width:1500px) and (min-width:1280px)","Index.html","1698","remakeV6337StableTabFilterToolbarStyles","9","0","false","1-2-0","Remake","0","width: 32px; min-width: 32px; padding: 0"
"1842","#remakeTabFilterHostV6337 .remakeCacheActionLabelV6338","@media (max-width:1500px) and (min-width:1280px)","Index.html","1699","remakeV6337StableTabFilterToolbarStyles","9","0","false","1-1-0","Remake","0","display: none"
"1843","#remakeTabFilterHostV6337","@media (max-width:1279px)","Index.html","1702","remakeV6337StableTabFilterToolbarStyles","9","0","false","1-0-0","Remake","1","display: none !important"
"1844","#remakeFactorPage.cleanRemakeV6230 .ceramistWorkspaceV6343","","Index.html","1813","remakeV6344CeramistReadableLayoutStyles","10","0","false","1-2-0","Remake","2","grid-template-columns: minmax(0,38%) minmax(0,62%) !important; min-height: 350px !important"
"1845","#remakeFactorPage.cleanRemakeV6230 .ceramistPreviewTableWrapV6342","","Index.html","1817","remakeV6344CeramistReadableLayoutStyles","10","0","false","1-2-0","Remake","6","width: 100% !important; max-width: 100% !important; height: 310px !important; overflow-y: auto !important; overflow-x: hidden !important; scrollbar-gutter: stable !important"
"1846","#remakeFactorPage.cleanRemakeV6230 #remakeCeramistTableV6342","","Index.html","1825","remakeV6344CeramistReadableLayoutStyles","10","0","false","2-1-0","Remake","4","table-layout: fixed !important; width: 100% !important; min-width: 0 !important; max-width: 100% !important"
"1847","#remakeFactorPage.cleanRemakeV6230 #remakeCeramistDetailTableV6343","","Index.html","1825","remakeV6344CeramistReadableLayoutStyles","10","0","false","2-1-0","Remake","4","table-layout: fixed !important; width: 100% !important; min-width: 0 !important; max-width: 100% !important"
"1848","#remakeFactorPage.cleanRemakeV6230 #remakeCeramistTableV6342 th","","Index.html","1832","remakeV6344CeramistReadableLayoutStyles","10","0","false","2-1-1","Remake","7","min-width: 0 !important; max-width: none !important; padding: 6px 7px !important; line-height: 1.15 !important; white-space: nowrap !important; overflow: hidden !important; text-overflow: ellipsis !important"
"1849","#remakeFactorPage.cleanRemakeV6230 #remakeCeramistTableV6342 td","","Index.html","1832","remakeV6344CeramistReadableLayoutStyles","10","0","false","2-1-1","Remake","7","min-width: 0 !important; max-width: none !important; padding: 6px 7px !important; line-height: 1.15 !important; white-space: nowrap !important; overflow: hidden !important; text-overflow: ellipsis !important"
"1850","#remakeFactorPage.cleanRemakeV6230 #remakeCeramistDetailTableV6343 th","","Index.html","1832","remakeV6344CeramistReadableLayoutStyles","10","0","false","2-1-1","Remake","7","min-width: 0 !important; max-width: none !important; padding: 6px 7px !important; line-height: 1.15 !important; white-space: nowrap !important; overflow: hidden !important; text-overflow: ellipsis !important"
"1851","#remakeFactorPage.cleanRemakeV6230 #remakeCeramistDetailTableV6343 td","","Index.html","1832","remakeV6344CeramistReadableLayoutStyles","10","0","false","2-1-1","Remake","7","min-width: 0 !important; max-width: none !important; padding: 6px 7px !important; line-height: 1.15 !important; white-space: nowrap !important; overflow: hidden !important; text-overflow: ellipsis !important"
"1852","#remakeFactorPage.cleanRemakeV6230 #remakeCeramistTableV6342 th:nth-child(1)","","Index.html","1844","remakeV6344CeramistReadableLayoutStyles","10","0","false","2-2-1","Remake","2","width: 28% !important; text-align: left !important"
"1853","#remakeFactorPage.cleanRemakeV6230 #remakeCeramistTableV6342 td:nth-child(1)","","Index.html","1844","remakeV6344CeramistReadableLayoutStyles","10","0","false","2-2-1","Remake","2","width: 28% !important; text-align: left !important"
"1854","#remakeFactorPage.cleanRemakeV6230 #remakeCeramistTableV6342 th:nth-child(2)","","Index.html","1846","remakeV6344CeramistReadableLayoutStyles","10","0","false","2-2-1","Remake","2","width: 20% !important; text-align: left !important"
"1855","#remakeFactorPage.cleanRemakeV6230 #remakeCeramistTableV6342 td:nth-child(2)","","Index.html","1846","remakeV6344CeramistReadableLayoutStyles","10","0","false","2-2-1","Remake","2","width: 20% !important; text-align: left !important"
"1856","#remakeFactorPage.cleanRemakeV6230 #remakeCeramistTableV6342 th:nth-child(3)","","Index.html","1848","remakeV6344CeramistReadableLayoutStyles","10","0","false","2-2-1","Remake","2","width: 10% !important; text-align: right !important"
"1857","#remakeFactorPage.cleanRemakeV6230 #remakeCeramistTableV6342 td:nth-child(3)","","Index.html","1848","remakeV6344CeramistReadableLayoutStyles","10","0","false","2-2-1","Remake","2","width: 10% !important; text-align: right !important"
"1858","#remakeFactorPage.cleanRemakeV6230 #remakeCeramistTableV6342 th:nth-child(4)","","Index.html","1850","remakeV6344CeramistReadableLayoutStyles","10","0","false","2-2-1","Remake","2","width: 12% !important; text-align: right !important"
"1859","#remakeFactorPage.cleanRemakeV6230 #remakeCeramistTableV6342 td:nth-child(4)","","Index.html","1850","remakeV6344CeramistReadableLayoutStyles","10","0","false","2-2-1","Remake","2","width: 12% !important; text-align: right !important"
"1860","#remakeFactorPage.cleanRemakeV6230 #remakeCeramistTableV6342 th:nth-child(5)","","Index.html","1852","remakeV6344CeramistReadableLayoutStyles","10","0","false","2-2-1","Remake","2","width: 13% !important; text-align: right !important"
"1861","#remakeFactorPage.cleanRemakeV6230 #remakeCeramistTableV6342 td:nth-child(5)","","Index.html","1852","remakeV6344CeramistReadableLayoutStyles","10","0","false","2-2-1","Remake","2","width: 13% !important; text-align: right !important"
"1862","#remakeFactorPage.cleanRemakeV6230 #remakeCeramistTableV6342 th:nth-child(6)","","Index.html","1854","remakeV6344CeramistReadableLayoutStyles","10","0","false","2-2-1","Remake","2","width: 17% !important; text-align: right !important"
"1863","#remakeFactorPage.cleanRemakeV6230 #remakeCeramistTableV6342 td:nth-child(6)","","Index.html","1854","remakeV6344CeramistReadableLayoutStyles","10","0","false","2-2-1","Remake","2","width: 17% !important; text-align: right !important"
"1864","#remakeFactorPage.cleanRemakeV6230 #remakeCeramistDetailTableV6343 th:nth-child(1)","","Index.html","1856","remakeV6344CeramistReadableLayoutStyles","10","0","false","2-2-1","Remake","2","width: 44% !important; text-align: left !important"
"1865","#remakeFactorPage.cleanRemakeV6230 #remakeCeramistDetailTableV6343 td:nth-child(1)","","Index.html","1856","remakeV6344CeramistReadableLayoutStyles","10","0","false","2-2-1","Remake","2","width: 44% !important; text-align: left !important"
"1866","#remakeFactorPage.cleanRemakeV6230 #remakeCeramistDetailTableV6343 th:nth-child(2)","","Index.html","1858","remakeV6344CeramistReadableLayoutStyles","10","0","false","2-2-1","Remake","2","width: 12% !important; text-align: right !important"
"1867","#remakeFactorPage.cleanRemakeV6230 #remakeCeramistDetailTableV6343 td:nth-child(2)","","Index.html","1858","remakeV6344CeramistReadableLayoutStyles","10","0","false","2-2-1","Remake","2","width: 12% !important; text-align: right !important"
"1868","#remakeFactorPage.cleanRemakeV6230 #remakeCeramistDetailTableV6343 th:nth-child(3)","","Index.html","1860","remakeV6344CeramistReadableLayoutStyles","10","0","false","2-2-1","Remake","2","width: 14% !important; text-align: right !important"
"1869","#remakeFactorPage.cleanRemakeV6230 #remakeCeramistDetailTableV6343 td:nth-child(3)","","Index.html","1860","remakeV6344CeramistReadableLayoutStyles","10","0","false","2-2-1","Remake","2","width: 14% !important; text-align: right !important"
"1870","#remakeFactorPage.cleanRemakeV6230 #remakeCeramistDetailTableV6343 th:nth-child(4)","","Index.html","1862","remakeV6344CeramistReadableLayoutStyles","10","0","false","2-2-1","Remake","2","width: 14% !important; text-align: right !important"
"1871","#remakeFactorPage.cleanRemakeV6230 #remakeCeramistDetailTableV6343 td:nth-child(4)","","Index.html","1862","remakeV6344CeramistReadableLayoutStyles","10","0","false","2-2-1","Remake","2","width: 14% !important; text-align: right !important"
"1872","#remakeFactorPage.cleanRemakeV6230 #remakeCeramistDetailTableV6343 th:nth-child(5)","","Index.html","1864","remakeV6344CeramistReadableLayoutStyles","10","0","false","2-2-1","Remake","2","width: 16% !important; text-align: right !important"
"1873","#remakeFactorPage.cleanRemakeV6230 #remakeCeramistDetailTableV6343 td:nth-child(5)","","Index.html","1864","remakeV6344CeramistReadableLayoutStyles","10","0","false","2-2-1","Remake","2","width: 16% !important; text-align: right !important"
"1874","#remakeFactorPage.cleanRemakeV6230 .ceramistSectionRowV6348 td","","Index.html","1866","remakeV6344CeramistReadableLayoutStyles","10","0","false","1-2-1","Remake","9","background: #eef2f6 !important; color: #475467 !important; font-weight: 900 !important; font-size: 9.5px !important; letter-spacing: .04em !important; text-transform: uppercase !important; text-align: left !important; border-top: 1px solid #d8dee8 !important; border-bottom: 1px solid #d8dee8 !important"
"1875","#remakeFactorPage.cleanRemakeV6230 .ceramistWorkspaceV6343","@media(max-width:1180px)","Index.html","1878","remakeV6344CeramistReadableLayoutStyles","10","0","false","1-2-0","Remake","1","grid-template-columns: 1fr !important"
"1876","#remakeFactorPage.cleanRemakeV6230 .ceramistPanelV6343 + .ceramistPanelV6343","@media(max-width:1180px)","Index.html","1879","remakeV6344CeramistReadableLayoutStyles","10","0","false","1-3-0","Remake","2","border-left: 0 !important; border-top: 1px solid #dfe4eb !important"
"1877","#remakeFactorPage.cleanRemakeV6230 .ceramistPreviewTableWrapV6342","@media(max-width:1180px)","Index.html","1883","remakeV6344CeramistReadableLayoutStyles","10","0","false","1-2-0","Remake","1","height: 280px !important"
"1878","#remakeFactorPage.cleanRemakeV6230 .remakeCardTitle","","Index.html","2045","remakeV6354ConsistentTableTypographyStyles","11","0","false","1-2-0","Remake","2","font-size: 12px !important; line-height: 1.2 !important"
"1879","#remakeFactorPage.cleanRemakeV6230 .ceramistPanelTitleV6343","","Index.html","2045","remakeV6354ConsistentTableTypographyStyles","11","0","false","1-2-0","Remake","2","font-size: 12px !important; line-height: 1.2 !important"
"1880","#remakeFactorPage.cleanRemakeV6230 .remakeTable:not(.compareColumnsV6301)","","Index.html","2051","remakeV6354ConsistentTableTypographyStyles","11","0","false","1-3-0","Remake","6","width: 100% !important; max-width: 100% !important; min-width: 0 !important; table-layout: fixed !important; font-size: 10.5px !important; line-height: 1.2 !important"
"1881","#remakeFactorPage.cleanRemakeV6230 .remakeTable:not(.compareColumnsV6301) thead th","","Index.html","2060","remakeV6354ConsistentTableTypographyStyles","11","0","false","1-3-2","Remake","8","height: 28px !important; padding: 5px 6px !important; font-size: 10px !important; line-height: 1.2 !important; font-weight: 900 !important; white-space: nowrap !important; overflow: hidden !important; text-overflow: ellipsis !important"
"1882","#remakeFactorPage.cleanRemakeV6230 .remakeTable:not(.compareColumnsV6301) tbody td","","Index.html","2071","remakeV6354ConsistentTableTypographyStyles","11","0","false","1-3-2","Remake","6","padding: 5px 6px !important; font-size: 10.5px !important; line-height: 1.2 !important; white-space: nowrap !important; overflow: hidden !important; text-overflow: ellipsis !important"
"1883","#remakeFactorPage.cleanRemakeV6230 .remakeTable:not(.compareColumnsV6301) .customerNameText","","Index.html","2080","remakeV6354ConsistentTableTypographyStyles","11","0","false","1-4-0","Remake","2","font-size: 10.5px !important; line-height: 1.2 !important"
"1884","#remakeFactorPage.cleanRemakeV6230 .remakeTable:not(.compareColumnsV6301) .remakeNameText","","Index.html","2080","remakeV6354ConsistentTableTypographyStyles","11","0","false","1-4-0","Remake","2","font-size: 10.5px !important; line-height: 1.2 !important"
"1885","#remakeFactorPage.cleanRemakeV6230 .remakeTable:not(.compareColumnsV6301) .productNameText","","Index.html","2080","remakeV6354ConsistentTableTypographyStyles","11","0","false","1-4-0","Remake","2","font-size: 10.5px !important; line-height: 1.2 !important"
"1886","#remakeFactorPage.cleanRemakeV6230 .remakeTable:not(.compareColumnsV6301) .inactiveBadge","","Index.html","2087","remakeV6354ConsistentTableTypographyStyles","11","0","false","1-4-0","Remake","2","font-size: 8.5px !important; line-height: 1 !important"
"1887","#remakeFactorPage.cleanRemakeV6230 .remakeTable:not(.compareColumnsV6301) .ceramistNoteBadgeV6343","","Index.html","2087","remakeV6354ConsistentTableTypographyStyles","11","0","false","1-4-0","Remake","2","font-size: 8.5px !important; line-height: 1 !important"
"1888","#remakeFactorPage.cleanRemakeV6230 #remakeCeramistTableV6342 tbody tr.selectedPinnedV6311 td","","Index.html","2095","remakeV6354ConsistentTableTypographyStyles","11","0","false","2-2-3","Remake","2","position: static !important; top: auto !important"
"1889","#remakeFactorPage.cleanRemakeV6230 #remakeCeramistTableV6342 tbody tr.ceramistSelectedV6343 td","","Index.html","2095","remakeV6354ConsistentTableTypographyStyles","11","0","false","2-2-3","Remake","2","position: static !important; top: auto !important"
"1890","#remakeFactorPage.cleanRemakeV6230 #remakeCeramistTableV6342 tbody tr.selectedPinnedV6311 td","","Index.html","2100","remakeV6354ConsistentTableTypographyStyles","11","0","false","2-2-3","Remake","1","box-shadow: none !important"
"1891","#remakeFactorPage.cleanRemakeV6230 .remakeTableWrap:has(#remakeReasonTable)","@media(min-width:981px)","Index.html","2105","remakeV6354ConsistentTableTypographyStyles","11","0","false","2-2-0","Remake","1","overflow-x: hidden !important"
"1892","#remakeFactorPage.cleanRemakeV6230 .remakeTableWrap:has(#remakeDepartmentTable)","@media(min-width:981px)","Index.html","2105","remakeV6354ConsistentTableTypographyStyles","11","0","false","2-2-0","Remake","1","overflow-x: hidden !important"
"1893","#remakeFactorPage.cleanRemakeV6230 .remakeTableWrap:has(#remakeProductTable)","@media(min-width:981px)","Index.html","2105","remakeV6354ConsistentTableTypographyStyles","11","0","false","2-2-0","Remake","1","overflow-x: hidden !important"
"1894","#remakeFactorPage.cleanRemakeV6230 .remakeTableWrap:has(#remakeCustomerTable)","@media(min-width:981px)","Index.html","2105","remakeV6354ConsistentTableTypographyStyles","11","0","false","2-2-0","Remake","1","overflow-x: hidden !important"
"1895","#remakeFactorPage.cleanRemakeV6230 .ceramistPreviewTableWrapV6342","@media(min-width:981px)","Index.html","2105","remakeV6354ConsistentTableTypographyStyles","11","0","false","1-2-0","Remake","1","overflow-x: hidden !important"
"1896","#remakeFactorPage.cleanRemakeV6230 #remakeReasonTable:not(.compareColumnsV6301) th","@media(min-width:981px)","Index.html","2113","remakeV6354ConsistentTableTypographyStyles","11","0","false","2-2-1","Remake","2","min-width: 0 !important; max-width: none !important"
"1897","#remakeFactorPage.cleanRemakeV6230 #remakeReasonTable:not(.compareColumnsV6301) td","@media(min-width:981px)","Index.html","2113","remakeV6354ConsistentTableTypographyStyles","11","0","false","2-2-1","Remake","2","min-width: 0 !important; max-width: none !important"
"1898","#remakeFactorPage.cleanRemakeV6230 #remakeDepartmentTable:not(.compareColumnsV6301) th","@media(min-width:981px)","Index.html","2113","remakeV6354ConsistentTableTypographyStyles","11","0","false","2-2-1","Remake","2","min-width: 0 !important; max-width: none !important"
"1899","#remakeFactorPage.cleanRemakeV6230 #remakeDepartmentTable:not(.compareColumnsV6301) td","@media(min-width:981px)","Index.html","2113","remakeV6354ConsistentTableTypographyStyles","11","0","false","2-2-1","Remake","2","min-width: 0 !important; max-width: none !important"
"1900","#remakeFactorPage.cleanRemakeV6230 #remakeProductTable:not(.compareColumnsV6301) th","@media(min-width:981px)","Index.html","2113","remakeV6354ConsistentTableTypographyStyles","11","0","false","2-2-1","Remake","2","min-width: 0 !important; max-width: none !important"
"1901","#remakeFactorPage.cleanRemakeV6230 #remakeProductTable:not(.compareColumnsV6301) td","@media(min-width:981px)","Index.html","2113","remakeV6354ConsistentTableTypographyStyles","11","0","false","2-2-1","Remake","2","min-width: 0 !important; max-width: none !important"
"1902","#remakeFactorPage.cleanRemakeV6230 #remakeCustomerTable:not(.compareColumnsV6301) th","@media(min-width:981px)","Index.html","2113","remakeV6354ConsistentTableTypographyStyles","11","0","false","2-2-1","Remake","2","min-width: 0 !important; max-width: none !important"
"1903","#remakeFactorPage.cleanRemakeV6230 #remakeCustomerTable:not(.compareColumnsV6301) td","@media(min-width:981px)","Index.html","2113","remakeV6354ConsistentTableTypographyStyles","11","0","false","2-2-1","Remake","2","min-width: 0 !important; max-width: none !important"
"1904","#remakeFactorPage.cleanRemakeV6230 #remakeReasonTable:not(.compareColumnsV6301) th:first-child","@media(min-width:981px)","Index.html","2125","remakeV6354ConsistentTableTypographyStyles","11","0","false","2-3-1","Remake","2","width: 45% !important; text-align: left !important"
"1905","#remakeFactorPage.cleanRemakeV6230 #remakeReasonTable:not(.compareColumnsV6301) td:first-child","@media(min-width:981px)","Index.html","2125","remakeV6354ConsistentTableTypographyStyles","11","0","false","2-3-1","Remake","2","width: 45% !important; text-align: left !important"
"1906","#remakeFactorPage.cleanRemakeV6230 #remakeReasonTable:not(.compareColumnsV6301) th:not(:first-child)","@media(min-width:981px)","Index.html","2130","remakeV6354ConsistentTableTypographyStyles","11","0","false","2-3-1","Remake","1","width: 11% !important"
"1907","#remakeFactorPage.cleanRemakeV6230 #remakeReasonTable:not(.compareColumnsV6301) td:not(:first-child)","@media(min-width:981px)","Index.html","2130","remakeV6354ConsistentTableTypographyStyles","11","0","false","2-3-1","Remake","1","width: 11% !important"
"1908","#remakeFactorPage.cleanRemakeV6230 #remakeDepartmentTable:not(.compareColumnsV6301) th:first-child","@media(min-width:981px)","Index.html","2135","remakeV6354ConsistentTableTypographyStyles","11","0","false","2-3-1","Remake","2","width: 34% !important; text-align: left !important"
"1909","#remakeFactorPage.cleanRemakeV6230 #remakeDepartmentTable:not(.compareColumnsV6301) td:first-child","@media(min-width:981px)","Index.html","2135","remakeV6354ConsistentTableTypographyStyles","11","0","false","2-3-1","Remake","2","width: 34% !important; text-align: left !important"
"1910","#remakeFactorPage.cleanRemakeV6230 #remakeProductTable:not(.compareColumnsV6301) th:first-child","@media(min-width:981px)","Index.html","2135","remakeV6354ConsistentTableTypographyStyles","11","0","false","2-3-1","Remake","2","width: 34% !important; text-align: left !important"
"1911","#remakeFactorPage.cleanRemakeV6230 #remakeProductTable:not(.compareColumnsV6301) td:first-child","@media(min-width:981px)","Index.html","2135","remakeV6354ConsistentTableTypographyStyles","11","0","false","2-3-1","Remake","2","width: 34% !important; text-align: left !important"
"1912","#remakeFactorPage.cleanRemakeV6230 #remakeDepartmentTable:not(.compareColumnsV6301) th:not(:first-child)","@media(min-width:981px)","Index.html","2142","remakeV6354ConsistentTableTypographyStyles","11","0","false","2-3-1","Remake","1","width: 9.42% !important"
"1913","#remakeFactorPage.cleanRemakeV6230 #remakeDepartmentTable:not(.compareColumnsV6301) td:not(:first-child)","@media(min-width:981px)","Index.html","2142","remakeV6354ConsistentTableTypographyStyles","11","0","false","2-3-1","Remake","1","width: 9.42% !important"
"1914","#remakeFactorPage.cleanRemakeV6230 #remakeProductTable:not(.compareColumnsV6301) th:not(:first-child)","@media(min-width:981px)","Index.html","2142","remakeV6354ConsistentTableTypographyStyles","11","0","false","2-3-1","Remake","1","width: 9.42% !important"
"1915","#remakeFactorPage.cleanRemakeV6230 #remakeProductTable:not(.compareColumnsV6301) td:not(:first-child)","@media(min-width:981px)","Index.html","2142","remakeV6354ConsistentTableTypographyStyles","11","0","false","2-3-1","Remake","1","width: 9.42% !important"
"1916","#remakeFactorPage.cleanRemakeV6230 #remakeCustomerTable:not(.compareColumnsV6301) th:first-child","@media(min-width:981px)","Index.html","2149","remakeV6354ConsistentTableTypographyStyles","11","0","false","2-3-1","Remake","4","width: 44% !important; min-width: 0 !important; max-width: none !important; text-align: left !important"
"1917","#remakeFactorPage.cleanRemakeV6230 #remakeCustomerTable:not(.compareColumnsV6301) td:first-child","@media(min-width:981px)","Index.html","2149","remakeV6354ConsistentTableTypographyStyles","11","0","false","2-3-1","Remake","4","width: 44% !important; min-width: 0 !important; max-width: none !important; text-align: left !important"
"1918","#remakeFactorPage.cleanRemakeV6230 #remakeCustomerTable:not(.compareColumnsV6301) th:not(:first-child)","@media(min-width:981px)","Index.html","2156","remakeV6354ConsistentTableTypographyStyles","11","0","false","2-3-1","Remake","1","width: 8% !important"
"1919","#remakeFactorPage.cleanRemakeV6230 #remakeCustomerTable:not(.compareColumnsV6301) td:not(:first-child)","@media(min-width:981px)","Index.html","2156","remakeV6354ConsistentTableTypographyStyles","11","0","false","2-3-1","Remake","1","width: 8% !important"
"1920","#remakeFactorPage.cleanRemakeV6230 .remakeTableWrap","@media(max-width:980px)","Index.html","2163","remakeV6354ConsistentTableTypographyStyles","11","0","false","1-2-0","Remake","1","overflow-x: auto !important"
"1921","#remakeFactorPage.cleanRemakeV6230 .remakeCardTitle","","Index.html","2178","remakeV6357TypographyAndColumnChooserStyles","12","0","false","1-2-0","Remake","2","font-size: 12.5px !important; line-height: 1.25 !important"
"1922","#remakeFactorPage.cleanRemakeV6230 .ceramistPanelTitleV6343","","Index.html","2178","remakeV6357TypographyAndColumnChooserStyles","12","0","false","1-2-0","Remake","2","font-size: 12.5px !important; line-height: 1.25 !important"
"1923","#remakeFactorPage.cleanRemakeV6230 .remakeTable","","Index.html","2184","remakeV6357TypographyAndColumnChooserStyles","12","0","false","1-2-0","Remake","2","font-size: 11.5px !important; line-height: 1.25 !important"
"1924","#remakeFactorPage.cleanRemakeV6230 .remakeTable thead th","","Index.html","2189","remakeV6357TypographyAndColumnChooserStyles","12","0","false","1-2-2","Remake","8","height: 30px !important; padding: 6px 7px !important; font-size: 10.5px !important; line-height: 1.2 !important; font-weight: 900 !important; white-space: nowrap !important; overflow: hidden !important; text-overflow: ellipsis !important"
"1925","#remakeFactorPage.cleanRemakeV6230 .remakeTable tbody td","","Index.html","2200","remakeV6357TypographyAndColumnChooserStyles","12","0","false","1-2-2","Remake","6","padding: 6px 7px !important; font-size: 11.5px !important; line-height: 1.25 !important; white-space: nowrap !important; overflow: hidden !important; text-overflow: ellipsis !important"
"1926","#remakeFactorPage.cleanRemakeV6230 .remakeTable .customerNameText","","Index.html","2209","remakeV6357TypographyAndColumnChooserStyles","12","0","false","1-3-0","Remake","2","font-size: 11.5px !important; line-height: 1.25 !important"
"1927","#remakeFactorPage.cleanRemakeV6230 .remakeTable .remakeNameText","","Index.html","2209","remakeV6357TypographyAndColumnChooserStyles","12","0","false","1-3-0","Remake","2","font-size: 11.5px !important; line-height: 1.25 !important"
"1928","#remakeFactorPage.cleanRemakeV6230 .remakeTable .productNameText","","Index.html","2209","remakeV6357TypographyAndColumnChooserStyles","12","0","false","1-3-0","Remake","2","font-size: 11.5px !important; line-height: 1.25 !important"
"1929","#remakeFactorPage.cleanRemakeV6230 .remakeTable .inactiveBadge","","Index.html","2216","remakeV6357TypographyAndColumnChooserStyles","12","0","false","1-3-0","Remake","2","font-size: 9px !important; line-height: 1 !important"
"1930","#remakeFactorPage.cleanRemakeV6230 .remakeTable .ceramistNoteBadgeV6343","","Index.html","2216","remakeV6357TypographyAndColumnChooserStyles","12","0","false","1-3-0","Remake","2","font-size: 9px !important; line-height: 1 !important"
"1931","#remakeFactorPage.cleanRemakeV6230 .columnHiddenV6357","","Index.html","2223","remakeV6357TypographyAndColumnChooserStyles","12","0","false","1-2-0","Remake","1","display: none !important"
"1932","#remakeFactorPage.cleanRemakeV6230 .remakeColumnChooserButtonV6357","","Index.html","2227","remakeV6357TypographyAndColumnChooserStyles","12","0","false","1-2-0","Remake","10","min-width: 62px !important; height: 27px !important; padding: 0 8px !important; border: 1px solid #cfd6df !important; border-radius: 999px !important; background: #fff !important; color: #344054 !important; font: 900 9.5px/1 Roboto,Arial,sans-serif !important; white-space: nowrap !important; cursor: pointer !important"
"1933","#remakeFactorPage.cleanRemakeV6230 .remakeColumnChooserButtonV6357.hasHiddenColumnsV6357","","Index.html","2240","remakeV6357TypographyAndColumnChooserStyles","12","0","false","1-3-0","Remake","3","border-color: #f2c94c !important; background: #fff7d6 !important; color: #7a4a00 !important"
"1934",".remakeColumnChooserPopoverV6357","","Index.html","2246","remakeV6357TypographyAndColumnChooserStyles","12","0","false","0-1-0","Remake","14","position: fixed !important; z-index: 2147483000 !important; width: 236px !important; max-width: calc(100vw - 20px) !important; max-height: min(430px, calc(100vh - 20px)) !important; overflow: auto !important; box-sizing: border-box !important; padding: 9px !important; border: 1px solid #cfd6df !important; border-radius: 10px !important; background: #fff !important; box-shadow: 0 10px 28px rgba(16,24,40,.22) !important; color: #202124 !important; font-family: Roboto,Arial,sans-serif !important"
"1935",".remakeColumnChooserHeaderV6357","","Index.html","2263","remakeV6357TypographyAndColumnChooserStyles","12","0","false","0-1-0","Remake","6","display: flex !important; align-items: flex-start !important; justify-content: space-between !important; gap: 8px !important; padding: 1px 2px 7px !important; border-bottom: 1px solid #edf0f5 !important"
"1936",".remakeColumnChooserTitleV6357","","Index.html","2272","remakeV6357TypographyAndColumnChooserStyles","12","0","false","0-1-0","Remake","3","font-size: 12px !important; line-height: 1.2 !important; font-weight: 900 !important"
"1937",".remakeColumnChooserHintV6357","","Index.html","2278","remakeV6357TypographyAndColumnChooserStyles","12","0","false","0-1-0","Remake","5","margin-top: 2px !important; color: #667085 !important; font-size: 9.5px !important; line-height: 1.25 !important; font-weight: 700 !important"
"1938",".remakeColumnChooserCloseV6357","","Index.html","2286","remakeV6357TypographyAndColumnChooserStyles","12","0","false","0-1-0","Remake","10","width: 24px !important; height: 24px !important; padding: 0 !important; border: 0 !important; border-radius: 6px !important; background: #f2f4f7 !important; color: #475467 !important; font-size: 17px !important; line-height: 1 !important; cursor: pointer !important"
"1939",".remakeColumnChooserSectionV6357","","Index.html","2299","remakeV6357TypographyAndColumnChooserStyles","12","0","false","0-1-0","Remake","1","padding: 8px 1px 2px !important"
"1940",".remakeColumnChooserSectionTitleV6357","","Index.html","2303","remakeV6357TypographyAndColumnChooserStyles","12","0","false","0-1-0","Remake","7","margin: 0 0 5px !important; color: #667085 !important; font-size: 9px !important; line-height: 1 !important; font-weight: 900 !important; letter-spacing: .05em !important; text-transform: uppercase !important"
"1941",".remakeColumnChooserOptionV6357","","Index.html","2313","remakeV6357TypographyAndColumnChooserStyles","12","0","false","0-1-0","Remake","11","display: flex !important; align-items: center !important; gap: 8px !important; min-height: 29px !important; padding: 3px 5px !important; border-radius: 6px !important; color: #344054 !important; font-size: 11px !important; line-height: 1.2 !important; font-weight: 700 !important; cursor: pointer !important"
"1942",".remakeColumnChooserOptionV6357:hover","","Index.html","2327","remakeV6357TypographyAndColumnChooserStyles","12","0","false","0-2-0","Remake","1","background: #f5f7fa !important"
"1943",".remakeColumnChooserOptionV6357 input","","Index.html","2331","remakeV6357TypographyAndColumnChooserStyles","12","0","false","0-1-1","Remake","5","width: 15px !important; height: 15px !important; margin: 0 !important; accent-color: #d89b00 !important; flex: 0 0 auto !important"
"1944",".remakeColumnChooserOptionV6357.isLockedV6357","","Index.html","2339","remakeV6357TypographyAndColumnChooserStyles","12","0","false","0-2-0","Remake","2","color: #98a2b3 !important; cursor: default !important"
"1945",".remakeColumnChooserLockV6357","","Index.html","2344","remakeV6357TypographyAndColumnChooserStyles","12","0","false","0-1-0","Remake","5","margin-left: auto !important; color: #98a2b3 !important; font-size: 9px !important; font-weight: 900 !important; text-transform: uppercase !important"
"1946",".remakeColumnChooserFooterV6357","","Index.html","2352","remakeV6357TypographyAndColumnChooserStyles","12","0","false","0-1-0","Remake","7","display: flex !important; align-items: center !important; justify-content: flex-end !important; gap: 6px !important; margin-top: 7px !important; padding-top: 8px !important; border-top: 1px solid #edf0f5 !important"
"1947",".remakeColumnChooserFooterV6357 button","","Index.html","2362","remakeV6357TypographyAndColumnChooserStyles","12","0","false","0-1-1","Remake","8","height: 27px !important; padding: 0 9px !important; border: 1px solid #cfd6df !important; border-radius: 7px !important; background: #fff !important; color: #344054 !important; font: 900 10px/1 Roboto,Arial,sans-serif !important; cursor: pointer !important"
"1948",".remakeColumnChooserFooterV6357 button.primaryV6357","","Index.html","2373","remakeV6357TypographyAndColumnChooserStyles","12","0","false","0-2-1","Remake","3","border-color: #d89b00 !important; background: #fff7d6 !important; color: #7a4a00 !important"
"1949","#remakeFactorPage.cleanRemakeV6230 .remakeTableWrap","@media(min-width:981px)","Index.html","2380","remakeV6357TypographyAndColumnChooserStyles","12","0","false","1-2-0","Remake","1","overflow-x: hidden !important"
"1950","#remakeFactorPage.cleanRemakeV6230 .ceramistPreviewTableWrapV6342","@media(min-width:981px)","Index.html","2380","remakeV6357TypographyAndColumnChooserStyles","12","0","false","1-2-0","Remake","1","overflow-x: hidden !important"
"1951","#remakeFactorPage.cleanRemakeV6230 #remakeCeramistTableV6342 tbody tr.ceramistSectionRowV6348","","Index.html","2401","ceramistSectionScrollFixV6360","13","0","false","2-2-2","Remake","2","position: static !important; z-index: auto !important"
"1952","#remakeFactorPage.cleanRemakeV6230 #remakeCeramistTableV6342 tbody tr.ceramistSectionRowV6348 > td","","Index.html","2407","ceramistSectionScrollFixV6360","13","0","false","2-2-3","Remake","11","display: table-cell !important; position: static !important; left: auto !important; top: auto !important; z-index: auto !important; width: auto !important; min-width: 0 !important; max-width: none !important; box-shadow: none !important; background: #eef2f6 !important; color: #475467 !important"
"1953","#remakeFactorPage.cleanRemakeV6230 #remakeCeramistTableV6342 tbody tr.ceramistSectionRowV6348:nth-child(even) > td","","Index.html","2422","ceramistSectionScrollFixV6360","13","0","false","2-3-3","Remake","1","background: #eef2f6 !important"
"1954","#remakeFactorPage.cleanRemakeV6230 #remakeCeramistTableV6342 tbody tr.ceramistSectionRowV6348:nth-child(odd) > td","","Index.html","2422","ceramistSectionScrollFixV6360","13","0","false","2-3-3","Remake","1","background: #eef2f6 !important"
"1955","#remakeFactorPage.cleanRemakeV6230 #remakeCeramistTableV6342 thead th","@media (min-width:761px)","Index.html","2437","ceramistSelectedRowFreezeV6361","14","0","false","2-1-2","Remake","4","position: sticky !important; top: 0 !important; z-index: 8 !important; background: #203038 !important"
"1956","#remakeFactorPage.cleanRemakeV6230 #remakeCeramistTableV6342 thead th:first-child","@media (min-width:761px)","Index.html","2444","ceramistSelectedRowFreezeV6361","14","0","false","2-2-2","Remake","1","z-index: 9 !important"
"1957","#remakeFactorPage.cleanRemakeV6230 #remakeCeramistTableV6342 tbody tr.ceramistPinnedWorkerV6361 > td","@media (min-width:761px)","Index.html","2448","ceramistSelectedRowFreezeV6361","14","0","false","2-2-3","Remake","5","position: sticky !important; top: var(--ceramist-selected-pin-top-v6361, 28px) !important; z-index: 6 !important; background: #fff7d6 !important; box-shadow: inset 0 -1px 0 rgba(217,119,6,.28), 0 3px 6px rgba(15,23,42,.10) !important"
"1958","#remakeFactorPage.cleanRemakeV6230 #remakeCeramistTableV6342 tbody tr.ceramistPinnedWorkerV6361 > td:first-child","@media (min-width:761px)","Index.html","2457","ceramistSelectedRowFreezeV6361","14","0","false","2-3-3","Remake","3","left: 0 !important; z-index: 7 !important; background: #fff7d6 !important"
"1959","#remakeFactorPage.cleanRemakeV6230 #remakeCeramistTableV6342 tbody tr.ceramistSectionRowV6348","@media (min-width:761px)","Index.html","2464","ceramistSelectedRowFreezeV6361","14","0","false","2-2-2","Remake","6","position: static !important; left: auto !important; top: auto !important; z-index: 1 !important; box-shadow: none !important; background: #eef2f6 !important"
"1960","#remakeFactorPage.cleanRemakeV6230 #remakeCeramistTableV6342 tbody tr.ceramistSectionRowV6348 > td","@media (min-width:761px)","Index.html","2464","ceramistSelectedRowFreezeV6361","14","0","false","2-2-3","Remake","6","position: static !important; left: auto !important; top: auto !important; z-index: 1 !important; box-shadow: none !important; background: #eef2f6 !important"
"1961","#remakeFactorPage.cleanRemakeV6230 #remakeCeramistTableV6342 tbody tr.ceramistPinnedWorkerV6361 > td","@media (max-width:760px)","Index.html","2478","ceramistSelectedRowFreezeV6361","14","0","false","2-2-3","Remake","4","position: static !important; top: auto !important; left: auto !important; box-shadow: none !important"
"1962","#remakeFactorPage.cleanRemakeV6230 #remakeCeramistCardV6342 .ceramistPreviewMetaV6342","","Index.html","2605","ceramistV6368CleanControlsDetailDrawerStyles","15","0","false","2-2-0","Remake","1","display: none !important"
"1963","#remakeFactorPage.cleanRemakeV6230 #remakeCeramistCardV6342 .ceramistTopControlsV6351","","Index.html","2608","ceramistV6368CleanControlsDetailDrawerStyles","15","0","false","2-2-0","Remake","1","justify-content: flex-start !important"
"1964","#remakeFactorPage.cleanRemakeV6230 .ceramistDetailSelectionV6368","","Index.html","2611","ceramistV6368CleanControlsDetailDrawerStyles","15","0","false","1-2-0","Remake","5","padding: 8px 10px !important; border-bottom: 1px solid #dfe4eb !important; background: #f8fafc !important; max-height: 118px !important; overflow: auto !important"
"1965","#remakeFactorPage.cleanRemakeV6230 .ceramistDetailSelectionHeaderV6368","","Index.html","2618","ceramistV6368CleanControlsDetailDrawerStyles","15","0","false","1-2-0","Remake","4","display: flex !important; align-items: flex-start !important; justify-content: space-between !important; gap: 8px !important"
"1966","#remakeFactorPage.cleanRemakeV6230 .ceramistDetailSelectionHeadingV6368","","Index.html","2624","ceramistV6368CleanControlsDetailDrawerStyles","15","0","false","1-2-0","Remake","4","display: flex !important; align-items: baseline !important; gap: 7px !important; min-width: 0 !important"
"1967","#remakeFactorPage.cleanRemakeV6230 .ceramistDetailSelectionHeadingV6368 strong","","Index.html","2630","ceramistV6368CleanControlsDetailDrawerStyles","15","0","false","1-2-1","Remake","5","color: #172033 !important; font: 900 11.5px/1.2 Roboto,Arial,sans-serif !important; overflow: hidden !important; text-overflow: ellipsis !important; white-space: nowrap !important"
"1968","#remakeFactorPage.cleanRemakeV6230 .ceramistDetailSelectionHeadingV6368 span","","Index.html","2637","ceramistV6368CleanControlsDetailDrawerStyles","15","0","false","1-2-1","Remake","3","color: #667085 !important; font: 800 9.5px/1.2 Roboto,Arial,sans-serif !important; white-space: nowrap !important"
"1969","#remakeFactorPage.cleanRemakeV6230 .ceramistDetailSelectionCloseV6368","","Index.html","2642","ceramistV6368CleanControlsDetailDrawerStyles","15","0","false","1-2-0","Remake","10","width: 24px !important; height: 24px !important; min-width: 24px !important; padding: 0 !important; border: 1px solid #cfd6df !important; border-radius: 50% !important; background: #fff !important; color: #475467 !important; font: 900 16px/1 Roboto,Arial,sans-serif !important; cursor: pointer !important"
"1970","#remakeFactorPage.cleanRemakeV6230 .ceramistDetailSelectionMetricsV6368","","Index.html","2654","ceramistV6368CleanControlsDetailDrawerStyles","15","0","false","1-2-0","Remake","4","display: grid !important; grid-template-columns: repeat(4,minmax(0,1fr)) !important; gap: 6px !important; margin-top: 6px !important"
"1971","#remakeFactorPage.cleanRemakeV6230 .ceramistDetailSelectionMetricsV6368 > div","","Index.html","2660","ceramistV6368CleanControlsDetailDrawerStyles","15","0","false","1-2-1","Remake","9","display: flex !important; align-items: center !important; justify-content: space-between !important; gap: 5px !important; padding: 4px 6px !important; background: #fff !important; border: 1px solid #e1e6ee !important; border-radius: 5px !important; min-width: 0 !important"
"1972","#remakeFactorPage.cleanRemakeV6230 .ceramistDetailSelectionMetricsV6368 span","","Index.html","2671","ceramistV6368CleanControlsDetailDrawerStyles","15","0","false","1-2-1","Remake","2","color: #667085 !important; font: 800 8.5px/1.1 Roboto,Arial,sans-serif !important"
"1973","#remakeFactorPage.cleanRemakeV6230 .ceramistDetailSelectionMetricsV6368 strong","","Index.html","2675","ceramistV6368CleanControlsDetailDrawerStyles","15","0","false","1-2-1","Remake","3","color: #172033 !important; font: 900 10px/1.1 Roboto,Arial,sans-serif !important; white-space: nowrap !important"
"1974","#remakeFactorPage.cleanRemakeV6230 .ceramistDetailSelectionContextV6368","","Index.html","2680","ceramistV6368CleanControlsDetailDrawerStyles","15","0","false","1-2-0","Remake","4","margin-top: 5px !important; color: #475467 !important; font: 700 9.5px/1.35 Roboto,Arial,sans-serif !important; white-space: normal !important"
"1975","#remakeFactorPage.cleanRemakeV6230 #remakeCeramistDetailTableV6343 tbody tr.ceramistDetailClickableV6368","","Index.html","2686","ceramistV6368CleanControlsDetailDrawerStyles","15","0","false","2-2-2","Remake","1","cursor: pointer !important"
"1976","#remakeFactorPage.cleanRemakeV6230 #remakeCeramistDetailTableV6343 tbody tr.ceramistDetailClickableV6368:nth-child(odd):hover td","","Index.html","2689","ceramistV6368CleanControlsDetailDrawerStyles","15","0","false","2-4-3","Remake","1","background: #fff !important"
"1977","#remakeFactorPage.cleanRemakeV6230 #remakeCeramistDetailTableV6343 tbody tr.ceramistDetailClickableV6368:nth-child(even):hover td","","Index.html","2692","ceramistV6368CleanControlsDetailDrawerStyles","15","0","false","2-4-3","Remake","1","background: #fafafa !important"
"1978","#remakeFactorPage.cleanRemakeV6230 .ceramistDetailLabelV6368","","Index.html","2695","ceramistV6368CleanControlsDetailDrawerStyles","15","0","false","1-2-0","Remake","5","display: inline-block !important; max-width: calc(100% - 18px) !important; overflow: hidden !important; text-overflow: ellipsis !important; vertical-align: middle !important"
"1979","#remakeFactorPage.cleanRemakeV6230 .ceramistDetailChevronV6368","","Index.html","2702","ceramistV6368CleanControlsDetailDrawerStyles","15","0","false","1-2-0","Remake","3","float: right !important; color: #98a2b3 !important; font: 900 15px/1 Roboto,Arial,sans-serif !important"
"1980","#remakeFactorPage.cleanRemakeV6230 .ceramistDetailClickableV6368:hover .ceramistDetailChevronV6368","","Index.html","2707","ceramistV6368CleanControlsDetailDrawerStyles","15","0","false","1-4-0","Remake","1","color: #b7791f !important"
"1981","#remakeFactorPage.cleanRemakeV6230 .ceramistDetailClickableV6368:focus .ceramistDetailChevronV6368","","Index.html","2707","ceramistV6368CleanControlsDetailDrawerStyles","15","0","false","1-4-0","Remake","1","color: #b7791f !important"
"1982","#remakeFactorPage.cleanRemakeV6230 #remakeCeramistDetailTableV6343 tbody tr.ceramistDetailSelectedV6368 td","","Index.html","2711","ceramistV6368CleanControlsDetailDrawerStyles","15","0","false","2-2-3","Remake","2","background: #fff7d6 !important; border-color: #f2c94c !important"
"1983","#remakeFactorPage.cleanRemakeV6230 .ceramistPanelV6343.detailOpenV6368 .ceramistPreviewTableWrapV6342","","Index.html","2715","ceramistV6368CleanControlsDetailDrawerStyles","15","0","false","1-4-0","Remake","1","height: 205px !important"
"1984","#remakeFactorPage.cleanRemakeV6230 .ceramistPanelV6343.detailOpenV6368 .ceramistPreviewTableWrapV6342","@media(max-width:1180px)","Index.html","2719","ceramistV6368CleanControlsDetailDrawerStyles","15","0","false","1-4-0","Remake","1","height: 185px !important"
"1985","#remakeFactorPage.cleanRemakeV6230 .ceramistDetailSelectionMetricsV6368","@media(max-width:720px)","Index.html","2724","ceramistV6368CleanControlsDetailDrawerStyles","15","0","false","1-2-0","Remake","1","grid-template-columns: repeat(2,minmax(0,1fr)) !important"
"1986","#remakeFactorPage.cleanRemakeV6230 .ceramistPanelV6343.detailOpenV6368 .ceramistPreviewTableWrapV6342","@media(max-width:720px)","Index.html","2727","ceramistV6368CleanControlsDetailDrawerStyles","15","0","false","1-4-0","Remake","1","height: auto !important"
"1987","#remakeFactorPage.cleanRemakeV6230 .ceramistDetailSelectionV6368","","Index.html","2734","","16","0","false","1-2-0","Remake","1","display: none !important"
"1988","#remakeFactorPage.cleanRemakeV6230 .ceramistPanelV6343.detailOpenV6368 .ceramistPreviewTableWrapV6342","","Index.html","2735","","16","0","false","1-4-0","Remake","1","height: 285px !important"
"1989",".ceramistCaseDialogOverlayV6369","","Index.html","2736","","16","0","false","0-1-0","Shared","0","position: fixed; inset: 0; z-index: 100000; display: flex; align-items: center; justify-content: center; padding: 24px; background: rgba(15,23,42,.38)"
"1990",".ceramistCaseDialogV6369","","Index.html","2740","","16","0","false","0-1-0","Shared","0","width: min(720px,calc(100vw - 32px)); max-height: min(76vh,680px); display: flex; flex-direction: column; background: #fff; border: 1px solid #d7dce2; border-radius: 14px; box-shadow: 0 22px 55px rgba(15,23,42,.28); overflow: hidden"
"1991",".ceramistCaseDialogHeaderV6369","","Index.html","2744","","16","0","false","0-1-0","Shared","0","display: flex; align-items: flex-start; justify-content: space-between; gap: 14px; padding: 16px 18px; border-bottom: 1px solid #e5e7eb"
"1992",".ceramistCaseDialogHeadingV6369","","Index.html","2745","","16","0","false","0-1-0","Shared","0","display: flex; flex-direction: column; gap: 4px; min-width: 0"
"1993",".ceramistCaseDialogHeadingV6369 strong","","Index.html","2746","","16","0","false","0-1-1","Shared","0","color: #172033; font: 900 15px/1.3 Roboto,Arial,sans-serif; white-space: normal"
"1994",".ceramistCaseDialogHeadingV6369 span","","Index.html","2747","","16","0","false","0-1-1","Shared","0","color: #667085; font: 800 10.5px/1.2 Roboto,Arial,sans-serif"
"1995",".ceramistCaseDialogCloseV6369","","Index.html","2748","","16","0","false","0-1-0","Shared","6","width: 32px !important; height: 32px !important; min-width: 32px !important; padding: 0 !important; border-radius: 50% !important; font-size: 19px !important"
"1996",".ceramistCaseDialogBodyV6369","","Index.html","2749","","16","0","false","0-1-0","Shared","0","padding: 16px 18px; overflow: auto"
"1997",".ceramistCaseDialogSectionV6369 + .ceramistCaseDialogSectionV6369","","Index.html","2750","","16","0","false","0-2-0","Shared","0","margin-top: 16px"
"1998",".ceramistCaseDialogSectionTitleV6369","","Index.html","2751","","16","0","false","0-1-0","Shared","0","margin-bottom: 8px; color: #475467; font: 900 10px/1.2 Roboto,Arial,sans-serif; text-transform: uppercase; letter-spacing: .45px"
"1999",".ceramistCaseDialogChipsV6369","","Index.html","2752","","16","0","false","0-1-0","Shared","0","display: flex; flex-wrap: wrap; gap: 7px"
"2000",".ceramistCaseDialogChipV6369","","Index.html","2753","","16","0","false","0-1-0","Shared","0","display: inline-flex; align-items: center; min-height: 27px; padding: 5px 9px; border: 1px solid #d7dce2; border-radius: 999px; background: #f8fafc; color: #344054; font: 800 10.5px/1 Roboto,Arial,sans-serif"
"2001",".ceramistCaseDialogTextV6369","","Index.html","2754","","16","0","false","0-1-0","Shared","0","padding: 10px 11px; border: 1px solid #e1e6ee; border-radius: 8px; background: #f8fafc; color: #475467; font: 700 10.5px/1.45 Roboto,Arial,sans-serif; white-space: normal"
"2002",".ceramistCaseDialogEmptyV6369","","Index.html","2755","","16","0","false","0-1-0","Shared","0","color: #667085; font: 700 11px/1.4 Roboto,Arial,sans-serif"
"2003",".ceramistCaseDialogFooterV6369","","Index.html","2756","","16","0","false","0-1-0","Shared","0","display: flex; justify-content: flex-end; gap: 9px; padding: 11px 18px; border-top: 1px solid #e5e7eb; background: #f8fafc"
"2004",".ceramistCaseDialogFooterV6369 button","","Index.html","2757","","16","0","false","0-1-1","Shared","1","height: 32px !important"
"2005",".ceramistCaseDialogCopyV6369:disabled","","Index.html","2758","","16","0","false","0-2-0","Shared","0","opacity: .45; cursor: default"
"2006",".ceramistCaseDialogOverlayV6369","@media(max-width:720px)","Index.html","2760","","16","0","false","0-1-0","Shared","0","align-items: flex-end; padding: 0"
"2007",".ceramistCaseDialogV6369","@media(max-width:720px)","Index.html","2761","","16","0","false","0-1-0","Shared","0","width: 100%; max-height: 82vh; border-radius: 16px 16px 0 0"
"2008",".ceramistCaseDialogHeaderV6369","@media(max-width:720px)","Index.html","2762","","16","0","false","0-1-0","Shared","0","padding: 14px 15px"
"2009",".ceramistCaseDialogBodyV6369","@media(max-width:720px)","Index.html","2763","","16","0","false","0-1-0","Shared","0","padding: 14px 15px"
"2010",".ceramistCaseDialogFooterV6369","@media(max-width:720px)","Index.html","2764","","16","0","false","0-1-0","Shared","0","padding: 10px 15px max(10px,env(safe-area-inset-bottom))"
"2011",".ceramistCaseDialogFooterV6369 button","@media(max-width:720px)","Index.html","2765","","16","0","false","0-1-1","Shared","0","flex: 1 1 0"
"2012","#remakeCompactToolbarV6382","","RemakeResponsiveStyles.html","2","remakeResponsiveV6382Styles","17","5","false","1-0-0","Remake","0","display: none"
"2013","#remakeViewsPanelV6382","","RemakeResponsiveStyles.html","2","remakeResponsiveV6382Styles","17","5","false","1-0-0","Remake","0","display: none"
"2014","#remakeViewsPanelV6382","","RemakeResponsiveStyles.html","7","remakeResponsiveV6382Styles","17","5","false","1-0-0","Remake","0","position: fixed; z-index: 24050; width: min(370px,calc(100vw - 16px)); max-height: calc(100vh - 16px); flex-direction: column; overflow: hidden; border: 1px solid #d7dce2; border-radius: 10px; background: #fff; box-shadow: 0 12px 30px rgba(15,23,42,.20); color: #202124; box-sizing: border-box; font-family: Roboto,Arial,sans-serif"
"2015","#remakeViewsPanelV6382.open","","RemakeResponsiveStyles.html","23","remakeResponsiveV6382Styles","17","5","false","1-1-0","Remake","1","display: flex !important"
"2016",".remakeViewsHeaderV6382","","RemakeResponsiveStyles.html","27","remakeResponsiveV6382Styles","17","5","false","0-1-0","Remake","0","display: flex; align-items: center; justify-content: space-between; gap: 10px; min-height: 40px; padding: 7px 9px 7px 11px; border-bottom: 1px solid #edf0f3; background: #fff"
"2017",".remakeViewsHeaderV6382 strong","","RemakeResponsiveStyles.html","38","remakeResponsiveV6382Styles","17","5","false","0-1-1","Remake","0","color: #172033; font: 900 12px/1.2 Roboto,Arial,sans-serif"
"2018",".remakeViewsCloseV6382","","RemakeResponsiveStyles.html","43","remakeResponsiveV6382Styles","17","5","false","0-1-0","Remake","0","width: 27px; min-width: 27px; height: 27px; padding: 0; border: 0; border-radius: 50%; background: transparent; color: #667085; font: 800 18px/1 Roboto,Arial,sans-serif; cursor: pointer"
"2019",".remakeViewsBodyV6382","","RemakeResponsiveStyles.html","56","remakeResponsiveV6382Styles","17","5","false","0-1-0","Remake","0","display: flex; flex-direction: column; gap: 8px; min-height: 0; padding: 9px 10px 10px; overflow: auto"
"2020",".remakeViewSaveRowV6382","","RemakeResponsiveStyles.html","65","remakeResponsiveV6382Styles","17","5","false","0-1-0","Remake","0","display: grid; grid-template-columns: minmax(0,1fr) auto; gap: 6px"
"2021",".remakeViewSaveRowV6382 input","","RemakeResponsiveStyles.html","71","remakeResponsiveV6382Styles","17","5","false","0-1-1","Remake","0","width: 100%; height: 32px; min-width: 0; padding: 0 8px; border: 1px solid #d7dce2; border-radius: 7px; background: #fff; color: #202124; outline: none; box-sizing: border-box; font: 700 11px/1 Roboto,Arial,sans-serif"
"2022",".remakeViewDefaultsV6382 select","","RemakeResponsiveStyles.html","71","remakeResponsiveV6382Styles","17","5","false","0-1-1","Remake","0","width: 100%; height: 32px; min-width: 0; padding: 0 8px; border: 1px solid #d7dce2; border-radius: 7px; background: #fff; color: #202124; outline: none; box-sizing: border-box; font: 700 11px/1 Roboto,Arial,sans-serif"
"2023",".remakeViewNameV6382","","RemakeResponsiveStyles.html","71","remakeResponsiveV6382Styles","17","5","false","0-1-0","Remake","0","width: 100%; height: 32px; min-width: 0; padding: 0 8px; border: 1px solid #d7dce2; border-radius: 7px; background: #fff; color: #202124; outline: none; box-sizing: border-box; font: 700 11px/1 Roboto,Arial,sans-serif"
"2024",".remakeViewSaveRowV6382 input:focus","","RemakeResponsiveStyles.html","87","remakeResponsiveV6382Styles","17","5","false","0-2-1","Remake","0","border-color: #94a3b8; box-shadow: 0 0 0 2px rgba(59,85,110,.10)"
"2025",".remakeViewDefaultsV6382 select:focus","","RemakeResponsiveStyles.html","87","remakeResponsiveV6382Styles","17","5","false","0-2-1","Remake","0","border-color: #94a3b8; box-shadow: 0 0 0 2px rgba(59,85,110,.10)"
"2026",".remakeViewNameV6382:focus","","RemakeResponsiveStyles.html","87","remakeResponsiveV6382Styles","17","5","false","0-2-0","Remake","0","border-color: #94a3b8; box-shadow: 0 0 0 2px rgba(59,85,110,.10)"
"2027",".remakeViewPrimaryV6382","","RemakeResponsiveStyles.html","94","remakeResponsiveV6382Styles","17","5","false","0-1-0","Remake","0","min-height: 32px; padding: 0 9px; border: 1px solid #d7dce2; border-radius: 7px; background: #fff; color: #344054; font: 800 10.5px/1 Roboto,Arial,sans-serif; white-space: nowrap; cursor: pointer"
"2028",".remakeViewActionV6382","","RemakeResponsiveStyles.html","94","remakeResponsiveV6382Styles","17","5","false","0-1-0","Remake","0","min-height: 32px; padding: 0 9px; border: 1px solid #d7dce2; border-radius: 7px; background: #fff; color: #344054; font: 800 10.5px/1 Roboto,Arial,sans-serif; white-space: nowrap; cursor: pointer"
"2029",".remakeViewUtilityV6382","","RemakeResponsiveStyles.html","94","remakeResponsiveV6382Styles","17","5","false","0-1-0","Remake","0","min-height: 32px; padding: 0 9px; border: 1px solid #d7dce2; border-radius: 7px; background: #fff; color: #344054; font: 800 10.5px/1 Roboto,Arial,sans-serif; white-space: nowrap; cursor: pointer"
"2030",".remakeViewPrimaryV6382","","RemakeResponsiveStyles.html","108","remakeResponsiveV6382Styles","17","5","false","0-1-0","Remake","0","border-color: #172033; background: #172033; color: #fff"
"2031",".remakeViewActionV6382:hover","","RemakeResponsiveStyles.html","114","remakeResponsiveV6382Styles","17","5","false","0-2-0","Remake","0","background: #f5f7f9"
"2032",".remakeViewsCloseV6382:hover","","RemakeResponsiveStyles.html","114","remakeResponsiveV6382Styles","17","5","false","0-2-0","Remake","0","background: #f5f7f9"
"2033",".remakeViewPrimaryV6382:hover","","RemakeResponsiveStyles.html","119","remakeResponsiveV6382Styles","17","5","false","0-2-0","Remake","0","filter: brightness(.96)"
"2034",".remakeViewDefaultsV6382","","RemakeResponsiveStyles.html","123","remakeResponsiveV6382Styles","17","5","false","0-1-0","Remake","0","display: grid; grid-template-columns: minmax(0,1fr); gap: 6px; padding: 0; border: 0; background: transparent"
"2035",".remakeViewDefaultsV6382 label","","RemakeResponsiveStyles.html","132","remakeResponsiveV6382Styles","17","5","false","0-1-1","Remake","0","display: grid; grid-template-columns: 74px minmax(0,1fr); align-items: center; gap: 7px; min-width: 0; color: #667085; font: 800 10px/1.15 Roboto,Arial,sans-serif; letter-spacing: 0; text-transform: none"
"2036",".remakeViewDefaultsV6382 select","","RemakeResponsiveStyles.html","144","remakeResponsiveV6382Styles","17","5","false","0-1-1","Remake","0","height: 32px; text-transform: none; letter-spacing: normal"
"2037",".remakeViewSectionLabelV6382","","RemakeResponsiveStyles.html","150","remakeResponsiveV6382Styles","17","5","false","0-1-0","Remake","0","display: none"
"2038",".remakeViewListV6382","","RemakeResponsiveStyles.html","154","remakeResponsiveV6382Styles","17","5","false","0-1-0","Remake","0","display: flex; flex-direction: column; gap: 0; border-top: 1px solid #edf0f3"
"2039",".remakeViewEmptyV6382","","RemakeResponsiveStyles.html","161","remakeResponsiveV6382Styles","17","5","false","0-1-0","Remake","0","padding: 9px 2px 5px; border: 0; border-radius: 0; color: #667085; text-align: left; font: 700 10.5px/1.35 Roboto,Arial,sans-serif"
"2040",".remakeViewRowV6382","","RemakeResponsiveStyles.html","170","remakeResponsiveV6382Styles","17","5","false","0-1-0","Remake","0","display: grid; grid-template-columns: minmax(0,1fr) auto auto auto; gap: 4px; align-items: center; padding: 6px 0; border: 0; border-bottom: 1px solid #edf0f3; border-radius: 0; background: #fff"
"2041",".remakeViewRowV6382.isOpenDefaultV6382","","RemakeResponsiveStyles.html","182","remakeResponsiveV6382Styles","17","5","false","0-2-0","Remake","0","box-shadow: inset 2px 0 0 #3b556e; padding-left: 6px"
"2042",".remakeViewRowV6382.isResetDefaultV6382","","RemakeResponsiveStyles.html","187","remakeResponsiveV6382Styles","17","5","false","0-2-0","Remake","0","border-bottom-color: #e5c35b"
"2043",".remakeViewNameV6382","","RemakeResponsiveStyles.html","191","remakeResponsiveV6382Styles","17","5","false","0-1-0","Remake","0","height: 30px; padding-left: 4px; border-color: transparent; background: transparent; font-weight: 800"
"2044",".remakeViewNameV6382:hover","","RemakeResponsiveStyles.html","199","remakeResponsiveV6382Styles","17","5","false","0-2-0","Remake","0","border-color: #d7dce2; background: #fff"
"2045",".remakeViewNameV6382:focus","","RemakeResponsiveStyles.html","199","remakeResponsiveV6382Styles","17","5","false","0-2-0","Remake","0","border-color: #d7dce2; background: #fff"
"2046",".remakeViewActionV6382","","RemakeResponsiveStyles.html","205","remakeResponsiveV6382Styles","17","5","false","0-1-0","Remake","0","min-width: 31px; min-height: 30px; padding: 0 7px"
"2047",".remakeViewDeleteV6382[data-confirm=""1""]","","RemakeResponsiveStyles.html","211","remakeResponsiveV6382Styles","17","5","false","0-2-0","Remake","0","border-color: #ef4444; background: #fff1f2; color: #b42318"
"2048",".remakeViewsFooterV6382","","RemakeResponsiveStyles.html","217","remakeResponsiveV6382Styles","17","5","false","0-1-0","Remake","0","display: flex; flex-wrap: wrap; gap: 4px 10px; padding-top: 2px"
"2049",".remakeViewUtilityV6382","","RemakeResponsiveStyles.html","224","remakeResponsiveV6382Styles","17","5","false","0-1-0","Remake","0","min-height: 26px; padding: 0 2px; border: 0; border-radius: 0; background: transparent; color: #475467; font-size: 10px"
"2050",".remakeViewUtilityV6382:hover","","RemakeResponsiveStyles.html","234","remakeResponsiveV6382Styles","17","5","false","0-2-0","Remake","0","color: #172033; text-decoration: underline; background: transparent"
"2051",".remakeViewStatusV6382","","RemakeResponsiveStyles.html","240","remakeResponsiveV6382Styles","17","5","false","0-1-0","Remake","0","min-height: 0; color: #667085; font: 700 10px/1.3 Roboto,Arial,sans-serif"
"2052",".remakeViewStatusV6382:empty","","RemakeResponsiveStyles.html","246","remakeResponsiveV6382Styles","17","5","false","0-2-0","Remake","0","display: none"
"2053",".remakeViewStatusV6382.error","","RemakeResponsiveStyles.html","250","remakeResponsiveV6382Styles","17","5","false","0-2-0","Remake","0","color: #b42318"
"2054","#remakeTabViewsV6382","","RemakeResponsiveStyles.html","254","remakeResponsiveV6382Styles","17","5","false","1-0-0","Remake","0","display: none"
"2055","#remakeTabFilterHostV6337:not([hidden]) #remakeTabViewsV6382","@media (min-width:1280px)","RemakeResponsiveStyles.html","259","remakeResponsiveV6382Styles","17","5","false","2-1-0","Remake","1","display: inline-flex !important"
"2056","html","@media (max-width:1279px)","RemakeResponsiveStyles.html","265","remakeResponsiveV6382Styles","17","5","false","0-0-1","Remake","3","width: 100% !important; max-width: 100% !important; overflow-x: hidden !important"
"2057","body","@media (max-width:1279px)","RemakeResponsiveStyles.html","265","remakeResponsiveV6382Styles","17","5","false","0-0-1","Remake","3","width: 100% !important; max-width: 100% !important; overflow-x: hidden !important"
"2058","body","@media (max-width:1279px)","RemakeResponsiveStyles.html","272","remakeResponsiveV6382Styles","17","5","false","0-0-1","Remake","1","background: #ebe9ed !important"
"2059",".managerTabs","@media (max-width:1279px)","RemakeResponsiveStyles.html","276","remakeResponsiveV6382Styles","17","5","false","0-1-0","Remake","9","position: sticky !important; top: 0 !important; z-index: 22000 !important; width: 100% !important; max-width: 100% !important; min-width: 0 !important; overflow-x: auto !important; overflow-y: visible !important; -webkit-overflow-scrolling: touch; scrollbar-width: thin; box-sizing: border-box !important"
"2060","body.remakeCompactActiveV6382 #remakeCompactToolbarV6382","@media (max-width:1279px)","RemakeResponsiveStyles.html","290","remakeResponsiveV6382Styles","17","5","false","1-1-1","Remake","21","position: sticky !important; top: var(--remakeManagerTabsHeightV6382,44px) !important; z-index: 21990 !important; display: grid !important; grid-template-columns: minmax(82px,1fr) repeat(5,40px) !important; align-items: center !important; gap: 4px !important; width: 100% !important; max-width: 100% !important; min-width: 0 !important; min-height: 52px !important; margin: 0 !important; padding: 6px max(6px,env(safe-area-inset-right)) 6px max(6px,env(safe-area-inset-left)) !important; border: 1px solid #d7dce2 !important; border-left: 0 !important; border-right: 0 !important; background: rgba(255,255,255,.98) !important; box-shadow: 0 4px 12px rgba(20,32,42,.12) !important; backdrop-filter: blur(12px) !important; -webkit-backdrop-filter: blur(12px) !important; box-sizing: border-box !important"
"2061","#remakeCompactToolbarV6382 .remakeCompactToolV6382","@media (max-width:1279px)","RemakeResponsiveStyles.html","314","remakeResponsiveV6382Styles","17","5","false","1-1-0","Remake","17","position: relative !important; display: inline-flex !important; align-items: center !important; justify-content: center !important; width: 40px !important; min-width: 40px !important; height: 40px !important; min-height: 40px !important; margin: 0 !important; padding: 0 !important; border: 1px solid #cbd5df !important; border-radius: 8px !important; background: #fff !important; color: #334155 !important; box-shadow: none !important; cursor: pointer !important; touch-action: manipulation !important"
"2062","#remakeCompactToolbarV6382 .remakeCompactToolV6382:hover","@media (max-width:1279px)","RemakeResponsiveStyles.html","334","remakeResponsiveV6382Styles","17","5","false","1-2-0","Remake","4","border-color: #e5c35b !important; background: #fff7d6 !important; color: #7a4a00 !important; outline: none !important"
"2063","#remakeCompactToolbarV6382 .remakeCompactToolV6382:focus-visible","@media (max-width:1279px)","RemakeResponsiveStyles.html","334","remakeResponsiveV6382Styles","17","5","false","1-2-0","Remake","4","border-color: #e5c35b !important; background: #fff7d6 !important; color: #7a4a00 !important; outline: none !important"
"2064","#remakeCompactToolbarV6382 .remakeCompactToolV6382[aria-expanded=""true""]","@media (max-width:1279px)","RemakeResponsiveStyles.html","334","remakeResponsiveV6382Styles","17","5","false","1-2-0","Remake","4","border-color: #e5c35b !important; background: #fff7d6 !important; color: #7a4a00 !important; outline: none !important"
"2065","#remakeCompactToolbarV6382 .remakeCompactToolV6382:disabled","@media (max-width:1279px)","RemakeResponsiveStyles.html","343","remakeResponsiveV6382Styles","17","5","false","1-2-0","Remake","2","opacity: .5 !important; cursor: wait !important"
"2066","#remakeCompactToolbarV6382 .remakeCompactToolV6382 svg","@media (max-width:1279px)","RemakeResponsiveStyles.html","348","remakeResponsiveV6382Styles","17","5","false","1-1-1","Remake","8","width: 18px !important; height: 18px !important; fill: none !important; stroke: currentColor !important; stroke-width: 2 !important; stroke-linecap: round !important; stroke-linejoin: round !important; pointer-events: none !important"
"2067","#remakeTabViewsV6382 svg","@media (max-width:1279px)","RemakeResponsiveStyles.html","348","remakeResponsiveV6382Styles","17","5","false","1-0-1","Remake","8","width: 18px !important; height: 18px !important; fill: none !important; stroke: currentColor !important; stroke-width: 2 !important; stroke-linecap: round !important; stroke-linejoin: round !important; pointer-events: none !important"
"2068","#remakeCompactToolbarV6382 .remakeCompactFiltersV6382","@media (max-width:1279px)","RemakeResponsiveStyles.html","360","remakeResponsiveV6382Styles","17","5","false","1-1-0","Remake","10","width: 100% !important; min-width: 82px !important; padding: 0 9px !important; justify-content: space-between !important; gap: 6px !important; border-color: #172033 !important; background: #172033 !important; color: #fff !important; font: 900 11px/1 Roboto,Arial,sans-serif !important; white-space: nowrap !important"
"2069","#remakeCompactToolbarV6382 .remakeCompactFiltersV6382[aria-expanded=""true""]","@media (max-width:1279px)","RemakeResponsiveStyles.html","373","remakeResponsiveV6382Styles","17","5","false","1-2-0","Remake","3","border-color: #e5c35b !important; background: #fff7d6 !important; color: #7a4a00 !important"
"2070",".remakeCompactFilterCountV6382","@media (max-width:1279px)","RemakeResponsiveStyles.html","379","remakeResponsiveV6382Styles","17","5","false","0-1-0","Remake","0","display: none; align-items: center; justify-content: center; min-width: 18px; height: 18px; padding: 0 5px; border-radius: 999px; background: #fff; color: #172033; font: 900 9px/1 Roboto,Arial,sans-serif"
"2071",".remakeCompactFilterCountV6382.active","@media (max-width:1279px)","RemakeResponsiveStyles.html","392","remakeResponsiveV6382Styles","17","5","false","0-2-0","Remake","0","display: inline-flex"
"2072","#remakeTabFilterHostV6337","@media (max-width:1279px)","RemakeResponsiveStyles.html","396","remakeResponsiveV6382Styles","17","5","false","1-0-0","Remake","1","display: none !important"
"2073","#remakeFactorPage.cleanRemakeV6230","@media (max-width:1279px)","RemakeResponsiveStyles.html","400","remakeResponsiveV6382Styles","17","5","false","1-1-0","Remake","8","width: 100% !important; max-width: 100% !important; min-width: 0 !important; min-height: 100vh !important; padding: 8px 8px max(18px,env(safe-area-inset-bottom)) !important; overflow-x: hidden !important; background: #ebe9ed !important; box-sizing: border-box !important"
"2074","#remakeFactorPage.cleanRemakeV6230 .remakeShellV6230","@media (max-width:1279px)","RemakeResponsiveStyles.html","411","remakeResponsiveV6382Styles","17","5","false","1-2-0","Remake","11","width: 100% !important; max-width: 100% !important; min-width: 0 !important; margin: 0 !important; padding: 0 !important; gap: 8px !important; overflow: visible !important; background: transparent !important; border: 0 !important; box-shadow: none !important; box-sizing: border-box !important"
"2075","#remakeFactorPage.cleanRemakeV6230 .remakeStickyTopV6245","@media (max-width:1279px)","RemakeResponsiveStyles.html","411","remakeResponsiveV6382Styles","17","5","false","1-2-0","Remake","11","width: 100% !important; max-width: 100% !important; min-width: 0 !important; margin: 0 !important; padding: 0 !important; gap: 8px !important; overflow: visible !important; background: transparent !important; border: 0 !important; box-shadow: none !important; box-sizing: border-box !important"
"2076","#remakeFactorPage.cleanRemakeV6230 .remakeStickyTopV6245","@media (max-width:1279px)","RemakeResponsiveStyles.html","426","remakeResponsiveV6382Styles","17","5","false","1-2-0","Remake","3","position: relative !important; top: auto !important; z-index: 1000 !important"
"2077","#remakeFactorPage.cleanRemakeV6230 .remakeGlobalSearchBarV6304","@media (max-width:1279px)","RemakeResponsiveStyles.html","432","remakeResponsiveV6382Styles","17","5","false","1-2-0","Remake","7","position: fixed !important; top: 0 !important; right: 0 !important; width: 0 !important; height: 0 !important; z-index: 24100 !important; overflow: visible !important"
"2078","#remakeFactorPage.cleanRemakeV6230 .remakeGlobalSearchBarV6304 > .remakeGlobalSearchButtonV6304","@media (max-width:1279px)","RemakeResponsiveStyles.html","442","remakeResponsiveV6382Styles","17","5","false","1-3-0","Remake","1","display: none !important"
"2079","#remakeFactorPage.cleanRemakeV6230 .remakeGlobalSearchPanelV6304","@media (max-width:1279px)","RemakeResponsiveStyles.html","446","remakeResponsiveV6382Styles","17","5","false","1-2-0","Remake","11","position: fixed !important; left: 8px !important; right: 8px !important; top: var(--remakeCompactPanelTopV6382,104px) !important; bottom: 8px !important; width: auto !important; min-width: 0 !important; max-height: none !important; border-radius: 12px !important; z-index: 24110 !important; box-sizing: border-box !important"
"2080","#remakeFactorPage.cleanRemakeV6230 .remakeFilterBarV6230","@media (max-width:1279px)","RemakeResponsiveStyles.html","460","remakeResponsiveV6382Styles","17","5","false","1-2-0","Remake","1","display: none !important"
"2081","body.remakeCompactFiltersOpenV6382 #remakeFactorPage.cleanRemakeV6230 .remakeFilterBarV6230","@media (max-width:1279px)","RemakeResponsiveStyles.html","464","remakeResponsiveV6382Styles","17","5","false","1-3-1","Remake","20","position: fixed !important; left: 8px !important; right: 8px !important; top: var(--remakeCompactPanelTopV6382,104px) !important; z-index: 24080 !important; display: grid !important; grid-template-columns: repeat(2,minmax(0,1fr)) !important; gap: 8px !important; width: auto !important; max-width: none !important; min-width: 0 !important; max-height: calc(100vh - var(--remakeCompactPanelTopV6382,104px) - 8px) !important; margin: 0 !important; padding: 10px !important; overflow: auto !important; border: 1px solid #cbd5df !important; border-radius: 12px !important; background: #fff !important; box-shadow: 0 18px 38px rgba(16,24,40,.24) !important; box-sizing: border-box !important"
"2082","body.remakeCompactFiltersOpenV6382 #remakeFactorPage.cleanRemakeV6230 .remakeFilter","@media (max-width:1279px)","RemakeResponsiveStyles.html","487","remakeResponsiveV6382Styles","17","5","false","1-3-1","Remake","12","width: 100% !important; max-width: 100% !important; min-width: 0 !important; min-height: 0 !important; margin: 0 !important; padding: 8px !important; overflow: visible !important; border: 1px solid #e1e6ee !important; border-radius: 9px !important; background: #fff !important; box-shadow: none !important; box-sizing: border-box !important"
"2083","body.remakeCompactFiltersOpenV6382 #remakeFactorPage.cleanRemakeV6230 .remakeFilter label","@media (max-width:1279px)","RemakeResponsiveStyles.html","502","remakeResponsiveV6382Styles","17","5","false","1-3-2","Remake","13","position: static !important; display: block !important; width: auto !important; height: auto !important; margin: 0 0 5px !important; padding: 0 !important; overflow: visible !important; clip: auto !important; white-space: normal !important; color: #667085 !important; font: 900 9px/1 Roboto,Arial,sans-serif !important; letter-spacing: .05em !important; text-transform: uppercase !important"
"2084","body.remakeCompactFiltersOpenV6382 #remakeFactorPage.cleanRemakeV6230 .remakeDropdownButtonV6245","@media (max-width:1279px)","RemakeResponsiveStyles.html","518","remakeResponsiveV6382Styles","17","5","false","1-3-1","Remake","11","width: 100% !important; max-width: 100% !important; min-height: 40px !important; height: 40px !important; padding: 0 30px 0 9px !important; border: 1px solid #cbd5df !important; border-radius: 8px !important; background: #fff !important; color: #202124 !important; font: 800 12px/1 Roboto,Arial,sans-serif !important; box-sizing: border-box !important"
"2085","#remakeFactorPage.cleanRemakeV6230 .remakeDropdownPanelV6245","@media (max-width:1279px)","RemakeResponsiveStyles.html","532","remakeResponsiveV6382Styles","17","5","false","1-2-0","Remake","12","position: fixed !important; left: 8px !important; right: 8px !important; top: var(--remakeCompactPanelTopV6382,104px) !important; bottom: 8px !important; width: auto !important; min-width: 0 !important; max-width: none !important; max-height: none !important; border-radius: 12px !important; z-index: 24130 !important; box-sizing: border-box !important"
"2086","#remakeFactorPage.cleanRemakeV6230 .remakeDropdownListV6245","@media (max-width:1279px)","RemakeResponsiveStyles.html","547","remakeResponsiveV6382Styles","17","5","false","1-2-0","Remake","2","max-height: calc(100vh - var(--remakeCompactPanelTopV6382,104px) - 126px) !important; overflow-y: auto !important"
"2087","#remakeFactorPage.cleanRemakeV6230 .remakeDropdownRowV6245","@media (max-width:1279px)","RemakeResponsiveStyles.html","552","remakeResponsiveV6382Styles","17","5","false","1-2-0","Remake","2","min-height: 42px !important; padding: 8px 9px !important"
"2088","#remakeViewsPanelV6382","@media (max-width:1279px)","RemakeResponsiveStyles.html","557","remakeResponsiveV6382Styles","17","5","false","1-0-0","Remake","5","left: 8px !important; right: 8px !important; top: var(--remakeCompactPanelTopV6382,104px) !important; width: auto !important; max-height: calc(100vh - var(--remakeCompactPanelTopV6382,104px) - 8px) !important"
"2089","#remakeFactorPage.cleanRemakeV6230 .remakePillsV6230:empty","@media (max-width:1279px)","RemakeResponsiveStyles.html","565","remakeResponsiveV6382Styles","17","5","false","1-3-0","Remake","1","display: none !important"
"2090","#remakeFactorPage.cleanRemakeV6230 #remakeNotice:empty","@media (max-width:1279px)","RemakeResponsiveStyles.html","565","remakeResponsiveV6382Styles","17","5","false","2-2-0","Remake","1","display: none !important"
"2091","#remakeFactorPage.cleanRemakeV6230 .remakePillsV6230:not(:empty)","@media (max-width:1279px)","RemakeResponsiveStyles.html","570","remakeResponsiveV6382Styles","17","5","false","1-3-0","Remake","9","display: flex !important; flex-wrap: nowrap !important; width: 100% !important; min-width: 0 !important; margin: 0 !important; padding: 0 0 3px !important; gap: 6px !important; overflow-x: auto !important; overflow-y: hidden !important; -webkit-overflow-scrolling: touch; scrollbar-width: thin"
"2092","#remakeFactorPage.cleanRemakeV6230 .remakePillV6230","@media (max-width:1279px)","RemakeResponsiveStyles.html","584","remakeResponsiveV6382Styles","17","5","false","1-2-0","Remake","3","flex: 0 0 auto !important; min-height: 34px !important; font-size: 10px !important"
"2093","#remakeFactorPage.cleanRemakeV6230 .remakeClearAllV6230","@media (max-width:1279px)","RemakeResponsiveStyles.html","584","remakeResponsiveV6382Styles","17","5","false","1-2-0","Remake","3","flex: 0 0 auto !important; min-height: 34px !important; font-size: 10px !important"
"2094","#remakeFactorPage.cleanRemakeV6230 .remakeKpisV6230","@media (max-width:1279px)","RemakeResponsiveStyles.html","591","remakeResponsiveV6382Styles","17","5","false","1-2-0","Remake","12","display: grid !important; grid-template-columns: repeat(2,minmax(0,1fr)) !important; grid-auto-flow: row !important; grid-auto-columns: auto !important; width: 100% !important; max-width: 100% !important; min-width: 0 !important; gap: 8px !important; margin: 0 !important; padding: 0 !important; overflow: visible !important; box-sizing: border-box !important"
"2095","#remakeFactorPage.cleanRemakeV6230 .remakeKpi","@media (max-width:1279px)","RemakeResponsiveStyles.html","606","remakeResponsiveV6382Styles","17","5","false","1-2-0","Remake","7","width: auto !important; max-width: 100% !important; min-width: 0 !important; min-height: 88px !important; padding: 10px !important; border-radius: 10px !important; box-sizing: border-box !important"
"2096","#remakeFactorPage.cleanRemakeV6230 .remakeKpisV6230 > .remakeKpi:last-of-type","@media (max-width:1279px)","RemakeResponsiveStyles.html","616","remakeResponsiveV6382Styles","17","5","false","1-4-0","Remake","1","grid-column: 1 / -1 !important"
"2097","#remakeFactorPage.cleanRemakeV6230 .remakeKpi .label","@media (max-width:1279px)","RemakeResponsiveStyles.html","620","remakeResponsiveV6382Styles","17","5","false","1-3-0","Remake","4","margin-bottom: 6px !important; font-size: 10px !important; line-height: 1.15 !important; white-space: normal !important"
"2098","#remakeFactorPage.cleanRemakeV6230 .remakeKpi .value","@media (max-width:1279px)","RemakeResponsiveStyles.html","627","remakeResponsiveV6382Styles","17","5","false","1-3-0","Remake","3","font-size: clamp(21px,5.2vw,27px) !important; line-height: 1.05 !important; overflow-wrap: anywhere !important"
"2099","#remakeFactorPage.cleanRemakeV6230 .remakeKpi .sub","@media (max-width:1279px)","RemakeResponsiveStyles.html","633","remakeResponsiveV6382Styles","17","5","false","1-3-0","Remake","7","min-height: 14px !important; margin-top: 5px !important; gap: 4px !important; font-size: 10px !important; line-height: 1.2 !important; white-space: normal !important; flex-wrap: wrap !important"
"2100","#remakeFactorPage.cleanRemakeV6230 .remakeKpiControlsV6279","@media (max-width:1279px)","RemakeResponsiveStyles.html","643","remakeResponsiveV6382Styles","17","5","false","1-2-0","Remake","5","grid-column: 1 / -1 !important; width: 100% !important; min-width: 0 !important; align-items: flex-start !important; text-align: left !important"
"2101","#remakeFactorPage.cleanRemakeV6230 .remakeGridV6230","@media (max-width:1279px)","RemakeResponsiveStyles.html","651","remakeResponsiveV6382Styles","17","5","false","1-2-0","Remake","8","display: grid !important; grid-template-columns: minmax(0,1fr) !important; width: 100% !important; max-width: 100% !important; min-width: 0 !important; margin: 0 !important; gap: 10px !important; box-sizing: border-box !important"
"2102","#remakeFactorPage.cleanRemakeV6230 .remakeCustomerSplitV6230","@media (max-width:1279px)","RemakeResponsiveStyles.html","651","remakeResponsiveV6382Styles","17","5","false","1-2-0","Remake","8","display: grid !important; grid-template-columns: minmax(0,1fr) !important; width: 100% !important; max-width: 100% !important; min-width: 0 !important; margin: 0 !important; gap: 10px !important; box-sizing: border-box !important"
"2103","#remakeFactorPage.cleanRemakeV6230 .ceramistWorkspaceV6343","@media (max-width:1279px)","RemakeResponsiveStyles.html","651","remakeResponsiveV6382Styles","17","5","false","1-2-0","Remake","8","display: grid !important; grid-template-columns: minmax(0,1fr) !important; width: 100% !important; max-width: 100% !important; min-width: 0 !important; margin: 0 !important; gap: 10px !important; box-sizing: border-box !important"
"2104","#remakeFactorPage.cleanRemakeV6230 .remakeCard","@media (max-width:1279px)","RemakeResponsiveStyles.html","664","remakeResponsiveV6382Styles","17","5","false","1-2-0","Remake","7","width: 100% !important; max-width: 100% !important; min-width: 0 !important; margin: 0 !important; border-radius: 10px !important; overflow: hidden !important; box-sizing: border-box !important"
"2105","#remakeFactorPage.cleanRemakeV6230 .ceramistPanelV6343","@media (max-width:1279px)","RemakeResponsiveStyles.html","664","remakeResponsiveV6382Styles","17","5","false","1-2-0","Remake","7","width: 100% !important; max-width: 100% !important; min-width: 0 !important; margin: 0 !important; border-radius: 10px !important; overflow: hidden !important; box-sizing: border-box !important"
"2106","#remakeFactorPage.cleanRemakeV6230 .remakeCardHeader","@media (max-width:1279px)","RemakeResponsiveStyles.html","675","remakeResponsiveV6382Styles","17","5","false","1-2-0","Remake","7","display: flex !important; align-items: flex-start !important; justify-content: space-between !important; flex-wrap: wrap !important; gap: 7px !important; min-height: 0 !important; padding: 9px 10px !important"
"2107","#remakeFactorPage.cleanRemakeV6230 .remakeCardTitle","@media (max-width:1279px)","RemakeResponsiveStyles.html","685","remakeResponsiveV6382Styles","17","5","false","1-2-0","Remake","4","min-width: 0 !important; font-size: 13px !important; line-height: 1.25 !important; white-space: normal !important"
"2108","#remakeFactorPage.cleanRemakeV6230 .remakeCardActionsV6230","@media (max-width:1279px)","RemakeResponsiveStyles.html","692","remakeResponsiveV6382Styles","17","5","false","1-2-0","Remake","8","display: flex !important; flex-wrap: nowrap !important; width: auto !important; max-width: 100% !important; min-width: 0 !important; gap: 6px !important; overflow-x: auto !important; overflow-y: hidden !important; -webkit-overflow-scrolling: touch; scrollbar-width: thin"
"2109","#remakeFactorPage.cleanRemakeV6230 .remakeChartModeBarV6230","@media (max-width:1279px)","RemakeResponsiveStyles.html","692","remakeResponsiveV6382Styles","17","5","false","1-2-0","Remake","8","display: flex !important; flex-wrap: nowrap !important; width: auto !important; max-width: 100% !important; min-width: 0 !important; gap: 6px !important; overflow-x: auto !important; overflow-y: hidden !important; -webkit-overflow-scrolling: touch; scrollbar-width: thin"
"2110","#remakeFactorPage.cleanRemakeV6230 .ceramistBreakdownBarV6343","@media (max-width:1279px)","RemakeResponsiveStyles.html","692","remakeResponsiveV6382Styles","17","5","false","1-2-0","Remake","8","display: flex !important; flex-wrap: nowrap !important; width: auto !important; max-width: 100% !important; min-width: 0 !important; gap: 6px !important; overflow-x: auto !important; overflow-y: hidden !important; -webkit-overflow-scrolling: touch; scrollbar-width: thin"
"2111","#remakeFactorPage.cleanRemakeV6230 .ceramistFlagBarV6342","@media (max-width:1279px)","RemakeResponsiveStyles.html","692","remakeResponsiveV6382Styles","17","5","false","1-2-0","Remake","8","display: flex !important; flex-wrap: nowrap !important; width: auto !important; max-width: 100% !important; min-width: 0 !important; gap: 6px !important; overflow-x: auto !important; overflow-y: hidden !important; -webkit-overflow-scrolling: touch; scrollbar-width: thin"
"2112","#remakeFactorPage.cleanRemakeV6230 .remakeCardActionsV6230 button","@media (max-width:1279px)","RemakeResponsiveStyles.html","708","remakeResponsiveV6382Styles","17","5","false","1-2-1","Remake","3","flex: 0 0 auto !important; min-height: 36px !important; white-space: nowrap !important"
"2113","#remakeFactorPage.cleanRemakeV6230 .remakeChartModeBarV6230 button","@media (max-width:1279px)","RemakeResponsiveStyles.html","708","remakeResponsiveV6382Styles","17","5","false","1-2-1","Remake","3","flex: 0 0 auto !important; min-height: 36px !important; white-space: nowrap !important"
"2114","#remakeFactorPage.cleanRemakeV6230 .ceramistBreakdownBarV6343 button","@media (max-width:1279px)","RemakeResponsiveStyles.html","708","remakeResponsiveV6382Styles","17","5","false","1-2-1","Remake","3","flex: 0 0 auto !important; min-height: 36px !important; white-space: nowrap !important"
"2115","#remakeFactorPage.cleanRemakeV6230 .ceramistFlagBarV6342 button","@media (max-width:1279px)","RemakeResponsiveStyles.html","708","remakeResponsiveV6382Styles","17","5","false","1-2-1","Remake","3","flex: 0 0 auto !important; min-height: 36px !important; white-space: nowrap !important"
"2116","#remakeFactorPage.cleanRemakeV6230 .remakeChartBoxV6230","@media (max-width:1279px)","RemakeResponsiveStyles.html","717","remakeResponsiveV6382Styles","17","5","false","1-2-0","Remake","8","width: 100% !important; max-width: 100% !important; min-width: 0 !important; height: clamp(290px,72vw,390px) !important; min-height: 290px !important; padding: 8px !important; overflow: hidden !important; box-sizing: border-box !important"
"2117","#remakeFactorPage.cleanRemakeV6230 .remakeTrendCanvasWrapV6230","@media (max-width:1279px)","RemakeResponsiveStyles.html","717","remakeResponsiveV6382Styles","17","5","false","1-2-0","Remake","8","width: 100% !important; max-width: 100% !important; min-width: 0 !important; height: clamp(290px,72vw,390px) !important; min-height: 290px !important; padding: 8px !important; overflow: hidden !important; box-sizing: border-box !important"
"2118","#remakeFactorPage.cleanRemakeV6230 .remakeOverviewChartBox","@media (max-width:1279px)","RemakeResponsiveStyles.html","717","remakeResponsiveV6382Styles","17","5","false","1-2-0","Remake","8","width: 100% !important; max-width: 100% !important; min-width: 0 !important; height: clamp(290px,72vw,390px) !important; min-height: 290px !important; padding: 8px !important; overflow: hidden !important; box-sizing: border-box !important"
"2119","#remakeFactorPage.cleanRemakeV6230 canvas","@media (max-width:1279px)","RemakeResponsiveStyles.html","730","remakeResponsiveV6382Styles","17","5","false","1-1-1","Remake","1","max-width: 100% !important"
"2120","#remakeFactorPage.cleanRemakeV6230 .remakeTableWrap","@media (max-width:1279px)","RemakeResponsiveStyles.html","734","remakeResponsiveV6382Styles","17","5","false","1-2-0","Remake","12","display: block !important; width: 100% !important; max-width: 100% !important; min-width: 0 !important; height: auto !important; min-height: 0 !important; max-height: min(62vh,520px) !important; overflow-x: auto !important; overflow-y: auto !important; -webkit-overflow-scrolling: touch !important; scrollbar-gutter: stable !important; box-sizing: border-box !important"
"2121","#remakeFactorPage.cleanRemakeV6230 .remakeDepartmentTableWrapV6230","@media (max-width:1279px)","RemakeResponsiveStyles.html","734","remakeResponsiveV6382Styles","17","5","false","1-2-0","Remake","12","display: block !important; width: 100% !important; max-width: 100% !important; min-width: 0 !important; height: auto !important; min-height: 0 !important; max-height: min(62vh,520px) !important; overflow-x: auto !important; overflow-y: auto !important; -webkit-overflow-scrolling: touch !important; scrollbar-gutter: stable !important; box-sizing: border-box !important"
"2122","#remakeFactorPage.cleanRemakeV6230 .remakeProductTableWrapV6230","@media (max-width:1279px)","RemakeResponsiveStyles.html","734","remakeResponsiveV6382Styles","17","5","false","1-2-0","Remake","12","display: block !important; width: 100% !important; max-width: 100% !important; min-width: 0 !important; height: auto !important; min-height: 0 !important; max-height: min(62vh,520px) !important; overflow-x: auto !important; overflow-y: auto !important; -webkit-overflow-scrolling: touch !important; scrollbar-gutter: stable !important; box-sizing: border-box !important"
"2123","#remakeFactorPage.cleanRemakeV6230 .remakeCustomerTableWrapV6230","@media (max-width:1279px)","RemakeResponsiveStyles.html","734","remakeResponsiveV6382Styles","17","5","false","1-2-0","Remake","12","display: block !important; width: 100% !important; max-width: 100% !important; min-width: 0 !important; height: auto !important; min-height: 0 !important; max-height: min(62vh,520px) !important; overflow-x: auto !important; overflow-y: auto !important; -webkit-overflow-scrolling: touch !important; scrollbar-gutter: stable !important; box-sizing: border-box !important"
"2124","#remakeFactorPage.cleanRemakeV6230 .ceramistPreviewTableWrapV6342","@media (max-width:1279px)","RemakeResponsiveStyles.html","734","remakeResponsiveV6382Styles","17","5","false","1-2-0","Remake","12","display: block !important; width: 100% !important; max-width: 100% !important; min-width: 0 !important; height: auto !important; min-height: 0 !important; max-height: min(62vh,520px) !important; overflow-x: auto !important; overflow-y: auto !important; -webkit-overflow-scrolling: touch !important; scrollbar-gutter: stable !important; box-sizing: border-box !important"
"2125","#remakeFactorPage.cleanRemakeV6230 .remakeTable","@media (max-width:1279px)","RemakeResponsiveStyles.html","753","remakeResponsiveV6382Styles","17","5","false","1-2-0","Remake","4","width: max-content !important; min-width: 780px !important; max-width: none !important; table-layout: auto !important"
"2126","#remakeFactorPage.cleanRemakeV6230 #remakeCeramistTableV6342","@media (max-width:1279px)","RemakeResponsiveStyles.html","760","remakeResponsiveV6382Styles","17","5","false","2-1-0","Remake","1","min-width: 690px !important"
"2127","#remakeFactorPage.cleanRemakeV6230 #remakeCeramistDetailTableV6343","@media (max-width:1279px)","RemakeResponsiveStyles.html","764","remakeResponsiveV6382Styles","17","5","false","2-1-0","Remake","1","min-width: 760px !important"
"2128","#remakeFactorPage.cleanRemakeV6230 .remakeTable th","@media (max-width:1279px)","RemakeResponsiveStyles.html","768","remakeResponsiveV6382Styles","17","5","false","1-2-1","Remake","5","min-width: 78px !important; padding: 7px 8px !important; font-size: 10.5px !important; line-height: 1.25 !important; white-space: nowrap !important"
"2129","#remakeFactorPage.cleanRemakeV6230 .remakeTable td","@media (max-width:1279px)","RemakeResponsiveStyles.html","768","remakeResponsiveV6382Styles","17","5","false","1-2-1","Remake","5","min-width: 78px !important; padding: 7px 8px !important; font-size: 10.5px !important; line-height: 1.25 !important; white-space: nowrap !important"
"2130","#remakeFactorPage.cleanRemakeV6230 .remakeTable th:first-child","@media (max-width:1279px)","RemakeResponsiveStyles.html","777","remakeResponsiveV6382Styles","17","5","false","1-3-1","Remake","5","position: sticky !important; left: 0 !important; min-width: 170px !important; max-width: 230px !important; z-index: 3 !important"
"2131","#remakeFactorPage.cleanRemakeV6230 .remakeTable td:first-child","@media (max-width:1279px)","RemakeResponsiveStyles.html","777","remakeResponsiveV6382Styles","17","5","false","1-3-1","Remake","5","position: sticky !important; left: 0 !important; min-width: 170px !important; max-width: 230px !important; z-index: 3 !important"
"2132","#remakeFactorPage.cleanRemakeV6230 .remakeTable thead th:first-child","@media (max-width:1279px)","RemakeResponsiveStyles.html","786","remakeResponsiveV6382Styles","17","5","false","1-3-2","Remake","2","z-index: 5 !important; background: #203038 !important"
"2133","#remakeFactorPage.cleanRemakeV6230 .remakeTable tbody tr:nth-child(odd) td:first-child","@media (max-width:1279px)","RemakeResponsiveStyles.html","791","remakeResponsiveV6382Styles","17","5","false","1-4-3","Remake","1","background: #fff !important"
"2134","#remakeFactorPage.cleanRemakeV6230 .remakeTable tbody tr:nth-child(even) td:first-child","@media (max-width:1279px)","RemakeResponsiveStyles.html","795","remakeResponsiveV6382Styles","17","5","false","1-4-3","Remake","1","background: #fafafa !important"
"2135","#remakeFactorPage.cleanRemakeV6230 .remakePageFooterV6338","@media (max-width:1279px)","RemakeResponsiveStyles.html","799","remakeResponsiveV6382Styles","17","5","false","1-2-0","Remake","8","display: flex !important; flex-direction: column !important; align-items: flex-start !important; gap: 6px !important; width: 100% !important; min-width: 0 !important; padding: 10px !important; box-sizing: border-box !important"
"2136","#remakeFactorPage.cleanRemakeV6230 .remakeCacheActionBarV6338","@media (max-width:1279px)","RemakeResponsiveStyles.html","810","remakeResponsiveV6382Styles","17","5","false","1-2-0","Remake","1","display: none !important"
"2137","#remakeFactorPage.cleanRemakeV6230 .remakeFooterStampV6338","@media (max-width:1279px)","RemakeResponsiveStyles.html","814","remakeResponsiveV6382Styles","17","5","false","1-2-0","Remake","7","width: 100% !important; min-width: 0 !important; margin: 0 !important; text-align: left !important; white-space: normal !important; overflow-wrap: anywhere !important; font-size: 9.5px !important"
"2138","body.remakeCompactActiveV6382 #remakeCompactToolbarV6382","@media (max-width:600px)","RemakeResponsiveStyles.html","826","remakeResponsiveV6382Styles","17","5","false","1-1-1","Remake","5","grid-template-columns: minmax(78px,1fr) repeat(5,38px) !important; gap: 3px !important; min-height: 50px !important; padding-left: 5px !important; padding-right: 5px !important"
"2139","#remakeCompactToolbarV6382 .remakeCompactToolV6382","@media (max-width:600px)","RemakeResponsiveStyles.html","834","remakeResponsiveV6382Styles","17","5","false","1-1-0","Remake","4","width: 38px !important; min-width: 38px !important; height: 38px !important; min-height: 38px !important"
"2140","body.remakeCompactFiltersOpenV6382 #remakeFactorPage.cleanRemakeV6230 .remakeFilterBarV6230","@media (max-width:600px)","RemakeResponsiveStyles.html","841","remakeResponsiveV6382Styles","17","5","false","1-3-1","Remake","1","grid-template-columns: minmax(0,1fr) !important"
"2141",".remakeViewDefaultsV6382","@media (max-width:600px)","RemakeResponsiveStyles.html","845","remakeResponsiveV6382Styles","17","5","false","0-1-0","Remake","0","grid-template-columns: minmax(0,1fr)"
"2142",".remakeViewRowV6382","@media (max-width:600px)","RemakeResponsiveStyles.html","849","remakeResponsiveV6382Styles","17","5","false","0-1-0","Remake","0","grid-template-columns: minmax(0,1fr) repeat(3,36px)"
"2143",".remakeViewActionV6382","@media (max-width:600px)","RemakeResponsiveStyles.html","853","remakeResponsiveV6382Styles","17","5","false","0-1-0","Remake","0","width: 36px; min-width: 36px; padding: 0; font-size: 10px"
"2144","#remakeCompactToolbarV6382 .remakeCompactToolV6382 svg","","Index.html","2785","remakeCompactControlsAndTableGeometryV6384","18","0","false","1-1-1","Remake","11","display: block !important; flex: 0 0 18px !important; width: 18px !important; height: 18px !important; fill: none !important; stroke: currentColor !important; stroke-width: 2 !important; stroke-linecap: round !important; stroke-linejoin: round !important; overflow: visible !important; pointer-events: none !important"
"2145","#remakeTabFilterHostV6337 #remakeTabViewsV6382 svg","","Index.html","2785","remakeCompactControlsAndTableGeometryV6384","18","0","false","2-0-1","Remake","11","display: block !important; flex: 0 0 18px !important; width: 18px !important; height: 18px !important; fill: none !important; stroke: currentColor !important; stroke-width: 2 !important; stroke-linecap: round !important; stroke-linejoin: round !important; overflow: visible !important; pointer-events: none !important"
"2146","#remakeTabFilterHostV6337:not([hidden]) #remakeTabViewsV6382","@media (min-width:1280px)","Index.html","2801","remakeCompactControlsAndTableGeometryV6384","18","0","false","2-1-0","Remake","11","display: inline-flex !important; flex: 0 0 32px !important; align-items: center !important; justify-content: center !important; width: 32px !important; min-width: 32px !important; max-width: 32px !important; height: 32px !important; min-height: 32px !important; padding: 0 !important; overflow: visible !important"
"2147","body.remakeCompactActiveV6382 #remakeCompactToolbarV6382","@media (max-width:1279px)","Index.html","2817","remakeCompactControlsAndTableGeometryV6384","18","0","false","1-1-1","Remake","14","display: flex !important; visibility: visible !important; opacity: 1 !important; pointer-events: auto !important; align-items: center !important; flex-wrap: nowrap !important; gap: 4px !important; width: 100% !important; max-width: 100% !important; min-width: 0 !important; padding-left: max(6px,env(safe-area-inset-left)) !important; padding-right: max(6px,env(safe-area-inset-right)) !important; overflow: visible !important; box-sizing: border-box !important"
"2148","body.remakeCompactActiveV6382 #remakeCompactToolbarV6382 .remakeCompactFiltersV6382","@media (max-width:1279px)","Index.html","2834","remakeCompactControlsAndTableGeometryV6384","18","0","false","1-2-1","Remake","13","display: inline-flex !important; flex: 1 1 auto !important; width: auto !important; min-width: 104px !important; max-width: none !important; height: 40px !important; padding: 0 10px !important; justify-content: flex-start !important; gap: 7px !important; overflow: visible !important; text-overflow: clip !important; white-space: nowrap !important; box-sizing: border-box !important"
"2149","body.remakeCompactActiveV6382 #remakeCompactToolbarV6382 .remakeCompactFiltersV6382 > span:first-child","@media (max-width:1279px)","Index.html","2850","remakeCompactControlsAndTableGeometryV6384","18","0","false","1-3-2","Remake","4","display: block !important; flex: 0 0 auto !important; min-width: 38px !important; overflow: visible !important"
"2150","body.remakeCompactActiveV6382 #remakeCompactToolbarV6382 .remakeCompactFiltersV6382 .remakeCompactFilterCountV6382","@media (max-width:1279px)","Index.html","2857","remakeCompactControlsAndTableGeometryV6384","18","0","false","1-3-1","Remake","2","flex: 0 0 auto !important; margin-left: auto !important"
"2151","body.remakeCompactActiveV6382 #remakeCompactToolbarV6382 .remakeCompactFiltersV6382 svg","@media (max-width:1279px)","Index.html","2862","remakeCompactControlsAndTableGeometryV6384","18","0","false","1-2-2","Remake","3","flex: 0 0 17px !important; width: 17px !important; height: 17px !important"
"2152","body.remakeCompactActiveV6382 #remakeCompactToolbarV6382 .remakeCompactToolV6382:not(.remakeCompactFiltersV6382)","@media (max-width:1279px)","Index.html","2868","remakeCompactControlsAndTableGeometryV6384","18","0","false","1-3-1","Remake","7","flex: 0 0 40px !important; width: 40px !important; min-width: 40px !important; max-width: 40px !important; height: 40px !important; min-height: 40px !important; padding: 0 !important"
"2153","#remakeFactorPage.cleanRemakeV6230 .remakeTableWrap","@media (max-width:1279px)","Index.html","2878","remakeCompactControlsAndTableGeometryV6384","18","0","false","1-2-0","Remake","10","display: block !important; width: 100% !important; max-width: 100% !important; min-width: 0 !important; overflow-x: auto !important; overflow-y: auto !important; overscroll-behavior-x: contain !important; touch-action: pan-x pan-y !important; -webkit-overflow-scrolling: touch !important; box-sizing: border-box !important"
"2154","#remakeFactorPage.cleanRemakeV6230 .remakeDepartmentTableWrapV6230","@media (max-width:1279px)","Index.html","2878","remakeCompactControlsAndTableGeometryV6384","18","0","false","1-2-0","Remake","10","display: block !important; width: 100% !important; max-width: 100% !important; min-width: 0 !important; overflow-x: auto !important; overflow-y: auto !important; overscroll-behavior-x: contain !important; touch-action: pan-x pan-y !important; -webkit-overflow-scrolling: touch !important; box-sizing: border-box !important"
"2155","#remakeFactorPage.cleanRemakeV6230 .remakeProductTableWrapV6230","@media (max-width:1279px)","Index.html","2878","remakeCompactControlsAndTableGeometryV6384","18","0","false","1-2-0","Remake","10","display: block !important; width: 100% !important; max-width: 100% !important; min-width: 0 !important; overflow-x: auto !important; overflow-y: auto !important; overscroll-behavior-x: contain !important; touch-action: pan-x pan-y !important; -webkit-overflow-scrolling: touch !important; box-sizing: border-box !important"
"2156","#remakeFactorPage.cleanRemakeV6230 .remakeCustomerTableWrapV6230","@media (max-width:1279px)","Index.html","2878","remakeCompactControlsAndTableGeometryV6384","18","0","false","1-2-0","Remake","10","display: block !important; width: 100% !important; max-width: 100% !important; min-width: 0 !important; overflow-x: auto !important; overflow-y: auto !important; overscroll-behavior-x: contain !important; touch-action: pan-x pan-y !important; -webkit-overflow-scrolling: touch !important; box-sizing: border-box !important"
"2157","#remakeFactorPage.cleanRemakeV6230 .ceramistPreviewTableWrapV6342","@media (max-width:1279px)","Index.html","2878","remakeCompactControlsAndTableGeometryV6384","18","0","false","1-2-0","Remake","10","display: block !important; width: 100% !important; max-width: 100% !important; min-width: 0 !important; overflow-x: auto !important; overflow-y: auto !important; overscroll-behavior-x: contain !important; touch-action: pan-x pan-y !important; -webkit-overflow-scrolling: touch !important; box-sizing: border-box !important"
"2158","body.remakeCompactActiveV6382 #remakeFactorPage.cleanRemakeV6230 #remakeReasonTable:not(.compareColumnsV6301)","@media (max-width:1279px)","Index.html","2898","remakeCompactControlsAndTableGeometryV6384","18","0","false","2-3-1","Remake","4","display: table !important; max-width: none !important; table-layout: fixed !important; border-collapse: collapse !important"
"2159","body.remakeCompactActiveV6382 #remakeFactorPage.cleanRemakeV6230 #remakeDepartmentTable:not(.compareColumnsV6301)","@media (max-width:1279px)","Index.html","2898","remakeCompactControlsAndTableGeometryV6384","18","0","false","2-3-1","Remake","4","display: table !important; max-width: none !important; table-layout: fixed !important; border-collapse: collapse !important"
"2160","body.remakeCompactActiveV6382 #remakeFactorPage.cleanRemakeV6230 #remakeProductTable:not(.compareColumnsV6301)","@media (max-width:1279px)","Index.html","2898","remakeCompactControlsAndTableGeometryV6384","18","0","false","2-3-1","Remake","4","display: table !important; max-width: none !important; table-layout: fixed !important; border-collapse: collapse !important"
"2161","body.remakeCompactActiveV6382 #remakeFactorPage.cleanRemakeV6230 #remakeCustomerTable:not(.compareColumnsV6301)","@media (max-width:1279px)","Index.html","2898","remakeCompactControlsAndTableGeometryV6384","18","0","false","2-3-1","Remake","4","display: table !important; max-width: none !important; table-layout: fixed !important; border-collapse: collapse !important"
"2162","body.remakeCompactActiveV6382 #remakeFactorPage.cleanRemakeV6230 #remakeReasonTable:not(.compareColumnsV6301)","@media (max-width:1279px)","Index.html","2908","remakeCompactControlsAndTableGeometryV6384","18","0","false","2-3-1","Remake","2","width: 780px !important; min-width: 780px !important"
"2163","body.remakeCompactActiveV6382 #remakeFactorPage.cleanRemakeV6230 #remakeDepartmentTable:not(.compareColumnsV6301)","@media (max-width:1279px)","Index.html","2913","remakeCompactControlsAndTableGeometryV6384","18","0","false","2-3-1","Remake","2","width: 946px !important; min-width: 946px !important"
"2164","body.remakeCompactActiveV6382 #remakeFactorPage.cleanRemakeV6230 #remakeProductTable:not(.compareColumnsV6301)","@media (max-width:1279px)","Index.html","2918","remakeCompactControlsAndTableGeometryV6384","18","0","false","2-3-1","Remake","2","width: 1010px !important; min-width: 1010px !important"
"2165","body.remakeCompactActiveV6382 #remakeFactorPage.cleanRemakeV6230 #remakeCustomerTable:not(.compareColumnsV6301)","@media (max-width:1279px)","Index.html","2923","remakeCompactControlsAndTableGeometryV6384","18","0","false","2-3-1","Remake","2","width: 1030px !important; min-width: 1030px !important"
"2166","body.remakeCompactActiveV6382 #remakeFactorPage.cleanRemakeV6230 #remakeReasonTable:not(.compareColumnsV6301) th:first-child","@media (max-width:1279px)","Index.html","2928","remakeCompactControlsAndTableGeometryV6384","18","0","false","2-4-2","Remake","3","width: 220px !important; min-width: 220px !important; max-width: 220px !important"
"2167","body.remakeCompactActiveV6382 #remakeFactorPage.cleanRemakeV6230 #remakeReasonTable:not(.compareColumnsV6301) td:first-child","@media (max-width:1279px)","Index.html","2928","remakeCompactControlsAndTableGeometryV6384","18","0","false","2-4-2","Remake","3","width: 220px !important; min-width: 220px !important; max-width: 220px !important"
"2168","body.remakeCompactActiveV6382 #remakeFactorPage.cleanRemakeV6230 #remakeReasonTable:not(.compareColumnsV6301) th:not(:first-child)","@media (max-width:1279px)","Index.html","2935","remakeCompactControlsAndTableGeometryV6384","18","0","false","2-4-2","Remake","3","width: 112px !important; min-width: 112px !important; max-width: 112px !important"
"2169","body.remakeCompactActiveV6382 #remakeFactorPage.cleanRemakeV6230 #remakeReasonTable:not(.compareColumnsV6301) td:not(:first-child)","@media (max-width:1279px)","Index.html","2935","remakeCompactControlsAndTableGeometryV6384","18","0","false","2-4-2","Remake","3","width: 112px !important; min-width: 112px !important; max-width: 112px !important"
"2170","body.remakeCompactActiveV6382 #remakeFactorPage.cleanRemakeV6230 #remakeDepartmentTable:not(.compareColumnsV6301) th:first-child","@media (max-width:1279px)","Index.html","2942","remakeCompactControlsAndTableGeometryV6384","18","0","false","2-4-2","Remake","3","width: 190px !important; min-width: 190px !important; max-width: 190px !important"
"2171","body.remakeCompactActiveV6382 #remakeFactorPage.cleanRemakeV6230 #remakeDepartmentTable:not(.compareColumnsV6301) td:first-child","@media (max-width:1279px)","Index.html","2942","remakeCompactControlsAndTableGeometryV6384","18","0","false","2-4-2","Remake","3","width: 190px !important; min-width: 190px !important; max-width: 190px !important"
"2172","body.remakeCompactActiveV6382 #remakeFactorPage.cleanRemakeV6230 #remakeDepartmentTable:not(.compareColumnsV6301) th:not(:first-child)","@media (max-width:1279px)","Index.html","2949","remakeCompactControlsAndTableGeometryV6384","18","0","false","2-4-2","Remake","3","width: 108px !important; min-width: 108px !important; max-width: 108px !important"
"2173","body.remakeCompactActiveV6382 #remakeFactorPage.cleanRemakeV6230 #remakeDepartmentTable:not(.compareColumnsV6301) td:not(:first-child)","@media (max-width:1279px)","Index.html","2949","remakeCompactControlsAndTableGeometryV6384","18","0","false","2-4-2","Remake","3","width: 108px !important; min-width: 108px !important; max-width: 108px !important"
"2174","body.remakeCompactActiveV6382 #remakeFactorPage.cleanRemakeV6230 #remakeProductTable:not(.compareColumnsV6301) th:first-child","@media (max-width:1279px)","Index.html","2956","remakeCompactControlsAndTableGeometryV6384","18","0","false","2-4-2","Remake","3","width: 240px !important; min-width: 240px !important; max-width: 240px !important"
"2175","body.remakeCompactActiveV6382 #remakeFactorPage.cleanRemakeV6230 #remakeProductTable:not(.compareColumnsV6301) td:first-child","@media (max-width:1279px)","Index.html","2956","remakeCompactControlsAndTableGeometryV6384","18","0","false","2-4-2","Remake","3","width: 240px !important; min-width: 240px !important; max-width: 240px !important"
"2176","body.remakeCompactActiveV6382 #remakeFactorPage.cleanRemakeV6230 #remakeProductTable:not(.compareColumnsV6301) th:not(:first-child)","@media (max-width:1279px)","Index.html","2963","remakeCompactControlsAndTableGeometryV6384","18","0","false","2-4-2","Remake","3","width: 110px !important; min-width: 110px !important; max-width: 110px !important"
"2177","body.remakeCompactActiveV6382 #remakeFactorPage.cleanRemakeV6230 #remakeProductTable:not(.compareColumnsV6301) td:not(:first-child)","@media (max-width:1279px)","Index.html","2963","remakeCompactControlsAndTableGeometryV6384","18","0","false","2-4-2","Remake","3","width: 110px !important; min-width: 110px !important; max-width: 110px !important"
"2178","body.remakeCompactActiveV6382 #remakeFactorPage.cleanRemakeV6230 #remakeCustomerTable:not(.compareColumnsV6301) th:first-child","@media (max-width:1279px)","Index.html","2970","remakeCompactControlsAndTableGeometryV6384","18","0","false","2-4-2","Remake","3","width: 260px !important; min-width: 260px !important; max-width: 260px !important"
"2179","body.remakeCompactActiveV6382 #remakeFactorPage.cleanRemakeV6230 #remakeCustomerTable:not(.compareColumnsV6301) td:first-child","@media (max-width:1279px)","Index.html","2970","remakeCompactControlsAndTableGeometryV6384","18","0","false","2-4-2","Remake","3","width: 260px !important; min-width: 260px !important; max-width: 260px !important"
"2180","body.remakeCompactActiveV6382 #remakeFactorPage.cleanRemakeV6230 #remakeCustomerTable:not(.compareColumnsV6301) th:not(:first-child)","@media (max-width:1279px)","Index.html","2977","remakeCompactControlsAndTableGeometryV6384","18","0","false","2-4-2","Remake","3","width: 110px !important; min-width: 110px !important; max-width: 110px !important"
"2181","body.remakeCompactActiveV6382 #remakeFactorPage.cleanRemakeV6230 #remakeCustomerTable:not(.compareColumnsV6301) td:not(:first-child)","@media (max-width:1279px)","Index.html","2977","remakeCompactControlsAndTableGeometryV6384","18","0","false","2-4-2","Remake","3","width: 110px !important; min-width: 110px !important; max-width: 110px !important"
"2182","body.remakeCompactActiveV6382 #remakeFactorPage.cleanRemakeV6230 table.remakeTable.compareColumnsV6301","@media (max-width:1279px)","Index.html","2984","remakeCompactControlsAndTableGeometryV6384","18","0","false","1-4-2","Remake","5","display: table !important; width: max-content !important; min-width: 2140px !important; max-width: none !important; table-layout: fixed !important"
"2183","body.remakeCompactActiveV6382 #remakeFactorPage.cleanRemakeV6230 table.remakeTable.compareColumnsV6301 th:not(:first-child)","@media (max-width:1279px)","Index.html","2992","remakeCompactControlsAndTableGeometryV6384","18","0","false","1-5-3","Remake","3","width: 96px !important; min-width: 96px !important; max-width: 96px !important"
"2184","body.remakeCompactActiveV6382 #remakeFactorPage.cleanRemakeV6230 table.remakeTable.compareColumnsV6301 td:not(:first-child)","@media (max-width:1279px)","Index.html","2992","remakeCompactControlsAndTableGeometryV6384","18","0","false","1-5-3","Remake","3","width: 96px !important; min-width: 96px !important; max-width: 96px !important"
"2185","body.remakeCompactActiveV6382 #remakeFactorPage.cleanRemakeV6230 table.remakeTable.compareColumnsV6301 .deltaHeaderV6301","@media (max-width:1279px)","Index.html","2999","remakeCompactControlsAndTableGeometryV6384","18","0","false","1-5-2","Remake","3","width: 82px !important; min-width: 82px !important; max-width: 82px !important"
"2186","body.remakeCompactActiveV6382 #remakeFactorPage.cleanRemakeV6230 table.remakeTable.compareColumnsV6301 .deltaCellV6301","@media (max-width:1279px)","Index.html","2999","remakeCompactControlsAndTableGeometryV6384","18","0","false","1-5-2","Remake","3","width: 82px !important; min-width: 82px !important; max-width: 82px !important"
"2187","body.remakeCompactActiveV6382 #remakeCompactToolbarV6382","@media (max-width:420px)","Index.html","3008","remakeCompactControlsAndTableGeometryV6384","18","0","false","1-1-1","Remake","3","gap: 3px !important; padding-left: max(4px,env(safe-area-inset-left)) !important; padding-right: max(4px,env(safe-area-inset-right)) !important"
"2188","body.remakeCompactActiveV6382 #remakeCompactToolbarV6382 .remakeCompactFiltersV6382","@media (max-width:420px)","Index.html","3014","remakeCompactControlsAndTableGeometryV6384","18","0","false","1-2-1","Remake","5","flex: 1 1 auto !important; min-width: 100px !important; height: 38px !important; padding: 0 9px !important; justify-content: flex-start !important"
"2189","body.remakeCompactActiveV6382 #remakeCompactToolbarV6382 .remakeCompactFiltersV6382 svg","@media (max-width:420px)","Index.html","3022","remakeCompactControlsAndTableGeometryV6384","18","0","false","1-2-2","Remake","1","display: none !important"
"2190","body.remakeCompactActiveV6382 #remakeCompactToolbarV6382 .remakeCompactToolV6382:not(.remakeCompactFiltersV6382)","@media (max-width:420px)","Index.html","3026","remakeCompactControlsAndTableGeometryV6384","18","0","false","1-3-1","Remake","6","flex: 0 0 36px !important; width: 36px !important; min-width: 36px !important; max-width: 36px !important; height: 38px !important; min-height: 38px !important"
"2191","#remakeFactorPage.cleanRemakeV6230 .remakeDropdownHeaderV6245","","Index.html","3041","remakeDropdownSummaryV6387","19","0","false","1-2-0","Remake","8","display: grid !important; grid-template-columns: repeat(3, max-content) !important; justify-content: start !important; align-items: center !important; column-gap: 6px !important; row-gap: 7px !important; padding: 8px 9px !important; overflow: visible !important"
"2192","#remakeTabFilterHostV6337 .remakeDropdownHeaderV6245","","Index.html","3041","remakeDropdownSummaryV6387","19","0","false","1-1-0","Remake","8","display: grid !important; grid-template-columns: repeat(3, max-content) !important; justify-content: start !important; align-items: center !important; column-gap: 6px !important; row-gap: 7px !important; padding: 8px 9px !important; overflow: visible !important"
"2193","#remakeFactorPage.cleanRemakeV6230 .remakeDropdownHeaderV6245 button","","Index.html","3053","remakeDropdownSummaryV6387","19","0","false","1-2-1","Remake","2","min-width: 0 !important; max-width: none !important"
"2194","#remakeTabFilterHostV6337 .remakeDropdownHeaderV6245 button","","Index.html","3053","remakeDropdownSummaryV6387","19","0","false","1-1-1","Remake","2","min-width: 0 !important; max-width: none !important"
"2195","#remakeFactorPage.cleanRemakeV6230 .remakeDropdownCountV6245","","Index.html","3059","remakeDropdownSummaryV6387","19","0","false","1-2-0","Remake","13","grid-column: 1 / -1 !important; display: block !important; width: 100% !important; min-width: 0 !important; margin: 0 !important; padding: 7px 2px 1px !important; border-top: 1px solid #e5e7eb !important; color: #667085 !important; font: 800 11px/1.25 Roboto, Arial, sans-serif !important; white-space: normal !important; overflow: visible !important; text-overflow: clip !important; box-sizing: border-box !important"
"2196","#remakeTabFilterHostV6337 .remakeDropdownCountV6245","","Index.html","3059","remakeDropdownSummaryV6387","19","0","false","1-1-0","Remake","13","grid-column: 1 / -1 !important; display: block !important; width: 100% !important; min-width: 0 !important; margin: 0 !important; padding: 7px 2px 1px !important; border-top: 1px solid #e5e7eb !important; color: #667085 !important; font: 800 11px/1.25 Roboto, Arial, sans-serif !important; white-space: normal !important; overflow: visible !important; text-overflow: clip !important; box-sizing: border-box !important"
"2197","#remakeFactorPage.cleanRemakeV6230 .remakeDropdownHeaderV6245","@media (max-width: 430px)","Index.html","3077","remakeDropdownSummaryV6387","19","0","false","1-2-0","Remake","3","grid-template-columns: repeat(3, minmax(0, auto)) !important; column-gap: 5px !important; padding: 7px !important"
"2198","#remakeTabFilterHostV6337 .remakeDropdownHeaderV6245","@media (max-width: 430px)","Index.html","3077","remakeDropdownSummaryV6387","19","0","false","1-1-0","Remake","3","grid-template-columns: repeat(3, minmax(0, auto)) !important; column-gap: 5px !important; padding: 7px !important"
"2199","#remakeFactorPage.cleanRemakeV6230 .remakeDropdownHeaderV6245 button","@media (max-width: 430px)","Index.html","3084","remakeDropdownSummaryV6387","19","0","false","1-2-1","Remake","2","padding: 7px 9px !important; font-size: 11px !important"
"2200","#remakeTabFilterHostV6337 .remakeDropdownHeaderV6245 button","@media (max-width: 430px)","Index.html","3084","remakeDropdownSummaryV6387","19","0","false","1-1-1","Remake","2","padding: 7px 9px !important; font-size: 11px !important"
"2201","#remakeFactorPage.cleanRemakeV6230 #remakeCeramistTableV6342","","Index.html","3123","remakeV6392TechnicianLeftColumnWidths","20","0","false","2-1-0","Remake","3","table-layout: fixed !important; width: 100% !important; min-width: 0 !important"
"2202","#remakeFactorPage.cleanRemakeV6230 #remakeCeramistTableV6342 th:nth-child(1)","","Index.html","3129","remakeV6392TechnicianLeftColumnWidths","20","0","false","2-2-1","Remake","3","width: 28% !important; min-width: 0 !important; max-width: none !important"
"2203","#remakeFactorPage.cleanRemakeV6230 #remakeCeramistTableV6342 td:nth-child(1)","","Index.html","3129","remakeV6392TechnicianLeftColumnWidths","20","0","false","2-2-1","Remake","3","width: 28% !important; min-width: 0 !important; max-width: none !important"
"2204","#remakeFactorPage.cleanRemakeV6230 #remakeCeramistTableV6342 th:nth-child(2)","","Index.html","3136","remakeV6392TechnicianLeftColumnWidths","20","0","false","2-2-1","Remake","3","width: 13% !important; min-width: 0 !important; max-width: none !important"
"2205","#remakeFactorPage.cleanRemakeV6230 #remakeCeramistTableV6342 td:nth-child(2)","","Index.html","3136","remakeV6392TechnicianLeftColumnWidths","20","0","false","2-2-1","Remake","3","width: 13% !important; min-width: 0 !important; max-width: none !important"
"2206","#remakeFactorPage.cleanRemakeV6230 #remakeCeramistTableV6342 th:nth-child(3)","","Index.html","3143","remakeV6392TechnicianLeftColumnWidths","20","0","false","2-2-1","Remake","3","width: 14% !important; min-width: 0 !important; max-width: none !important"
"2207","#remakeFactorPage.cleanRemakeV6230 #remakeCeramistTableV6342 td:nth-child(3)","","Index.html","3143","remakeV6392TechnicianLeftColumnWidths","20","0","false","2-2-1","Remake","3","width: 14% !important; min-width: 0 !important; max-width: none !important"
"2208","#remakeFactorPage.cleanRemakeV6230 #remakeCeramistTableV6342 th:nth-child(4)","","Index.html","3150","remakeV6392TechnicianLeftColumnWidths","20","0","false","2-2-1","Remake","3","width: 13% !important; min-width: 0 !important; max-width: none !important"
"2209","#remakeFactorPage.cleanRemakeV6230 #remakeCeramistTableV6342 td:nth-child(4)","","Index.html","3150","remakeV6392TechnicianLeftColumnWidths","20","0","false","2-2-1","Remake","3","width: 13% !important; min-width: 0 !important; max-width: none !important"
"2210","#remakeFactorPage.cleanRemakeV6230 #remakeCeramistTableV6342 th:nth-child(5)","","Index.html","3157","remakeV6392TechnicianLeftColumnWidths","20","0","false","2-2-1","Remake","3","width: 15% !important; min-width: 0 !important; max-width: none !important"
"2211","#remakeFactorPage.cleanRemakeV6230 #remakeCeramistTableV6342 td:nth-child(5)","","Index.html","3157","remakeV6392TechnicianLeftColumnWidths","20","0","false","2-2-1","Remake","3","width: 15% !important; min-width: 0 !important; max-width: none !important"
"2212","#remakeFactorPage.cleanRemakeV6230 #remakeCeramistTableV6342 th:nth-child(6)","","Index.html","3164","remakeV6392TechnicianLeftColumnWidths","20","0","false","2-2-1","Remake","3","width: 17% !important; min-width: 0 !important; max-width: none !important"
"2213","#remakeFactorPage.cleanRemakeV6230 #remakeCeramistTableV6342 td:nth-child(6)","","Index.html","3164","remakeV6392TechnicianLeftColumnWidths","20","0","false","2-2-1","Remake","3","width: 17% !important; min-width: 0 !important; max-width: none !important"
"2214","#remakeFactorPage.cleanRemakeV6230 #remakeCeramistTableV6342 thead th","","Index.html","3171","remakeV6392TechnicianLeftColumnWidths","20","0","false","2-1-2","Remake","2","padding-left: 5px !important; padding-right: 14px !important"
"2215","#remakeFactorPage.cleanRemakeV6230 .remakeSectionToggleV6402","","Index.html","3184","remakeV6402PageReloadCollapseStyles","21","0","false","1-2-0","Remake","15","width: 22px !important; height: 22px !important; min-width: 22px !important; margin: -3px 0 -3px 4px !important; padding: 0 !important; display: inline-flex !important; align-items: center !important; justify-content: center !important; border: 0 !important; border-radius: 50% !important; background: transparent !important; color: #667085 !important; box-shadow: none !important; cursor: pointer !important; vertical-align: middle !important"
"2216","#remakeFactorPage.cleanRemakeV6230 .remakeSectionToggleV6402:hover","","Index.html","3202","remakeV6402PageReloadCollapseStyles","21","0","false","1-3-0","Remake","3","background: #f2f4f7 !important; color: #344054 !important; outline: none !important"
"2217","#remakeFactorPage.cleanRemakeV6230 .remakeSectionToggleV6402:focus-visible","","Index.html","3202","remakeV6402PageReloadCollapseStyles","21","0","false","1-3-0","Remake","3","background: #f2f4f7 !important; color: #344054 !important; outline: none !important"
"2218","#remakeFactorPage.cleanRemakeV6230 .remakeCardTitle[data-remake-section-title-v6408]","","Index.html","3211","remakeV6402PageReloadCollapseStyles","21","0","false","1-3-0","Remake","2","cursor: pointer !important; user-select: none !important"
"2219","#remakeFactorPage.cleanRemakeV6230 .remakeCardTitle[data-remake-section-title-v6408]:focus-visible","","Index.html","3216","remakeV6402PageReloadCollapseStyles","21","0","false","1-4-0","Remake","3","outline: 2px solid rgba(37,99,235,.35) !important; outline-offset: 3px !important; border-radius: 4px !important"
"2220","#remakeFactorPage.cleanRemakeV6230 .remakeSectionChevronV6402","","Index.html","3222","remakeV6402PageReloadCollapseStyles","21","0","false","1-2-0","Remake","6","display: inline-block !important; width: 12px !important; font-size: 12px !important; line-height: 1 !important; transform: rotate(0deg); transform-origin: center !important; transition: transform .10s ease !important"
"2221","#remakeFactorPage.cleanRemakeV6230 .remakeSectionCollapsedV6402","","Index.html","3232","remakeV6402PageReloadCollapseStyles","21","0","false","1-2-0","Remake","4","height: auto !important; min-height: 0 !important; max-height: none !important; overflow: visible !important"
"2222","#remakeFactorPage.cleanRemakeV6230 #remakeCustomerCardV6230.remakeSectionCollapsedV6402","","Index.html","3239","remakeV6402PageReloadCollapseStyles","21","0","false","2-2-0","Remake","3","height: auto !important; min-height: 0 !important; max-height: none !important"
"2223","#remakeFactorPage.cleanRemakeV6230 #remakeCeramistCardV6342.remakeSectionCollapsedV6402","","Index.html","3239","remakeV6402PageReloadCollapseStyles","21","0","false","2-2-0","Remake","3","height: auto !important; min-height: 0 !important; max-height: none !important"
"2224","#remakeFactorPage.cleanRemakeV6230 .remakeSectionCollapsedV6402 > :not(.remakeCardHeader)","","Index.html","3246","remakeV6402PageReloadCollapseStyles","21","0","false","1-3-0","Remake","1","display: none !important"
"2225","#remakeFactorPage.cleanRemakeV6230 .remakeSectionCollapsedV6402 > .remakeCardHeader","","Index.html","3250","remakeV6402PageReloadCollapseStyles","21","0","false","1-3-0","Remake","1","border-bottom: 0 !important"
"2226","#remakeFactorPage.cleanRemakeV6230 .remakeSectionCollapsedV6402 .remakeSectionChevronV6402","","Index.html","3254","remakeV6402PageReloadCollapseStyles","21","0","false","1-3-0","Remake","1","transform: rotate(-90deg) !important"
"2227","#remakeFactorPage.cleanRemakeV6230 .remakeSectionToggleV6402","@media (max-width: 760px)","Index.html","3259","remakeV6402PageReloadCollapseStyles","21","0","false","1-2-0","Remake","4","width: 24px !important; height: 24px !important; min-width: 24px !important; margin-left: 3px !important"
"2228","#remakeFactorPage.cleanRemakeV6230 .remakeKpiToolbarV6403","","Index.html","3513","remakeV6403KpiChooserStyles","22","0","false","1-2-0","Remake","5","display: flex !important; align-items: center !important; justify-content: flex-end !important; min-height: 26px !important; margin: 1px 0 5px !important"
"2229","#remakeFactorPage.cleanRemakeV6230 .remakeKpiChooserButtonV6403","","Index.html","3521","remakeV6403KpiChooserStyles","22","0","false","1-2-0","Remake","9","height: 25px !important; min-width: 52px !important; padding: 0 8px !important; border: 1px solid #cfd6df !important; border-radius: 999px !important; background: #fff !important; color: #475467 !important; font: 900 9.5px/1 Roboto, Arial, sans-serif !important; cursor: pointer !important"
"2230","#remakeFactorPage.cleanRemakeV6230 .remakeKpiChooserButtonV6403:hover","","Index.html","3533","remakeV6403KpiChooserStyles","22","0","false","1-3-0","Remake","3","background: #f8fafc !important; color: #202124 !important; outline: none !important"
"2231","#remakeFactorPage.cleanRemakeV6230 .remakeKpiChooserButtonV6403:focus-visible","","Index.html","3533","remakeV6403KpiChooserStyles","22","0","false","1-3-0","Remake","3","background: #f8fafc !important; color: #202124 !important; outline: none !important"
"2232","#remakeFactorPage.cleanRemakeV6230 .remakeKpiChooserButtonV6403.hasHiddenKpisV6403","","Index.html","3540","remakeV6403KpiChooserStyles","22","0","false","1-3-0","Remake","3","border-color: #f2c94c !important; background: #fff7d6 !important; color: #7a4a00 !important"
"2233","#remakeFactorPage.cleanRemakeV6230 .remakeKpisV6230","","Index.html","3546","remakeV6403KpiChooserStyles","22","0","false","1-2-0","Remake","2","justify-content: center !important; align-items: stretch !important"
"2234","#remakeFactorPage.cleanRemakeV6230 .remakeKpisV6230","@media (min-width: 1280px)","Index.html","3552","remakeV6403KpiChooserStyles","22","0","false","1-2-0","Remake","3","gap: 12px !important; padding: 0 12px 5px !important; box-sizing: border-box !important"
"2235","#remakeFactorPage.cleanRemakeV6230 .remakeKpi","@media (min-width: 1280px)","Index.html","3558","remakeV6403KpiChooserStyles","22","0","false","1-2-0","Remake","2","min-height: 78px !important; padding: 11px 14px !important"
"2236","#remakeFactorPage.cleanRemakeV6230 .remakeKpi .label","@media (min-width: 1280px)","Index.html","3563","remakeV6403KpiChooserStyles","22","0","false","1-3-0","Remake","1","margin-bottom: 6px !important"
"2237","#remakeFactorPage.cleanRemakeV6230 .remakeKpiHiddenV6403","","Index.html","3568","remakeV6403KpiChooserStyles","22","0","false","1-2-0","Remake","1","display: none !important"
"2238","#remakeFactorPage.cleanRemakeV6230 .remakeKpisAllHiddenV6403","","Index.html","3572","remakeV6403KpiChooserStyles","22","0","false","1-2-0","Remake","1","display: none !important"
"2239",".remakeKpiChooserPopoverV6403","","Index.html","3576","remakeV6403KpiChooserStyles","22","0","false","0-1-0","Remake","12","position: fixed !important; z-index: 2147483200 !important; width: 238px !important; max-width: calc(100vw - 20px) !important; box-sizing: border-box !important; padding: 9px !important; border: 1px solid #cfd6df !important; border-radius: 10px !important; background: #fff !important; box-shadow: 0 10px 28px rgba(16,24,40,.22) !important; color: #202124 !important; font-family: Roboto, Arial, sans-serif !important"
"2240",".remakeKpiChooserHeaderV6403","","Index.html","3591","remakeV6403KpiChooserStyles","22","0","false","0-1-0","Remake","6","display: flex !important; align-items: flex-start !important; justify-content: space-between !important; gap: 8px !important; padding: 1px 2px 7px !important; border-bottom: 1px solid #edf0f5 !important"
"2241",".remakeKpiChooserTitleV6403","","Index.html","3600","remakeV6403KpiChooserStyles","22","0","false","0-1-0","Remake","3","font-size: 12px !important; line-height: 1.2 !important; font-weight: 900 !important"
"2242",".remakeKpiChooserHintV6403","","Index.html","3606","remakeV6403KpiChooserStyles","22","0","false","0-1-0","Remake","5","margin-top: 2px !important; color: #667085 !important; font-size: 9.5px !important; line-height: 1.25 !important; font-weight: 700 !important"
"2243",".remakeKpiChooserCloseV6403","","Index.html","3614","remakeV6403KpiChooserStyles","22","0","false","0-1-0","Remake","10","width: 24px !important; height: 24px !important; padding: 0 !important; border: 0 !important; border-radius: 6px !important; background: #f2f4f7 !important; color: #475467 !important; font-size: 17px !important; line-height: 1 !important; cursor: pointer !important"
"2244",".remakeKpiChooserOptionsV6403","","Index.html","3627","remakeV6403KpiChooserStyles","22","0","false","0-1-0","Remake","1","padding: 7px 1px 2px !important"
"2245",".remakeKpiChooserOptionV6403","","Index.html","3631","remakeV6403KpiChooserStyles","22","0","false","0-1-0","Remake","11","display: flex !important; align-items: center !important; gap: 8px !important; min-height: 29px !important; padding: 3px 5px !important; border-radius: 6px !important; color: #344054 !important; font-size: 11px !important; line-height: 1.2 !important; font-weight: 700 !important; cursor: pointer !important"
"2246",".remakeKpiChooserOptionV6403:hover","","Index.html","3645","remakeV6403KpiChooserStyles","22","0","false","0-2-0","Remake","1","background: #f5f7fa !important"
"2247",".remakeKpiChooserOptionV6403 input","","Index.html","3649","remakeV6403KpiChooserStyles","22","0","false","0-1-1","Remake","5","width: 15px !important; height: 15px !important; margin: 0 !important; accent-color: #d89b00 !important; flex: 0 0 auto !important"
"2248",".remakeKpiChooserFooterV6403","","Index.html","3657","remakeV6403KpiChooserStyles","22","0","false","0-1-0","Remake","7","display: flex !important; align-items: center !important; justify-content: flex-end !important; gap: 6px !important; margin-top: 7px !important; padding-top: 8px !important; border-top: 1px solid #edf0f5 !important"
"2249",".remakeKpiChooserFooterV6403 button","","Index.html","3667","remakeV6403KpiChooserStyles","22","0","false","0-1-1","Remake","8","height: 27px !important; padding: 0 9px !important; border: 1px solid #cfd6df !important; border-radius: 7px !important; background: #fff !important; color: #344054 !important; font: 900 10px/1 Roboto, Arial, sans-serif !important; cursor: pointer !important"
"2250","#remakeFactorPage.cleanRemakeV6230 .remakeKpisV6230","@media (max-width: 760px)","Index.html","3679","remakeV6403KpiChooserStyles","22","0","false","1-2-0","Remake","1","grid-template-columns: repeat(auto-fit, minmax(132px, 1fr)) !important"
"2251","#remakeFactorPage.cleanRemakeV6230 .remakeKpiAreaV6406","","Index.html","3684","remakeV6403KpiChooserStyles","22","0","false","1-2-0","Remake","9","position: relative !important; width: 100% !important; min-width: 0 !important; margin: 0 !important; padding: 0 30px 4px 0 !important; background: transparent !important; border: 0 !important; box-shadow: none !important; box-sizing: border-box !important"
"2252","#remakeFactorPage.cleanRemakeV6230 .remakeKpiAreaV6406 .remakeKpiToolbarV6403","","Index.html","3696","remakeV6403KpiChooserStyles","22","0","false","1-3-0","Remake","12","position: absolute !important; top: 3px !important; right: 0 !important; z-index: 6 !important; display: flex !important; align-items: center !important; justify-content: center !important; width: 26px !important; min-height: 0 !important; height: 26px !important; margin: 0 !important; padding: 0 !important"
"2253","#remakeFactorPage.cleanRemakeV6230 .remakeKpiAreaV6406 .remakeKpiChooserButtonV6403","","Index.html","3711","remakeV6403KpiChooserStyles","22","0","false","1-3-0","Remake","14","position: relative !important; display: inline-flex !important; align-items: center !important; justify-content: center !important; width: 26px !important; min-width: 26px !important; height: 26px !important; padding: 0 0 3px !important; border: 1px solid transparent !important; border-radius: 50% !important; background: transparent !important; color: #667085 !important; font: 900 20px/1 Arial, sans-serif !important; letter-spacing: 0 !important"
"2254","#remakeFactorPage.cleanRemakeV6230 .remakeKpiAreaV6406 .remakeKpiChooserButtonV6403:hover","","Index.html","3728","remakeV6403KpiChooserStyles","22","0","false","1-4-0","Remake","4","border-color: #cfd6df !important; background: #fff !important; color: #202124 !important; box-shadow: 0 1px 3px rgba(20,32,42,.12) !important"
"2255","#remakeFactorPage.cleanRemakeV6230 .remakeKpiAreaV6406 .remakeKpiChooserButtonV6403:focus-visible","","Index.html","3728","remakeV6403KpiChooserStyles","22","0","false","1-4-0","Remake","4","border-color: #cfd6df !important; background: #fff !important; color: #202124 !important; box-shadow: 0 1px 3px rgba(20,32,42,.12) !important"
"2256","#remakeFactorPage.cleanRemakeV6230 .remakeKpiAreaV6406 .remakeKpiChooserButtonV6403.hasHiddenKpisV6403","","Index.html","3736","remakeV6403KpiChooserStyles","22","0","false","1-4-0","Remake","3","border-color: transparent !important; background: transparent !important; color: #667085 !important"
"2257","#remakeFactorPage.cleanRemakeV6230 .remakeKpiAreaV6406 .remakeKpiChooserButtonV6403.hasHiddenKpisV6403::after","","Index.html","3742","remakeV6403KpiChooserStyles","22","0","false","1-4-1","Remake","10","content: '' !important; position: absolute !important; top: 3px !important; right: 2px !important; width: 6px !important; height: 6px !important; border: 1px solid #fff !important; border-radius: 50% !important; background: #d89b00 !important; box-sizing: border-box !important"
"2258","#remakeFactorPage.cleanRemakeV6230 .remakeKpiAreaV6406 .remakeKpisV6230","","Index.html","3755","remakeV6403KpiChooserStyles","22","0","false","1-3-0","Remake","1","margin: 0 !important"
"2259","#remakeFactorPage.cleanRemakeV6230 .remakeKpiAreaV6406 .remakeKpisV6230","@media (min-width: 1280px)","Index.html","3760","remakeV6403KpiChooserStyles","22","0","false","1-3-0","Remake","2","gap: 14px !important; padding: 0 4px 4px !important"
"2260","#remakeFactorPage.cleanRemakeV6230 .remakeKpiAreaV6406","@media (max-width: 760px)","Index.html","3767","remakeV6403KpiChooserStyles","22","0","false","1-2-0","Remake","1","padding-right: 28px !important"
"2261","html","","Index.html","4006","cdaAtomicStableStylesV6418","23","0","false","0-0-1","Shared","0","scrollbar-gutter: stable"
"2262","#overviewPage","","Index.html","4007","cdaAtomicStableStylesV6418","23","0","false","1-0-0","Overview","2","animation: none !important; scroll-behavior: auto !important"
"2263","#remakeFactorPage","","Index.html","4007","cdaAtomicStableStylesV6418","23","0","false","1-0-0","Remake","2","animation: none !important; scroll-behavior: auto !important"
"2264","#categoricalPage","","Index.html","4007","cdaAtomicStableStylesV6418","23","0","false","1-0-0","Shared","2","animation: none !important; scroll-behavior: auto !important"
"2265",".tabPage","","Index.html","4007","cdaAtomicStableStylesV6418","23","0","false","0-1-0","Shared","2","animation: none !important; scroll-behavior: auto !important"
"2266","#overviewPage *","","Index.html","4007","cdaAtomicStableStylesV6418","23","0","false","1-0-0","Overview","2","animation: none !important; scroll-behavior: auto !important"
"2267","#remakeFactorPage *","","Index.html","4007","cdaAtomicStableStylesV6418","23","0","false","1-0-0","Remake","2","animation: none !important; scroll-behavior: auto !important"
"2268","#categoricalPage *","","Index.html","4007","cdaAtomicStableStylesV6418","23","0","false","1-0-0","Shared","2","animation: none !important; scroll-behavior: auto !important"
"2269","#overviewPage :is(.card,.panel,.tableCard,.chartCard,.componentCard,table,tbody,tr,td,th,canvas)","","Index.html","4018","cdaAtomicStableStylesV6418","23","0","false","1-1-0","Overview","4","transition: none !important; transform: none !important; filter: none !important; will-change: auto !important"
"2270","#remakeFactorPage :is(.remakeCard,.remakeCardV6230,.remakeSectionCardV6230,.remakeTableWrap,.remakeTable,table,tbody,tr,td,th,canvas)","","Index.html","4018","cdaAtomicStableStylesV6418","23","0","false","1-1-0","Remake","4","transition: none !important; transform: none !important; filter: none !important; will-change: auto !important"
"2271","#categoricalPage :is(.card,.panel,.tableCard,.chartCard,.componentCard,table,tbody,tr,td,th,canvas)","","Index.html","4018","cdaAtomicStableStylesV6418","23","0","false","1-1-0","Shared","4","transition: none !important; transform: none !important; filter: none !important; will-change: auto !important"
"2272","#remakeFactorPage .remakeTableWrap","","Index.html","4027","cdaAtomicStableStylesV6418","23","0","false","1-1-0","Remake","0","scrollbar-gutter: stable both-edges"
"2273","#remakeFactorPage .ceramistPreviewTableWrapV6342","","Index.html","4027","cdaAtomicStableStylesV6418","23","0","false","1-1-0","Remake","0","scrollbar-gutter: stable both-edges"
"2274","#overviewPage .tableWrap","","Index.html","4027","cdaAtomicStableStylesV6418","23","0","false","1-1-0","Overview","0","scrollbar-gutter: stable both-edges"
"2275","#categoricalPage .tableWrap","","Index.html","4027","cdaAtomicStableStylesV6418","23","0","false","1-1-0","Shared","0","scrollbar-gutter: stable both-edges"
"2276","#remakeFactorPage.remakeRenderPendingV6301 .remakeStickyTopV6245::after","","Index.html","4034","cdaAtomicStableStylesV6418","23","0","false","1-2-1","Remake","1","display: none !important"
"2277","#remakeFactorPage .remakeCanvasOverlayV6300","","Index.html","4034","cdaAtomicStableStylesV6418","23","0","false","1-1-0","Remake","1","display: none !important"
"2278","#remakeFactorPage .remakeGentleOverlayV6297","","Index.html","4034","cdaAtomicStableStylesV6418","23","0","false","1-1-0","Remake","1","display: none !important"
"2279","#overviewOne .topBar.executiveTop","","Index.html","4116","cdaSmoothAtomicPolishV6424","24","0","false","1-2-0","Overview","8","display: grid !important; grid-template-columns: minmax(0, 1fr) !important; grid-template-areas: ""kpis"" ""pills"" !important; align-items: stretch !important; row-gap: 7px !important; column-gap: 0 !important; min-height: 0 !important; margin-bottom: 9px !important"
"2280","#overviewOne .topBar.executiveTop .kpiStrip.comparisonKpis","","Index.html","4129","cdaSmoothAtomicPolishV6424","24","0","false","1-4-0","Overview","9","grid-area: kpis !important; grid-column: 1 !important; grid-row: 1 !important; width: 100% !important; max-width: none !important; min-width: 0 !important; justify-self: stretch !important; align-self: stretch !important; transform: none !important"
"2281","#overviewOne .topBar.executiveTop .compactChipOnlyRow.v6205PillSlot","","Index.html","4141","cdaSmoothAtomicPolishV6424","24","0","false","1-4-0","Overview","19","grid-area: pills !important; grid-column: 1 !important; grid-row: 2 !important; position: static !important; display: flex !important; align-items: center !important; justify-content: flex-start !important; width: 100% !important; min-width: 0 !important; min-height: 0 !important; height: auto !important; margin: 0 !important; padding: 0 2px !important; overflow: visible !important; background: transparent !important; border: 0 !important; border-radius: 0 !important; box-shadow: none !important; transform: none !important"
"2282","#overviewOne .topBar.executiveTop .controlFilterRow.compactChipOnlyRow","","Index.html","4141","cdaSmoothAtomicPolishV6424","24","0","false","1-4-0","Overview","19","grid-area: pills !important; grid-column: 1 !important; grid-row: 2 !important; position: static !important; display: flex !important; align-items: center !important; justify-content: flex-start !important; width: 100% !important; min-width: 0 !important; min-height: 0 !important; height: auto !important; margin: 0 !important; padding: 0 2px !important; overflow: visible !important; background: transparent !important; border: 0 !important; border-radius: 0 !important; box-shadow: none !important; transform: none !important"
"2283","#overviewOne .topBar.executiveTop .v6205PillSlot","","Index.html","4141","cdaSmoothAtomicPolishV6424","24","0","false","1-3-0","Overview","19","grid-area: pills !important; grid-column: 1 !important; grid-row: 2 !important; position: static !important; display: flex !important; align-items: center !important; justify-content: flex-start !important; width: 100% !important; min-width: 0 !important; min-height: 0 !important; height: auto !important; margin: 0 !important; padding: 0 2px !important; overflow: visible !important; background: transparent !important; border: 0 !important; border-radius: 0 !important; box-shadow: none !important; transform: none !important"
"2284","#overviewOne .topBar.executiveTop > #activeFilterPillBarV6170","","Index.html","4165","cdaSmoothAtomicPolishV6424","24","0","false","2-2-0","Overview","9","display: none !important; visibility: hidden !important; width: 0 !important; height: 0 !important; min-height: 0 !important; margin: 0 !important; padding: 0 !important; overflow: hidden !important; pointer-events: none !important"
"2285","#overviewOne .topBar.executiveTop #activeFilterPillBarV6170","","Index.html","4165","cdaSmoothAtomicPolishV6424","24","0","false","2-2-0","Overview","9","display: none !important; visibility: hidden !important; width: 0 !important; height: 0 !important; min-height: 0 !important; margin: 0 !important; padding: 0 !important; overflow: hidden !important; pointer-events: none !important"
"2286","#overviewOne #activeFilterPillRailV6205","","Index.html","4178","cdaSmoothAtomicPolishV6424","24","0","false","2-0-0","Overview","13","display: flex !important; align-items: center !important; justify-content: flex-start !important; flex-wrap: wrap !important; gap: 6px !important; width: 100% !important; max-width: 100% !important; min-height: 0 !important; margin: 0 !important; padding: 0 !important; background: transparent !important; border: 0 !important; box-shadow: none !important"
"2287","#overviewOne #activeFilterPillRailV6205[data-empty=""true""]","","Index.html","4194","cdaSmoothAtomicPolishV6424","24","0","false","2-1-0","Overview","1","display: none !important"
"2288","#overviewOne #activeFilterPillRailV6205 .v6205FilterPill","","Index.html","4198","cdaSmoothAtomicPolishV6424","24","0","false","2-1-0","Overview","8","min-height: 24px !important; padding: 3px 9px !important; border: 1px solid #efc84a !important; border-radius: 999px !important; background: #fff4b8 !important; color: #664300 !important; box-shadow: 0 1px 2px rgba(116, 83, 0, .12) !important; transition: background-color 150ms cubic-bezier(.22, 1, .36, 1), border-color 150ms cubic-bezier(.22, 1, .36, 1), color 150ms cubic-bezier(.22, 1, .36, 1), box-shadow 150ms cubic-bezier(.22, 1, .36, 1), opacity 150ms cubic-bezier(.22, 1, .36, 1) !important"
"2289","#overviewOne #activeFilterPillRailV6205 .v6205FilterPill.hot","","Index.html","4214","cdaSmoothAtomicPolishV6424","24","0","false","2-2-0","Overview","3","border-color: #f59e0b !important; background: #ffe0a3 !important; color: #7c2d12 !important"
"2290","#overviewOne #activeFilterPillRailV6205 .v6205FilterPill:hover","","Index.html","4220","cdaSmoothAtomicPolishV6424","24","0","false","2-2-0","Overview","3","border-color: #dda915 !important; background: #ffef9d !important; box-shadow: 0 2px 5px rgba(116, 83, 0, .16) !important"
"2291","#overviewOne :is(.segBtn,.resetBtn,.tinyBtn,.componentMenuBtn,.dropdownButton)","","Index.html","4228","cdaSmoothAtomicPolishV6424","24","0","false","1-1-0","Overview","1","transition: background-color 140ms cubic-bezier(.22, 1, .36, 1), border-color 140ms cubic-bezier(.22, 1, .36, 1), color 140ms cubic-bezier(.22, 1, .36, 1), box-shadow 140ms cubic-bezier(.22, 1, .36, 1), opacity 140ms cubic-bezier(.22, 1, .36, 1) !important"
"2292","#remakeFactorPage :is(button,.remakeButton,.remakeDropdownButtonV6245,.remakeTabToolButtonV6337)","","Index.html","4228","cdaSmoothAtomicPolishV6424","24","0","false","1-1-0","Remake","1","transition: background-color 140ms cubic-bezier(.22, 1, .36, 1), border-color 140ms cubic-bezier(.22, 1, .36, 1), color 140ms cubic-bezier(.22, 1, .36, 1), box-shadow 140ms cubic-bezier(.22, 1, .36, 1), opacity 140ms cubic-bezier(.22, 1, .36, 1) !important"
"2293","#overviewOne :is(.segBtn,.resetBtn,.tinyBtn,.componentMenuBtn,.dropdownButton):active","","Index.html","4238","cdaSmoothAtomicPolishV6424","24","0","false","1-2-0","Overview","1","opacity: .78 !important"
"2294","#remakeFactorPage :is(button,.remakeButton,.remakeDropdownButtonV6245,.remakeTabToolButtonV6337):active","","Index.html","4238","cdaSmoothAtomicPolishV6424","24","0","false","1-2-0","Remake","1","opacity: .78 !important"
"2295","#overviewOne :is(.deptRow,.multiRow,.yearRow)","","Index.html","4243","cdaSmoothAtomicPolishV6424","24","0","false","1-1-0","Overview","1","transition: background-color 135ms cubic-bezier(.22, 1, .36, 1), border-color 135ms cubic-bezier(.22, 1, .36, 1), color 135ms cubic-bezier(.22, 1, .36, 1) !important"
"2296","#overviewOne .moverArea tbody td","","Index.html","4250","cdaSmoothAtomicPolishV6424","24","0","false","1-1-2","Overview","1","transition: background-color 145ms cubic-bezier(.22, 1, .36, 1), color 145ms cubic-bezier(.22, 1, .36, 1), border-color 145ms cubic-bezier(.22, 1, .36, 1) !important"
"2297","#overviewOne .moverArea tbody tr td","","Index.html","4250","cdaSmoothAtomicPolishV6424","24","0","false","1-1-3","Overview","1","transition: background-color 145ms cubic-bezier(.22, 1, .36, 1), color 145ms cubic-bezier(.22, 1, .36, 1), border-color 145ms cubic-bezier(.22, 1, .36, 1) !important"
"2298","#overviewOne .dropdownPanel","","Index.html","4258","cdaSmoothAtomicPolishV6424","24","0","false","1-1-0","Overview","1","transform-origin: top center !important"
"2299","#remakeFactorPage .remakeDropdownPanelV6245","","Index.html","4258","cdaSmoothAtomicPolishV6424","24","0","false","1-1-0","Remake","1","transform-origin: top center !important"
"2300","#overviewOne .topBar.executiveTop .kpiStrip.comparisonKpis","@media (max-width: 1320px)","Index.html","4264","cdaSmoothAtomicPolishV6424","24","0","false","1-4-0","Overview","1","grid-template-columns: repeat(3, minmax(180px, 1fr)) !important"
"2301","#overviewOne .topBar.executiveTop .kpiStrip.comparisonKpis","@media (max-width: 860px)","Index.html","4270","cdaSmoothAtomicPolishV6424","24","0","false","1-4-0","Overview","1","grid-template-columns: repeat(2, minmax(0, 1fr)) !important"
"2302","#overviewOne *","@media (prefers-reduced-motion: reduce)","Index.html","4276","cdaSmoothAtomicPolishV6424","24","0","false","1-0-0","Overview","1","transition-duration: 0.01ms !important"
"2303","#remakeFactorPage *","@media (prefers-reduced-motion: reduce)","Index.html","4276","cdaSmoothAtomicPolishV6424","24","0","false","1-0-0","Remake","1","transition-duration: 0.01ms !important"
"2304","#remakeFactorPage.cleanRemakeV6230 .remakeShellV6230 > #remakePillsV6230.remakePillsV6230","","Index.html","4485","cdaRemakePillsOutsideKpiAreaV6428","25","0","false","2-3-0","Remake","15","display: flex !important; align-items: center !important; justify-content: flex-start !important; flex-wrap: wrap !important; width: 100% !important; min-width: 0 !important; min-height: 0 !important; margin: 0 0 8px !important; padding: 0 2px !important; gap: 7px !important; background: transparent !important; border: 0 !important; border-radius: 0 !important; box-shadow: none !important; box-sizing: border-box !important"
"2305","#remakeFactorPage.cleanRemakeV6230 .remakeShellV6230 > #remakePillsV6230.remakePillsV6230:empty","","Index.html","4503","cdaRemakePillsOutsideKpiAreaV6428","25","0","false","2-4-0","Remake","3","display: none !important; margin: 0 !important; padding: 0 !important"
"2306","#remakeFactorPage.cleanRemakeV6230 .remakeShellV6230 > #remakePillsV6230 .remakePillV6230","","Index.html","4509","cdaRemakePillsOutsideKpiAreaV6428","25","0","false","2-3-0","Remake","1","transition: background-color 150ms cubic-bezier(.22, 1, .36, 1), border-color 150ms cubic-bezier(.22, 1, .36, 1), color 150ms cubic-bezier(.22, 1, .36, 1), box-shadow 150ms cubic-bezier(.22, 1, .36, 1), opacity 150ms cubic-bezier(.22, 1, .36, 1) !important"
"2307","#remakeFactorPage.cleanRemakeV6230 .remakeShellV6230 > #remakePillsV6230 .remakeClearAllV6230","","Index.html","4509","cdaRemakePillsOutsideKpiAreaV6428","25","0","false","2-3-0","Remake","1","transition: background-color 150ms cubic-bezier(.22, 1, .36, 1), border-color 150ms cubic-bezier(.22, 1, .36, 1), color 150ms cubic-bezier(.22, 1, .36, 1), box-shadow 150ms cubic-bezier(.22, 1, .36, 1), opacity 150ms cubic-bezier(.22, 1, .36, 1) !important"
"2308","#remakeFactorPage.cleanRemakeV6230 .remakeShellV6230 > #remakePillsV6230.remakePillsV6230","@media (max-width: 760px)","Index.html","4520","cdaRemakePillsOutsideKpiAreaV6428","25","0","false","2-3-0","Remake","5","flex-wrap: nowrap !important; overflow-x: auto !important; overflow-y: hidden !important; -webkit-overflow-scrolling: touch !important; scrollbar-width: thin !important"
"2309","#remakeFactorPage.cleanRemakeV6230 .remakeTable tbody tr.clickable:hover > td","","Index.html","4579","remakeCompleteRowHoverStylesV6427","26","0","false","1-4-3","Remake","2","background: #eef4ff !important; cursor: pointer !important"
"2310","#remakeFactorPage.cleanRemakeV6230 .remakeTable tbody tr.clickable:hover > td:first-child","","Index.html","4579","remakeCompleteRowHoverStylesV6427","26","0","false","1-5-3","Remake","2","background: #eef4ff !important; cursor: pointer !important"
"2311","#remakeFactorPage.cleanRemakeV6230 .remakeTable tbody tr.selectedV6230:hover > td","","Index.html","4585","remakeCompleteRowHoverStylesV6427","26","0","false","1-4-3","Remake","1","background: #fff7d6 !important"
"2312","#remakeFactorPage.cleanRemakeV6230 .remakeTable tbody tr.selectedV6230:hover > td:first-child","","Index.html","4585","remakeCompleteRowHoverStylesV6427","26","0","false","1-5-3","Remake","1","background: #fff7d6 !important"
"2313","#remakeFactorPage.cleanRemakeV6230 .remakeTable tbody tr.selectedPinnedV6311:hover > td","","Index.html","4585","remakeCompleteRowHoverStylesV6427","26","0","false","1-4-3","Remake","1","background: #fff7d6 !important"
"2314","#remakeFactorPage.cleanRemakeV6230 .remakeTable tbody tr.selectedPinnedV6311:hover > td:first-child","","Index.html","4585","remakeCompleteRowHoverStylesV6427","26","0","false","1-5-3","Remake","1","background: #fff7d6 !important"
"2315","#remakeFactorPage.cleanRemakeV6230 .remakeTable tbody tr.dimmedV6266:hover > td","","Index.html","4592","remakeCompleteRowHoverStylesV6427","26","0","false","1-4-3","Remake","1","background: #f5f6f8 !important"
"2316","#remakeFactorPage.cleanRemakeV6230 .remakeTable tbody tr.dimmedV6266:hover > td:first-child","","Index.html","4592","remakeCompleteRowHoverStylesV6427","26","0","false","1-5-3","Remake","1","background: #f5f6f8 !important"
"2317","#remakeTabFilterHostV6337","","UnifiedControlsStyles.html","3","cdaRemakeTatUnifiedControlsV6509","27","7","true","1-0-0","Shared","0","display: flex; flex: 1 1 auto; min-width: 0; height: 100%; margin-left: auto; align-items: center; justify-content: flex-end; gap: 6px; overflow: visible; position: relative; z-index: 10020"
"2318","#tatTabFilterHostV6509","","UnifiedControlsStyles.html","3","cdaRemakeTatUnifiedControlsV6509","27","7","true","1-0-0","Shared","0","display: flex; flex: 1 1 auto; min-width: 0; height: 100%; margin-left: auto; align-items: center; justify-content: flex-end; gap: 6px; overflow: visible; position: relative; z-index: 10020"
"2319","#tatTabFilterHostV6509[hidden]","","UnifiedControlsStyles.html","17","cdaRemakeTatUnifiedControlsV6509","27","7","true","1-1-0","Shared","1","display: none !important"
"2320",".managerTabs.cdaTatActiveV6509","","UnifiedControlsStyles.html","18","cdaRemakeTatUnifiedControlsV6509","27","7","true","0-2-0","Shared","4","position: sticky !important; top: 0 !important; z-index: 10000 !important; overflow: visible !important"
"2321",".managerTabs.cdaTatActiveV6509 #remakeTabFilterHostV6337","","UnifiedControlsStyles.html","19","cdaRemakeTatUnifiedControlsV6509","27","7","true","1-2-0","Shared","1","display: none !important"
"2322","#remakeTabFilterHostV6337 .remakeFilterBarV6230","","UnifiedControlsStyles.html","20","cdaRemakeTatUnifiedControlsV6509","27","7","true","1-1-0","Shared","10","display: flex !important; flex: 0 1 auto !important; width: auto !important; max-width: none !important; min-width: 0 !important; gap: 5px !important; align-items: center !important; padding: 0 !important; margin: 0 !important; overflow: visible !important"
"2323","#tatTabFilterHostV6509 .remakeFilterBarV6230","","UnifiedControlsStyles.html","20","cdaRemakeTatUnifiedControlsV6509","27","7","true","1-1-0","Shared","10","display: flex !important; flex: 0 1 auto !important; width: auto !important; max-width: none !important; min-width: 0 !important; gap: 5px !important; align-items: center !important; padding: 0 !important; margin: 0 !important; overflow: visible !important"
"2324","#remakeTabFilterHostV6337 .remakeFilter","","UnifiedControlsStyles.html","33","cdaRemakeTatUnifiedControlsV6509","27","7","true","1-1-0","Shared","12","flex: 0 0 auto !important; min-width: 0 !important; min-height: 32px !important; height: 32px !important; padding: 0 !important; margin: 0 !important; border: 0 !important; border-radius: 0 !important; background: transparent !important; box-shadow: none !important; position: relative !important; overflow: visible !important"
"2325","#tatTabFilterHostV6509 .remakeFilter","","UnifiedControlsStyles.html","33","cdaRemakeTatUnifiedControlsV6509","27","7","true","1-1-0","Shared","12","flex: 0 0 auto !important; min-width: 0 !important; min-height: 32px !important; height: 32px !important; padding: 0 !important; margin: 0 !important; border: 0 !important; border-radius: 0 !important; background: transparent !important; box-shadow: none !important; position: relative !important; overflow: visible !important"
"2326","#remakeTabFilterHostV6337 [data-filter-kind=""year""]","","UnifiedControlsStyles.html","48","cdaRemakeTatUnifiedControlsV6509","27","7","true","1-1-0","Shared","1","width: 88px !important"
"2327","#tatTabFilterHostV6509 [data-filter-kind=""year""]","","UnifiedControlsStyles.html","48","cdaRemakeTatUnifiedControlsV6509","27","7","true","1-1-0","Shared","1","width: 88px !important"
"2328","#remakeTabFilterHostV6337 [data-filter-kind=""department""]","","UnifiedControlsStyles.html","50","cdaRemakeTatUnifiedControlsV6509","27","7","true","1-1-0","Shared","1","width: 145px !important"
"2329","#tatTabFilterHostV6509 [data-filter-kind=""department""]","","UnifiedControlsStyles.html","50","cdaRemakeTatUnifiedControlsV6509","27","7","true","1-1-0","Shared","1","width: 145px !important"
"2330","#remakeTabFilterHostV6337 [data-filter-kind=""product""]","","UnifiedControlsStyles.html","52","cdaRemakeTatUnifiedControlsV6509","27","7","true","1-1-0","Shared","1","width: 176px !important"
"2331","#tatTabFilterHostV6509 [data-filter-kind=""product""]","","UnifiedControlsStyles.html","52","cdaRemakeTatUnifiedControlsV6509","27","7","true","1-1-0","Shared","1","width: 176px !important"
"2332","#remakeTabFilterHostV6337 [data-filter-kind=""productGroup""]","","UnifiedControlsStyles.html","54","cdaRemakeTatUnifiedControlsV6509","27","7","true","1-1-0","Shared","1","width: 145px !important"
"2333","#tatTabFilterHostV6509 [data-filter-kind=""productGroup""]","","UnifiedControlsStyles.html","54","cdaRemakeTatUnifiedControlsV6509","27","7","true","1-1-0","Shared","1","width: 145px !important"
"2334","#remakeTabFilterHostV6337 [data-filter-kind=""customer""]","","UnifiedControlsStyles.html","56","cdaRemakeTatUnifiedControlsV6509","27","7","true","1-1-0","Shared","1","width: 184px !important"
"2335","#tatTabFilterHostV6509 [data-filter-kind=""customer""]","","UnifiedControlsStyles.html","56","cdaRemakeTatUnifiedControlsV6509","27","7","true","1-1-0","Shared","1","width: 184px !important"
"2336","#remakeTabFilterHostV6337 [data-filter-kind=""reason""]","","UnifiedControlsStyles.html","58","cdaRemakeTatUnifiedControlsV6509","27","7","true","1-1-0","Shared","1","width: 145px !important"
"2337","#tatTabFilterHostV6509 [data-filter-kind=""reason""]","","UnifiedControlsStyles.html","58","cdaRemakeTatUnifiedControlsV6509","27","7","true","1-1-0","Shared","1","width: 145px !important"
"2338","#tatTabFilterHostV6509 .remakeDropdownPanelV6245","","UnifiedControlsStyles.html","60","cdaRemakeTatUnifiedControlsV6509","27","7","true","1-1-0","Shared","0","display: none; position: fixed; width: 360px; min-width: 300px; max-height: 430px; background: #fff; border: 1px solid #cbd5df; border-radius: 10px; box-shadow: 0 18px 38px rgba(16,24,40,.24); z-index: 10040; overflow: hidden"
"2339","#tatTabFilterHostV6509 .remakeDropdownPanelV6245.open","","UnifiedControlsStyles.html","64","cdaRemakeTatUnifiedControlsV6509","27","7","true","1-2-0","Shared","2","display: flex !important; flex-direction: column !important"
"2340","#tatTabFilterHostV6509 .remakeDropdownHeaderV6245","","UnifiedControlsStyles.html","65","cdaRemakeTatUnifiedControlsV6509","27","7","true","1-1-0","Shared","10","display: grid !important; grid-template-columns: repeat(3,max-content) !important; justify-content: start !important; align-items: center !important; column-gap: 6px !important; row-gap: 7px !important; padding: 8px 9px !important; border-bottom: 1px solid #e5e7eb !important; background: #f8fafc !important; overflow: visible !important"
"2341","#tatTabFilterHostV6509 .remakeVisibleToggleV6502","","UnifiedControlsStyles.html","69","cdaRemakeTatUnifiedControlsV6509","27","7","true","1-1-0","Shared","15","display: inline-flex !important; align-items: center !important; gap: 6px !important; width: auto !important; min-height: 29px !important; padding: 4px 9px !important; border: 1px solid #cbd5df !important; border-radius: 999px !important; background: #fff !important; color: #1f2937 !important; font: 800 11px/1 Roboto,Arial,sans-serif !important; cursor: pointer !important; white-space: nowrap !important; position: relative !important; margin: 0 !important"
"2342","#tatTabFilterHostV6509 .remakeVisibleToggleV6502 input","","UnifiedControlsStyles.html","74","cdaRemakeTatUnifiedControlsV6509","27","7","true","1-1-1","Shared","5","width: 16px !important; height: 16px !important; margin: 0 !important; accent-color: #d89b00 !important; cursor: pointer !important"
"2343","#tatTabFilterHostV6509 .remakeVisibleToggleV6502:has(input:checked)","","UnifiedControlsStyles.html","75","cdaRemakeTatUnifiedControlsV6509","27","7","true","1-2-1","Shared","3","border-color: #f2c94c !important; background: #fff7d6 !important; color: #7a4a00 !important"
"2344","#tatTabFilterHostV6509 .remakeVisibleToggleV6502:has(input:indeterminate)","","UnifiedControlsStyles.html","75","cdaRemakeTatUnifiedControlsV6509","27","7","true","1-2-1","Shared","3","border-color: #f2c94c !important; background: #fff7d6 !important; color: #7a4a00 !important"
"2345","#tatTabFilterHostV6509 .remakeDropdownCountV6245","","UnifiedControlsStyles.html","77","cdaRemakeTatUnifiedControlsV6509","27","7","true","1-1-0","Shared","9","grid-column: 1 / -1 !important; display: block !important; width: 100% !important; margin: 0 !important; padding: 7px 2px 1px !important; border-top: 1px solid #e5e7eb !important; color: #667085 !important; font: 800 11px/1.25 Roboto,Arial,sans-serif !important; white-space: normal !important"
"2346","#tatTabFilterHostV6509 .remakeDropdownEmptyV6245","","UnifiedControlsStyles.html","78","cdaRemakeTatUnifiedControlsV6509","27","7","true","1-1-0","Shared","3","padding: 14px 10px !important; color: #667085 !important; font: 800 12px/1.3 Roboto,Arial,sans-serif !important"
"2347","#tatTabFilterHostV6509 .remakeTabToolButtonV6337","","UnifiedControlsStyles.html","79","cdaRemakeTatUnifiedControlsV6509","27","7","true","1-1-0","Shared","0","flex: 0 0 auto; height: 32px; min-height: 32px; border: 1px solid #cbd5e1; border-radius: 7px; background: #fff; color: #334155; display: inline-flex; align-items: center; justify-content: center; cursor: pointer; font: 800 11px/1 Roboto,Arial,sans-serif; box-shadow: none"
"2348","#tatTabFilterHostV6509 .remakeTabToolButtonV6337:hover","","UnifiedControlsStyles.html","80","cdaRemakeTatUnifiedControlsV6509","27","7","true","1-2-0","Shared","0","background: #fff7d6; border-color: #f2c94c; color: #7a4a00"
"2349","#tatTabFilterHostV6509 .remakeTabToolButtonV6337[aria-expanded=""true""]","","UnifiedControlsStyles.html","80","cdaRemakeTatUnifiedControlsV6509","27","7","true","1-2-0","Shared","0","background: #fff7d6; border-color: #f2c94c; color: #7a4a00"
"2350","#tatTabFilterHostV6509 .remakeTabSearchProxyV6337","","UnifiedControlsStyles.html","82","cdaRemakeTatUnifiedControlsV6509","27","7","true","1-1-0","Shared","0","width: 32px; min-width: 32px; padding: 0"
"2351","#tatTabFilterHostV6509 .remakeTabSearchProxyV6337 svg","","UnifiedControlsStyles.html","83","cdaRemakeTatUnifiedControlsV6509","27","7","true","1-1-1","Shared","0","width: 16px; height: 16px; fill: none; stroke: currentColor; stroke-width: 2; stroke-linecap: round; stroke-linejoin: round"
"2352","#tatTabFilterHostV6509 .tatSettingsButtonV6509 svg","","UnifiedControlsStyles.html","83","cdaRemakeTatUnifiedControlsV6509","27","7","true","1-1-1","Shared","0","width: 16px; height: 16px; fill: none; stroke: currentColor; stroke-width: 2; stroke-linecap: round; stroke-linejoin: round"
"2353","#tatTabFilterHostV6509 .remakeTabResetV6337","","UnifiedControlsStyles.html","85","cdaRemakeTatUnifiedControlsV6509","27","7","true","1-1-0","Shared","0","padding: 0 10px"
"2354","#tatTabFilterHostV6509 .remakeCacheActionBarV6338","","UnifiedControlsStyles.html","86","cdaRemakeTatUnifiedControlsV6509","27","7","true","1-1-0","Shared","0","display: inline-flex; flex: 0 0 auto; align-items: center; justify-content: flex-end; gap: 5px"
"2355","#tatTabFilterHostV6509 .remakeCacheActionBarV6338 .remakeButton","","UnifiedControlsStyles.html","87","cdaRemakeTatUnifiedControlsV6509","27","7","true","1-2-0","Shared","0","height: 32px; min-height: 32px; border: 1px solid #cbd5e1; border-radius: 7px; padding: 0 9px; background: #172033; color: #fff; display: inline-flex; align-items: center; justify-content: center; gap: 5px; cursor: pointer; font: 900 11px/1 Roboto,Arial,sans-serif; white-space: nowrap; box-shadow: none"
"2356","#tatTabFilterHostV6509 .remakeCacheActionBarV6338 .remakeButton.secondary","","UnifiedControlsStyles.html","88","cdaRemakeTatUnifiedControlsV6509","27","7","true","1-3-0","Shared","0","background: #fff7d6; color: #7a4a00; border-color: #f2c94c"
"2357","#tatTabFilterHostV6509 .remakeCacheActionBarV6338 .remakeButton:disabled","","UnifiedControlsStyles.html","89","cdaRemakeTatUnifiedControlsV6509","27","7","true","1-3-0","Shared","0","opacity: .55; cursor: wait"
"2358",".tatFloatingPanelV6509","","UnifiedControlsStyles.html","90","cdaRemakeTatUnifiedControlsV6509","27","7","true","0-1-0","Shared","0","display: none; position: fixed; z-index: 10050; width: min(430px,calc(100vw - 18px)); max-height: min(520px,calc(100vh - 20px)); overflow: hidden; border: 1px solid #cbd5df; border-radius: 10px; background: #fff; box-shadow: 0 18px 38px rgba(16,24,40,.24)"
"2359",".tatFloatingPanelV6509.open","","UnifiedControlsStyles.html","91","cdaRemakeTatUnifiedControlsV6509","27","7","true","0-2-0","Shared","0","display: flex; flex-direction: column"
"2360",".tatGlobalSearchHeadV6509","","UnifiedControlsStyles.html","92","cdaRemakeTatUnifiedControlsV6509","27","7","true","0-1-0","Shared","0","display: flex; align-items: center; gap: 7px; padding: 8px; border-bottom: 1px solid #e5e7eb; background: #f8fafc"
"2361",".tatGlobalSearchHeadV6509 input","","UnifiedControlsStyles.html","93","cdaRemakeTatUnifiedControlsV6509","27","7","true","0-1-1","Shared","0","flex: 1 1 auto; height: 34px; border: 1px solid #d5dae2; border-radius: 7px; padding: 0 9px; font: 700 12px/1 Roboto,Arial,sans-serif"
"2362",".tatGlobalSearchHeadV6509 button","","UnifiedControlsStyles.html","94","cdaRemakeTatUnifiedControlsV6509","27","7","true","0-1-1","Shared","0","width: 30px; height: 30px; border: 0; border-radius: 50%; background: transparent; color: #667085; cursor: pointer; font: 900 18px/1 Arial,sans-serif"
"2363",".tatGlobalResultsV6509","","UnifiedControlsStyles.html","95","cdaRemakeTatUnifiedControlsV6509","27","7","true","0-1-0","Shared","0","max-height: 390px; overflow: auto"
"2364",".tatGlobalSearchResultsV6509","","UnifiedControlsStyles.html","95","cdaRemakeTatUnifiedControlsV6509","27","7","true","0-1-0","Shared","0","max-height: 390px; overflow: auto"
"2365",".tatGlobalResultV6509","","UnifiedControlsStyles.html","96","cdaRemakeTatUnifiedControlsV6509","27","7","true","0-1-0","Shared","0","display: grid; grid-template-columns: 82px minmax(0,1fr) auto; gap: 8px; align-items: center; padding: 8px 10px; border-bottom: 1px solid #f1f3f5; cursor: pointer"
"2366",".tatGlobalResultV6509:hover","","UnifiedControlsStyles.html","97","cdaRemakeTatUnifiedControlsV6509","27","7","true","0-2-0","Shared","0","background: #eef5ff"
"2367",".tatGlobalResultV6509 .type","","UnifiedControlsStyles.html","98","cdaRemakeTatUnifiedControlsV6509","27","7","true","0-2-0","Shared","0","color: #667085; font: 900 9px/1 Roboto,Arial,sans-serif; text-transform: uppercase; letter-spacing: .04em"
"2368",".tatGlobalResultV6509 .label","","UnifiedControlsStyles.html","99","cdaRemakeTatUnifiedControlsV6509","27","7","true","0-2-0","Shared","0","overflow: hidden; text-overflow: ellipsis; white-space: nowrap; color: #344054; font: 800 11px/1.2 Roboto,Arial,sans-serif"
"2369",".tatSettingsV6509","","UnifiedControlsStyles.html","100","cdaRemakeTatUnifiedControlsV6509","27","7","true","0-1-0","Shared","0","padding: 10px; gap: 8px"
"2370",".tatSettingsBodyV6509","","UnifiedControlsStyles.html","100","cdaRemakeTatUnifiedControlsV6509","27","7","true","0-1-0","Shared","0","padding: 10px; gap: 8px"
"2371",".tatSettingsV6509 h4","","UnifiedControlsStyles.html","101","cdaRemakeTatUnifiedControlsV6509","27","7","true","0-1-1","Shared","0","margin: 0 0 8px; color: #172033; font: 900 11px/1.2 Roboto,Arial,sans-serif"
"2372",".tatSettingsBodyV6509 h4","","UnifiedControlsStyles.html","101","cdaRemakeTatUnifiedControlsV6509","27","7","true","0-1-1","Shared","0","margin: 0 0 8px; color: #172033; font: 900 11px/1.2 Roboto,Arial,sans-serif"
"2373",".tatSettingsChoicesV6509","","UnifiedControlsStyles.html","102","cdaRemakeTatUnifiedControlsV6509","27","7","true","0-1-0","Shared","0","display: flex; gap: 5px; flex-wrap: wrap"
"2374",".tatSettingsBodyV6509","","UnifiedControlsStyles.html","102","cdaRemakeTatUnifiedControlsV6509","27","7","true","0-1-0","Shared","0","display: flex; gap: 5px; flex-wrap: wrap"
"2375",".tatSettingsChoicesV6509 button","","UnifiedControlsStyles.html","103","cdaRemakeTatUnifiedControlsV6509","27","7","true","0-1-1","Shared","0","height: 30px; padding: 0 10px; border: 1px solid #cbd5df; border-radius: 7px; background: #fff; color: #344054; cursor: pointer; font: 800 10.5px/1 Roboto,Arial,sans-serif"
"2376",".tatSettingsBodyV6509 button","","UnifiedControlsStyles.html","103","cdaRemakeTatUnifiedControlsV6509","27","7","true","0-1-1","Shared","0","height: 30px; padding: 0 10px; border: 1px solid #cbd5df; border-radius: 7px; background: #fff; color: #344054; cursor: pointer; font: 800 10.5px/1 Roboto,Arial,sans-serif"
"2377",".tatSettingsChoicesV6509 button.active","","UnifiedControlsStyles.html","104","cdaRemakeTatUnifiedControlsV6509","27","7","true","0-2-1","Shared","0","background: #172033; color: #fff; border-color: #172033"
"2378",".tatSettingsBodyV6509 button.active","","UnifiedControlsStyles.html","104","cdaRemakeTatUnifiedControlsV6509","27","7","true","0-2-1","Shared","0","background: #172033; color: #fff; border-color: #172033"
"2379","#remakeFactorPage.cleanRemakeV6230 #remakeCustomerCardV6230 .remakeCustomerSplitV6230","","UnifiedControlsStyles.html","107","cdaRemakeTatUnifiedControlsV6509","27","7","true","2-2-0","Shared","5","display: flex !important; flex-direction: column !important; grid-template-columns: 1fr !important; gap: 0 !important; padding: 0 10px 10px !important"
"2380","#remakeFactorPage.cleanRemakeV6230 #remakeCustomerCardV6230 .remakeCustomerDetailPanelV6503","","UnifiedControlsStyles.html","108","cdaRemakeTatUnifiedControlsV6509","27","7","true","2-2-0","Shared","1","display: contents !important"
"2381","#remakeFactorPage.cleanRemakeV6230 #remakeCustomerCardV6230 .remakeCustomerChartBoxV6230","","UnifiedControlsStyles.html","109","cdaRemakeTatUnifiedControlsV6509","27","7","true","2-2-0","Shared","1","display: none !important"
"2382","#remakeFactorPage.cleanRemakeV6230 #remakeCustomerCardV6230 #remakeCustomerDetailEmptyV6503","","UnifiedControlsStyles.html","109","cdaRemakeTatUnifiedControlsV6509","27","7","true","3-1-0","Shared","1","display: none !important"
"2383","#remakeFactorPage.cleanRemakeV6230 #remakeCustomerCardV6230.remakeSectionCollapsedV6402 .remakeCustomerSplitV6230","","UnifiedControlsStyles.html","111","cdaRemakeTatUnifiedControlsV6509","27","7","true","2-3-0","Shared","1","display: none !important"
"2384","#remakeFactorPage.cleanRemakeV6230 #remakeCustomerCardV6230.cdaCollapsedV6509 .remakeCustomerSplitV6230","","UnifiedControlsStyles.html","111","cdaRemakeTatUnifiedControlsV6509","27","7","true","2-3-0","Shared","1","display: none !important"
"2385","#remakeFactorPage.cleanRemakeV6230 #remakeCustomerCardV6230.remakeSectionCollapsedV6402 .remakeCardHeader","","UnifiedControlsStyles.html","113","cdaRemakeTatUnifiedControlsV6509","27","7","true","2-3-0","Shared","1","border-bottom: 0 !important"
"2386","#remakeFactorPage.cleanRemakeV6230 #remakeCustomerCardV6230.cdaCollapsedV6509 .remakeCardHeader","","UnifiedControlsStyles.html","113","cdaRemakeTatUnifiedControlsV6509","27","7","true","2-3-0","Shared","1","border-bottom: 0 !important"
"2387","#remakeFactorPage.cleanRemakeV6230 #remakeCustomerResponsibilitySummaryV6502","","UnifiedControlsStyles.html","115","cdaRemakeTatUnifiedControlsV6509","27","7","true","2-1-0","Shared","13","order: 1 !important; display: flex !important; align-items: center !important; gap: 12px !important; width: 100% !important; min-height: 36px !important; margin: 0 0 7px !important; padding: 7px 10px !important; border: 1px solid #e1e5eb !important; border-radius: 6px !important; background: #fbfcfd !important; box-shadow: none !important; overflow: hidden !important"
"2388","#remakeFactorPage.cleanRemakeV6230 #remakeCustomerResponsibilitySummaryV6502:has(.remakeResponsibilityEmptyV6504)","","UnifiedControlsStyles.html","116","cdaRemakeTatUnifiedControlsV6509","27","7","true","2-2-0","Shared","1","display: none !important"
"2389","#remakeFactorPage.cleanRemakeV6230 #remakeCustomerResponsibilitySummaryV6502:has(.remakeResponsibilityMultipleV6504)","","UnifiedControlsStyles.html","116","cdaRemakeTatUnifiedControlsV6509","27","7","true","2-2-0","Shared","1","display: none !important"
"2390","#remakeFactorPage.cleanRemakeV6230 #remakeCustomerCardV6230 .remakeCustomerTableWrapV6230","","UnifiedControlsStyles.html","118","cdaRemakeTatUnifiedControlsV6509","27","7","true","2-2-0","Shared","4","order: 2 !important; width: 100% !important; height: 500px !important; min-height: 420px !important"
"2391","#tatDashboardPageV6509","","UnifiedControlsStyles.html","121","cdaRemakeTatUnifiedControlsV6509","27","7","true","1-0-0","Shared","1","display: none; padding: 0 !important; background: #ebe9ed; min-height: calc(100vh - 42px); color: #172033; font-family: Roboto,Arial,sans-serif"
"2392","#tatDashboardPageV6509.active","","UnifiedControlsStyles.html","122","cdaRemakeTatUnifiedControlsV6509","27","7","true","1-1-0","Shared","1","display: block !important"
"2393",".tatShellV6509","","UnifiedControlsStyles.html","123","cdaRemakeTatUnifiedControlsV6509","27","7","true","0-1-0","Shared","0","max-width: 1900px; margin: 0 auto; padding: 8px 10px 28px"
"2394",".tatKpiStageV6509","","UnifiedControlsStyles.html","124","cdaRemakeTatUnifiedControlsV6509","27","7","true","0-1-0","Shared","0","position: relative; padding: 9px 34px 10px; background: #e8e6ea; border-bottom: 1px solid #d7dce2"
"2395",".tatKpisV6509","","UnifiedControlsStyles.html","125","cdaRemakeTatUnifiedControlsV6509","27","7","true","0-1-0","Shared","0","display: grid; grid-template-columns: repeat(5,minmax(145px,190px)); justify-content: center; gap: 9px"
"2396",".tatKpiV6509","","UnifiedControlsStyles.html","126","cdaRemakeTatUnifiedControlsV6509","27","7","true","0-1-0","Shared","0","min-width: 0; min-height: 72px; padding: 9px 11px; background: #fff; border: 1px solid #d7dce2; border-radius: 8px; box-shadow: 0 1px 3px rgba(20,32,42,.14)"
"2397",".tatKpiV6509 .label","","UnifiedControlsStyles.html","127","cdaRemakeTatUnifiedControlsV6509","27","7","true","0-2-0","Shared","0","color: #667085; font-size: 9px; font-weight: 900; letter-spacing: .045em; text-transform: uppercase"
"2398",".tatKpiV6509 .value","","UnifiedControlsStyles.html","128","cdaRemakeTatUnifiedControlsV6509","27","7","true","0-2-0","Shared","0","margin-top: 5px; color: #172033; font-size: 24px; line-height: 1; font-weight: 900; letter-spacing: -.025em"
"2399",".tatKpiV6509 .sub","","UnifiedControlsStyles.html","129","cdaRemakeTatUnifiedControlsV6509","27","7","true","0-2-0","Shared","0","margin-top: 6px; color: #667085; font-size: 9px; line-height: 1.15; font-weight: 750; white-space: nowrap; overflow: hidden; text-overflow: ellipsis"
"2400",".tatKpiV6509 .sub.good","","UnifiedControlsStyles.html","130","cdaRemakeTatUnifiedControlsV6509","27","7","true","0-3-0","Shared","0","color: #067647"
"2401",".tatKpiV6509 .sub.bad","","UnifiedControlsStyles.html","130","cdaRemakeTatUnifiedControlsV6509","27","7","true","0-3-0","Shared","0","color: #b42318"
"2402",".tatStampV6509","","UnifiedControlsStyles.html","131","cdaRemakeTatUnifiedControlsV6509","27","7","true","0-1-0","Shared","0","position: absolute; top: 7px; right: 9px; color: #667085; font-size: 9px; font-weight: 800; white-space: nowrap"
"2403",".tatStampV6509.loading","","UnifiedControlsStyles.html","132","cdaRemakeTatUnifiedControlsV6509","27","7","true","0-2-0","Shared","0","color: #7a4a00"
"2404",".tatCoverageV6509","","UnifiedControlsStyles.html","133","cdaRemakeTatUnifiedControlsV6509","27","7","true","0-1-0","Shared","0","display: flex; align-items: stretch; gap: 0; margin: 8px 2px; background: #fff; border: 1px solid #d7dce2; border-radius: 8px; box-shadow: 0 1px 3px rgba(20,32,42,.10); overflow: hidden"
"2405",".tatCoverageMetricV6509","","UnifiedControlsStyles.html","134","cdaRemakeTatUnifiedControlsV6509","27","7","true","0-1-0","Shared","0","flex: 0 0 auto; min-width: 118px; padding: 8px 11px; border-right: 1px solid #e4e7ec"
"2406",".tatCoverageMetricV6509:last-of-type","","UnifiedControlsStyles.html","135","cdaRemakeTatUnifiedControlsV6509","27","7","true","0-2-0","Shared","0","border-right: 0"
"2407",".tatCoverageMetricV6509 span","","UnifiedControlsStyles.html","136","cdaRemakeTatUnifiedControlsV6509","27","7","true","0-1-1","Shared","0","display: block; color: #667085; font-size: 8.5px; font-weight: 900; text-transform: uppercase; letter-spacing: .035em"
"2408",".tatCoverageMetricV6509 strong","","UnifiedControlsStyles.html","137","cdaRemakeTatUnifiedControlsV6509","27","7","true","0-1-1","Shared","0","display: block; margin-top: 3px; color: #172033; font-size: 15px; font-weight: 900"
"2409",".tatCoverageNoteV6509","","UnifiedControlsStyles.html","138","cdaRemakeTatUnifiedControlsV6509","27","7","true","0-1-0","Shared","0","flex: 1 1 auto; display: flex; align-items: center; padding: 8px 12px; color: #667085; font-size: 9.5px; font-weight: 750; line-height: 1.35; background: #fbfcfd"
"2410",".tatCoverageV6509.warn","","UnifiedControlsStyles.html","139","cdaRemakeTatUnifiedControlsV6509","27","7","true","0-2-0","Shared","0","border-color: #f2c94c"
"2411",".tatCoverageV6509.warn .tatCoverageNoteV6509","","UnifiedControlsStyles.html","139","cdaRemakeTatUnifiedControlsV6509","27","7","true","0-3-0","Shared","0","background: #fff7d6; color: #7a4a00"
"2412",".tatPillsV6509","","UnifiedControlsStyles.html","140","cdaRemakeTatUnifiedControlsV6509","27","7","true","0-1-0","Shared","0","display: flex; align-items: center; gap: 6px; flex-wrap: wrap; min-height: 0; margin: 8px 2px"
"2413",".tatPillV6509","","UnifiedControlsStyles.html","141","cdaRemakeTatUnifiedControlsV6509","27","7","true","0-1-0","Shared","0","display: inline-flex; align-items: center; gap: 5px; height: 26px; padding: 0 9px; border: 1px solid #f2c94c; border-radius: 999px; background: #fff7d6; color: #7a4a00; font-size: 9.5px; font-weight: 900"
"2414",".tatPillV6509 button","","UnifiedControlsStyles.html","142","cdaRemakeTatUnifiedControlsV6509","27","7","true","0-1-1","Shared","0","width: 16px; height: 16px; border: 0; border-radius: 50%; padding: 0; background: transparent; color: #7a4a00; font-weight: 900; cursor: pointer"
"2415",".tatNoticeV6509","","UnifiedControlsStyles.html","143","cdaRemakeTatUnifiedControlsV6509","27","7","true","0-1-0","Shared","0","display: none; margin: 7px 2px; padding: 8px 10px; border: 1px solid #f2c94c; border-radius: 8px; background: #fff7d6; color: #7a4a00; font-size: 10px; font-weight: 800"
"2416",".tatNoticeV6509.error","","UnifiedControlsStyles.html","144","cdaRemakeTatUnifiedControlsV6509","27","7","true","0-2-0","Shared","0","border-color: #fda29b; background: #fef3f2; color: #b42318"
"2417",".tatGridV6509","","UnifiedControlsStyles.html","145","cdaRemakeTatUnifiedControlsV6509","27","7","true","0-1-0","Shared","0","display: grid; grid-template-columns: minmax(0,1.45fr) minmax(380px,.72fr); gap: 9px; align-items: stretch"
"2418",".tatCardV6509","","UnifiedControlsStyles.html","146","cdaRemakeTatUnifiedControlsV6509","27","7","true","0-1-0","Shared","0","min-width: 0; background: #fff; border: 1px solid #d7dce2; border-radius: 9px; box-shadow: 0 1px 3px rgba(20,32,42,.14); overflow: hidden"
"2419",".tatCardV6509.tatWideV6509","","UnifiedControlsStyles.html","147","cdaRemakeTatUnifiedControlsV6509","27","7","true","0-2-0","Shared","0","grid-column: 1 / -1"
"2420",".tatCardHeadV6509","","UnifiedControlsStyles.html","148","cdaRemakeTatUnifiedControlsV6509","27","7","true","0-1-0","Shared","0","display: flex; justify-content: space-between; align-items: center; gap: 8px; min-height: 40px; padding: 7px 10px; border-bottom: 1px solid #e4e7ec"
"2421",".tatCardTitleV6509","","UnifiedControlsStyles.html","149","cdaRemakeTatUnifiedControlsV6509","27","7","true","0-1-0","Shared","0","color: #172033; font-size: 11px; font-weight: 900"
"2422",".tatCardSubV6509","","UnifiedControlsStyles.html","150","cdaRemakeTatUnifiedControlsV6509","27","7","true","0-1-0","Shared","0","margin-top: 2px; color: #667085; font-size: 8.5px; font-weight: 700"
"2423",".tatCardActionsV6509","","UnifiedControlsStyles.html","151","cdaRemakeTatUnifiedControlsV6509","27","7","true","0-1-0","Shared","0","display: flex; align-items: center; gap: 4px; flex-wrap: wrap; justify-content: flex-end"
"2424",".tatMiniButtonV6509","","UnifiedControlsStyles.html","152","cdaRemakeTatUnifiedControlsV6509","27","7","true","0-1-0","Shared","0","height: 25px; padding: 0 7px; border: 1px solid #cbd5df; border-radius: 6px; background: #fff; color: #475467; cursor: pointer; font: 800 9px/1 Roboto,Arial,sans-serif; white-space: nowrap"
"2425",".tatMiniButtonV6509:hover","","UnifiedControlsStyles.html","153","cdaRemakeTatUnifiedControlsV6509","27","7","true","0-2-0","Shared","0","background: #fff7d6; border-color: #f2c94c; color: #7a4a00"
"2426",".tatMiniButtonV6509.active","","UnifiedControlsStyles.html","153","cdaRemakeTatUnifiedControlsV6509","27","7","true","0-2-0","Shared","0","background: #fff7d6; border-color: #f2c94c; color: #7a4a00"
"2427",".tatCollapseButtonV6509","","UnifiedControlsStyles.html","154","cdaRemakeTatUnifiedControlsV6509","27","7","true","0-1-0","Shared","0","width: 27px; padding: 0; font-size: 14px"
"2428",".tatCardV6509.collapsed .tatCollapsibleBodyV6509","","UnifiedControlsStyles.html","155","cdaRemakeTatUnifiedControlsV6509","27","7","true","0-3-0","Shared","1","display: none !important"
"2429",".tatCardV6509.collapsed .tatCardHeadV6509","","UnifiedControlsStyles.html","156","cdaRemakeTatUnifiedControlsV6509","27","7","true","0-3-0","Shared","0","border-bottom: 0"
"2430",".tatChartV6509","","UnifiedControlsStyles.html","157","cdaRemakeTatUnifiedControlsV6509","27","7","true","0-1-0","Shared","0","height: 310px; padding: 7px 9px 10px"
"2431",".tatChartV6509 canvas","","UnifiedControlsStyles.html","158","cdaRemakeTatUnifiedControlsV6509","27","7","true","0-1-1","Shared","2","width: 100% !important; height: 100% !important"
"2432",".tatSummaryTableV6509","","UnifiedControlsStyles.html","159","cdaRemakeTatUnifiedControlsV6509","27","7","true","0-1-0","Shared","0","height: 310px; overflow: auto; scrollbar-gutter: stable"
"2433",".tatCustomersWrapV6509","","UnifiedControlsStyles.html","160","cdaRemakeTatUnifiedControlsV6509","27","7","true","0-1-0","Shared","0","height: 430px; overflow: auto; scrollbar-gutter: stable both-edges"
"2434",".tatQualityBodyV6509","","UnifiedControlsStyles.html","161","cdaRemakeTatUnifiedControlsV6509","27","7","true","0-1-0","Shared","0","padding: 9px"
"2435",".tatIssueSummaryV6509","","UnifiedControlsStyles.html","162","cdaRemakeTatUnifiedControlsV6509","27","7","true","0-1-0","Shared","0","display: grid; grid-template-columns: repeat(5,minmax(125px,1fr)); gap: 7px; margin-bottom: 8px"
"2436",".tatIssueButtonV6509","","UnifiedControlsStyles.html","163","cdaRemakeTatUnifiedControlsV6509","27","7","true","0-1-0","Shared","0","min-width: 0; padding: 8px 9px; border: 1px solid #d7dce2; border-radius: 7px; background: #fff; color: #344054; text-align: left; cursor: pointer"
"2437",".tatIssueButtonV6509:hover","","UnifiedControlsStyles.html","164","cdaRemakeTatUnifiedControlsV6509","27","7","true","0-2-0","Shared","0","border-color: #f2c94c; background: #fff7d6; color: #7a4a00"
"2438",".tatIssueButtonV6509.active","","UnifiedControlsStyles.html","164","cdaRemakeTatUnifiedControlsV6509","27","7","true","0-2-0","Shared","0","border-color: #f2c94c; background: #fff7d6; color: #7a4a00"
"2439",".tatIssueButtonV6509 span","","UnifiedControlsStyles.html","165","cdaRemakeTatUnifiedControlsV6509","27","7","true","0-1-1","Shared","0","display: block; font-size: 8.5px; font-weight: 900; text-transform: uppercase; letter-spacing: .035em; white-space: nowrap; overflow: hidden; text-overflow: ellipsis"
"2440",".tatIssueButtonV6509 strong","","UnifiedControlsStyles.html","166","cdaRemakeTatUnifiedControlsV6509","27","7","true","0-1-1","Shared","0","display: block; margin-top: 4px; font-size: 17px; font-weight: 900"
"2441",".tatQualityTableWrapV6509","","UnifiedControlsStyles.html","167","cdaRemakeTatUnifiedControlsV6509","27","7","true","0-1-0","Shared","0","height: 360px; overflow: auto; scrollbar-gutter: stable both-edges"
"2442",".tatTableV6509","","UnifiedControlsStyles.html","168","cdaRemakeTatUnifiedControlsV6509","27","7","true","0-1-0","Shared","0","width: 100%; border-collapse: collapse; font-size: 10px"
"2443",".tatTableV6509 th","","UnifiedControlsStyles.html","169","cdaRemakeTatUnifiedControlsV6509","27","7","true","0-1-1","Shared","0","position: sticky; top: 0; z-index: 2; padding: 7px 8px; border: 1px solid #34454f; background: #203038; color: #fff; text-align: left; font-size: 9px; font-weight: 900; white-space: nowrap; cursor: default"
"2444",".tatTableV6509 td","","UnifiedControlsStyles.html","170","cdaRemakeTatUnifiedControlsV6509","27","7","true","0-1-1","Shared","0","padding: 7px 8px; border: 1px solid #e5e7eb; background: #fff; color: #344054; font-weight: 700; white-space: nowrap"
"2445",".tatTableV6509 tbody tr:nth-child(even) td","","UnifiedControlsStyles.html","171","cdaRemakeTatUnifiedControlsV6509","27","7","true","0-2-3","Shared","0","background: #fafafa"
"2446",".tatTableV6509 tbody tr.clickable","","UnifiedControlsStyles.html","172","cdaRemakeTatUnifiedControlsV6509","27","7","true","0-2-2","Shared","0","cursor: pointer"
"2447",".tatTableV6509 tbody tr.clickable:hover td","","UnifiedControlsStyles.html","173","cdaRemakeTatUnifiedControlsV6509","27","7","true","0-3-3","Shared","0","background: #eef4ff"
"2448",".tatTableV6509 tbody tr.selected td","","UnifiedControlsStyles.html","173","cdaRemakeTatUnifiedControlsV6509","27","7","true","0-2-3","Shared","0","background: #eef4ff"
"2449",".tatTableV6509 td.num","","UnifiedControlsStyles.html","174","cdaRemakeTatUnifiedControlsV6509","27","7","true","0-2-1","Shared","0","text-align: right"
"2450",".tatTableV6509 th.num","","UnifiedControlsStyles.html","174","cdaRemakeTatUnifiedControlsV6509","27","7","true","0-2-1","Shared","0","text-align: right"
"2451",".tatEmptyV6509","","UnifiedControlsStyles.html","175","cdaRemakeTatUnifiedControlsV6509","27","7","true","0-1-0","Shared","5","padding: 34px !important; text-align: center !important; color: #667085 !important; font-size: 11px !important; font-weight: 800 !important"
"2452","#remakeTabFilterHostV6337 [data-filter-kind=""product""]","@media(max-width:1450px)","UnifiedControlsStyles.html","178","cdaRemakeTatUnifiedControlsV6509","27","7","true","1-1-0","Shared","1","width: 150px !important"
"2453","#tatTabFilterHostV6509 [data-filter-kind=""product""]","@media(max-width:1450px)","UnifiedControlsStyles.html","178","cdaRemakeTatUnifiedControlsV6509","27","7","true","1-1-0","Shared","1","width: 150px !important"
"2454","#remakeTabFilterHostV6337 [data-filter-kind=""customer""]","@media(max-width:1450px)","UnifiedControlsStyles.html","179","cdaRemakeTatUnifiedControlsV6509","27","7","true","1-1-0","Shared","1","width: 158px !important"
"2455","#tatTabFilterHostV6509 [data-filter-kind=""customer""]","@media(max-width:1450px)","UnifiedControlsStyles.html","179","cdaRemakeTatUnifiedControlsV6509","27","7","true","1-1-0","Shared","1","width: 158px !important"
"2456","#remakeTabFilterHostV6337 [data-filter-kind=""department""]","@media(max-width:1450px)","UnifiedControlsStyles.html","180","cdaRemakeTatUnifiedControlsV6509","27","7","true","1-1-0","Shared","1","width: 125px !important"
"2457","#tatTabFilterHostV6509 [data-filter-kind=""department""]","@media(max-width:1450px)","UnifiedControlsStyles.html","180","cdaRemakeTatUnifiedControlsV6509","27","7","true","1-1-0","Shared","1","width: 125px !important"
"2458","#remakeTabFilterHostV6337 [data-filter-kind=""productGroup""]","@media(max-width:1450px)","UnifiedControlsStyles.html","180","cdaRemakeTatUnifiedControlsV6509","27","7","true","1-1-0","Shared","1","width: 125px !important"
"2459","#tatTabFilterHostV6509 [data-filter-kind=""productGroup""]","@media(max-width:1450px)","UnifiedControlsStyles.html","180","cdaRemakeTatUnifiedControlsV6509","27","7","true","1-1-0","Shared","1","width: 125px !important"
"2460","#remakeTabFilterHostV6337 [data-filter-kind=""reason""]","@media(max-width:1450px)","UnifiedControlsStyles.html","180","cdaRemakeTatUnifiedControlsV6509","27","7","true","1-1-0","Shared","1","width: 125px !important"
"2461","#tatTabFilterHostV6509 [data-filter-kind=""reason""]","@media(max-width:1450px)","UnifiedControlsStyles.html","180","cdaRemakeTatUnifiedControlsV6509","27","7","true","1-1-0","Shared","1","width: 125px !important"
"2462",".tatKpisV6509","@media(max-width:1450px)","UnifiedControlsStyles.html","181","cdaRemakeTatUnifiedControlsV6509","27","7","true","0-1-0","Shared","0","grid-template-columns: repeat(5,minmax(128px,175px))"
"2463","#tatTabFilterHostV6509","@media(max-width:1279px)","UnifiedControlsStyles.html","183","cdaRemakeTatUnifiedControlsV6509","27","7","true","1-0-0","Shared","1","display: none !important"
"2464",".tatGridV6509","@media(max-width:1279px)","UnifiedControlsStyles.html","183","cdaRemakeTatUnifiedControlsV6509","27","7","true","0-1-0","Shared","0","grid-template-columns: 1fr"
"2465",".tatCardV6509.tatWideV6509","@media(max-width:1279px)","UnifiedControlsStyles.html","183","cdaRemakeTatUnifiedControlsV6509","27","7","true","0-2-0","Shared","0","grid-column: 1"
"2466",".tatKpisV6509","@media(max-width:1279px)","UnifiedControlsStyles.html","183","cdaRemakeTatUnifiedControlsV6509","27","7","true","0-1-0","Shared","0","grid-template-columns: repeat(3,minmax(145px,1fr))"
"2467",".tatIssueSummaryV6509","@media(max-width:1279px)","UnifiedControlsStyles.html","183","cdaRemakeTatUnifiedControlsV6509","27","7","true","0-1-0","Shared","0","grid-template-columns: repeat(2,minmax(0,1fr))"
"2468",".tatCoverageV6509","@media(max-width:1279px)","UnifiedControlsStyles.html","183","cdaRemakeTatUnifiedControlsV6509","27","7","true","0-1-0","Shared","0","flex-wrap: wrap"
"2469",".tatCoverageNoteV6509","@media(max-width:1279px)","UnifiedControlsStyles.html","183","cdaRemakeTatUnifiedControlsV6509","27","7","true","0-1-0","Shared","0","flex-basis: 100%"
"2470",".tatKpisV6509","@media(max-width:700px)","UnifiedControlsStyles.html","184","cdaRemakeTatUnifiedControlsV6509","27","7","true","0-1-0","Shared","0","grid-template-columns: repeat(2,minmax(0,1fr))"
"2471",".tatKpiV6509 .value","@media(max-width:700px)","UnifiedControlsStyles.html","184","cdaRemakeTatUnifiedControlsV6509","27","7","true","0-2-0","Shared","0","font-size: 21px"
"2472",".tatChartV6509","@media(max-width:700px)","UnifiedControlsStyles.html","184","cdaRemakeTatUnifiedControlsV6509","27","7","true","0-1-0","Shared","0","height: 260px"
"2473",".tatSummaryTableV6509","@media(max-width:700px)","UnifiedControlsStyles.html","184","cdaRemakeTatUnifiedControlsV6509","27","7","true","0-1-0","Shared","0","height: 260px"
"2474",".tatCustomersWrapV6509","@media(max-width:700px)","UnifiedControlsStyles.html","184","cdaRemakeTatUnifiedControlsV6509","27","7","true","0-1-0","Shared","0","height: 380px"
"2475",".tatQualityTableWrapV6509","@media(max-width:700px)","UnifiedControlsStyles.html","184","cdaRemakeTatUnifiedControlsV6509","27","7","true","0-1-0","Shared","0","height: 380px"
"2476",".tatIssueSummaryV6509","@media(max-width:700px)","UnifiedControlsStyles.html","184","cdaRemakeTatUnifiedControlsV6509","27","7","true","0-1-0","Shared","0","grid-template-columns: 1fr"
"2477","body","","TatDashboardControllerScript.html","641","","28","8","true","0-0-1","TAT","0","font-family: Arial,sans-serif; padding: 18px; color: #172033"
"2478","table","","TatDashboardControllerScript.html","641","","28","8","true","0-0-1","TAT","0","border-collapse: collapse; width: 100%"
"2479","th","","TatDashboardControllerScript.html","641","","28","8","true","0-0-1","TAT","0","border: 1px solid #d0d5dd; padding: 7px; text-align: left"
"2480","td","","TatDashboardControllerScript.html","641","","28","8","true","0-0-1","TAT","0","border: 1px solid #d0d5dd; padding: 7px; text-align: left"
"2481","th","","TatDashboardControllerScript.html","641","","28","8","true","0-0-1","TAT","0","background: #203038; color: white"
"2482",".num","","TatDashboardControllerScript.html","641","","28","8","true","0-1-0","TAT","0","text-align: right"
"2483","#tatDashboardPageV6509.cleanRemakeV6230 .remakeChartModeBarV6230 button.active","","TatRemakeAliasStyles.html","2","cdaTatActualRemakeCssAliasV6512","29","9","true","1-3-1","Shared","4","background: #fff7d6 !important; color: #7a4a00 !important; border-color: #f2c94c !important; box-shadow: 0 0 0 1px rgba(242,201,76,.20),0 1px 3px rgba(245,158,11,.20) !important"
"2484","#tatDashboardPageV6509.cleanRemakeV6230 .remakeChartModeBarV6230 button[aria-pressed=""true""]","","TatRemakeAliasStyles.html","2","cdaTatActualRemakeCssAliasV6512","29","9","true","1-3-1","Shared","4","background: #fff7d6 !important; color: #7a4a00 !important; border-color: #f2c94c !important; box-shadow: 0 0 0 1px rgba(242,201,76,.20),0 1px 3px rgba(245,158,11,.20) !important"
"2485","#tatDashboardPageV6509.cleanRemakeV6230 .remakeChartModeBarV6230 button.active","","TatRemakeAliasStyles.html","9","cdaTatActualRemakeCssAliasV6512","29","9","true","1-3-1","Shared","4","background: #fff4c2 !important; color: #704300 !important; border-color: #f4b400 !important; box-shadow: inset 0 0 0 1px rgba(244,180,0,.18), 0 1px 3px rgba(180,110,0,.18) !important"
"2486","#tatDashboardPageV6509.cleanRemakeV6230 .remakeChartModeBarV6230 button[aria-pressed=""true""]","","TatRemakeAliasStyles.html","9","cdaTatActualRemakeCssAliasV6512","29","9","true","1-3-1","Shared","4","background: #fff4c2 !important; color: #704300 !important; border-color: #f4b400 !important; box-shadow: inset 0 0 0 1px rgba(244,180,0,.18), 0 1px 3px rgba(180,110,0,.18) !important"
"2487","#tatDashboardPageV6509.cleanRemakeV6230 .remakeChartBoxV6230 canvas","","TatRemakeAliasStyles.html","15","cdaTatActualRemakeCssAliasV6512","29","9","true","1-2-1","Shared","0","transition: opacity 80ms ease-out, filter 80ms ease-out"
"2488","#tatDashboardPageV6509.cleanRemakeV6230 .remakeStickyTopV6245","@media (min-width: 981px)","TatRemakeAliasStyles.html","18","cdaTatActualRemakeCssAliasV6512","29","9","true","1-2-0","Shared","1","padding-top: 4px !important"
"2489","#tatDashboardPageV6509.cleanRemakeV6230 .remakeFilterBarV6230","@media (min-width: 981px)","TatRemakeAliasStyles.html","20","cdaTatActualRemakeCssAliasV6512","29","9","true","1-2-0","Shared","6","display: grid !important; grid-template-columns: minmax(96px,.56fr) minmax(138px,.82fr) minmax(164px,1fr) minmax(142px,.88fr) minmax(164px,1fr) minmax(138px,.82fr) !important; gap: 6px !important; align-items: center !important; padding-right: 42px !important; margin-bottom: 0 !important"
"2490","#tatDashboardPageV6509.cleanRemakeV6230 .remakeFilter","@media (min-width: 981px)","TatRemakeAliasStyles.html","27","cdaTatActualRemakeCssAliasV6512","29","9","true","1-2-0","Shared","5","padding: 0 !important; min-height: 38px !important; border-radius: 9px !important; box-shadow: 0 1px 2px rgba(20,32,42,.08) !important; overflow: visible !important"
"2491","#tatDashboardPageV6509.cleanRemakeV6230 .remakeFilter label","@media (min-width: 981px)","TatRemakeAliasStyles.html","33","cdaTatActualRemakeCssAliasV6512","29","9","true","1-2-1","Shared","9","position: absolute !important; width: 1px !important; height: 1px !important; padding: 0 !important; margin: -1px !important; overflow: hidden !important; clip: rect(0,0,0,0) !important; white-space: nowrap !important; border: 0 !important"
"2492","#tatDashboardPageV6509.cleanRemakeV6230 .remakeDropdownButtonV6245","@media (min-width: 981px)","TatRemakeAliasStyles.html","43","cdaTatActualRemakeCssAliasV6512","29","9","true","1-2-0","Shared","8","min-height: 38px !important; height: 38px !important; border: 0 !important; border-radius: 9px !important; padding: 0 30px 0 12px !important; font-size: 11.5px !important; font-weight: 800 !important; background: #ffffff !important"
"2493","#tatDashboardPageV6509.cleanRemakeV6230 .remakeDropdownButtonV6245.active","@media (min-width: 981px)","TatRemakeAliasStyles.html","52","cdaTatActualRemakeCssAliasV6512","29","9","true","1-3-0","Shared","1","border: 1px solid #94a3b8 !important"
"2494","#tatDashboardPageV6509.cleanRemakeV6230 .remakeGlobalSearchBarV6304","@media (min-width: 981px)","TatRemakeAliasStyles.html","54","cdaTatActualRemakeCssAliasV6512","29","9","true","1-2-0","Shared","2","top: 2px !important; right: 2px !important"
"2495","#tatDashboardPageV6509.cleanRemakeV6230 .remakeGlobalSearchButtonV6304","@media (min-width: 981px)","TatRemakeAliasStyles.html","57","cdaTatActualRemakeCssAliasV6512","29","9","true","1-2-0","Shared","2","width: 36px !important; height: 36px !important"
"2496","#tatDashboardPageV6509.cleanRemakeV6230 .remakePillsV6230:not(:empty)","@media (min-width: 981px)","TatRemakeAliasStyles.html","60","cdaTatActualRemakeCssAliasV6512","29","9","true","1-3-0","Shared","1","margin-bottom: 1px !important"
"2497","#tatDashboardPageV6509.cleanRemakeV6230 .remakeFilterBarV6230","@media (min-width: 981px) and (max-width: 1250px)","TatRemakeAliasStyles.html","62","cdaTatActualRemakeCssAliasV6512","29","9","true","1-2-0","Shared","1","grid-template-columns: repeat(3,minmax(0,1fr)) !important"
"2498","#tatDashboardPageV6509.cleanRemakeV6230 .ceramistDetailChevronV6368","","TatRemakeAliasStyles.html","65","cdaTatActualRemakeCssAliasV6512","29","9","true","1-2-0","TAT","1","display: none !important"
"2499","#tatDashboardPageV6509.cleanRemakeV6230 #remakeCeramistDetailTableV6343 tbody tr.ceramistDetailClickableV6368","","TatRemakeAliasStyles.html","65","cdaTatActualRemakeCssAliasV6512","29","9","true","2-2-2","Shared","0","cursor: pointer"
"2500","#tatTabFilterHostV6509[hidden]","","TatRemakeAliasStyles.html","66","cdaTatActualRemakeCssAliasV6512","29","9","true","1-1-0","TAT","1","display: none !important"
"2501","#tatTabFilterHostV6509","","TatRemakeAliasStyles.html","66","cdaTatActualRemakeCssAliasV6512","29","9","true","1-0-0","TAT","0","display: flex; flex: 1 1 auto; min-width: 0; height: 100%; margin-left: auto; align-items: center; justify-content: flex-end; gap: 6px; overflow: visible; position: relative; z-index: 10020"
"2502","#tatTabFilterHostV6509 .remakeFilterBarV6230","","TatRemakeAliasStyles.html","78","cdaTatActualRemakeCssAliasV6512","29","9","true","1-1-0","Shared","11","display: grid !important; grid-template-columns: minmax(82px,.54fr) minmax(108px,.76fr) minmax(132px,.96fr) minmax(116px,.82fr) minmax(132px,.96fr) minmax(108px,.76fr) !important; flex: 1 1 auto !important; width: auto !important; max-width: 1240px !important; min-width: 0 !important; gap: 5px !important; align-items: center !important; padding: 0 !important; margin: 0 0 0 auto !important; overflow: visible !important"
"2503","#tatTabFilterHostV6509 .remakeFilter","","TatRemakeAliasStyles.html","90","cdaTatActualRemakeCssAliasV6512","29","9","true","1-1-0","Shared","8","min-width: 0 !important; min-height: 32px !important; padding: 0 !important; margin: 0 !important; border: 0 !important; border-radius: 0 !important; background: transparent !important; box-shadow: none !important"
"2504","#tatTabFilterHostV6509 .remakeMultiFilterV6245","","TatRemakeAliasStyles.html","99","cdaTatActualRemakeCssAliasV6512","29","9","true","1-1-0","Shared","2","position: relative !important; overflow: visible !important"
"2505","#tatTabFilterHostV6509 .remakeFilter label","","TatRemakeAliasStyles.html","102","cdaTatActualRemakeCssAliasV6512","29","9","true","1-1-1","Shared","9","position: absolute !important; width: 1px !important; height: 1px !important; padding: 0 !important; margin: -1px !important; overflow: hidden !important; clip: rect(0,0,0,0) !important; white-space: nowrap !important; border: 0 !important"
"2506","#tatTabFilterHostV6509 .remakeHiddenSelectV6245","","TatRemakeAliasStyles.html","112","cdaTatActualRemakeCssAliasV6512","29","9","true","1-1-0","Shared","1","display: none !important"
"2507","#tatTabFilterHostV6509 .remakeDropdownButtonV6245::after","","TatRemakeAliasStyles.html","112","cdaTatActualRemakeCssAliasV6512","29","9","true","1-1-1","Shared","0","content: ""▾""; position: absolute; right: 8px; top: 50%; transform: translateY(-50%); color: #475467; font-size: 11px"
"2508","#tatTabFilterHostV6509 .remakeDropdownButtonV6245:hover","","TatRemakeAliasStyles.html","120","cdaTatActualRemakeCssAliasV6512","29","9","true","1-2-0","Shared","2","border-color: #94a3b8 !important; background: #f8fafc !important"
"2509","#tatTabFilterHostV6509 .remakeDropdownButtonV6245.active","","TatRemakeAliasStyles.html","120","cdaTatActualRemakeCssAliasV6512","29","9","true","1-2-0","Shared","2","border-color: #94a3b8 !important; background: #f8fafc !important"
"2510","#tatTabFilterHostV6509 .remakeDropdownButtonV6245.active","","TatRemakeAliasStyles.html","124","cdaTatActualRemakeCssAliasV6512","29","9","true","1-2-0","Shared","1","box-shadow: 0 0 0 2px rgba(37,99,235,.10) !important"
"2511","#tatTabFilterHostV6509 .remakeDropdownPanelV6245","","TatRemakeAliasStyles.html","126","cdaTatActualRemakeCssAliasV6512","29","9","true","1-1-0","Shared","0","display: none; position: absolute; left: 0; right: auto; top: calc(100% + 5px); width: 360px; min-width: 320px; max-height: 430px; background: #fff; border: 1px solid #cbd5df; border-radius: 10px; box-shadow: 0 18px 38px rgba(16,24,40,.24); z-index: 10040; overflow: hidden"
"2512","#tatTabFilterHostV6509 [data-filter-kind=""year""] .remakeDropdownPanelV6245","","TatRemakeAliasStyles.html","141","cdaTatActualRemakeCssAliasV6512","29","9","true","1-2-0","Shared","0","width: 300px; min-width: 280px"
"2513","#tatTabFilterHostV6509 [data-filter-kind=""customer""] .remakeDropdownPanelV6245","","TatRemakeAliasStyles.html","141","cdaTatActualRemakeCssAliasV6512","29","9","true","1-2-0","Shared","0","left: auto; right: 0"
"2514","#tatTabFilterHostV6509 [data-filter-kind=""reason""] .remakeDropdownPanelV6245","","TatRemakeAliasStyles.html","141","cdaTatActualRemakeCssAliasV6512","29","9","true","1-2-0","Shared","0","left: auto; right: 0"
"2515","#tatTabFilterHostV6509 .remakeDropdownPanelV6245.open","","TatRemakeAliasStyles.html","142","cdaTatActualRemakeCssAliasV6512","29","9","true","1-2-0","Shared","1","display: block !important"
"2516","#tatTabFilterHostV6509 .remakeDropdownHeaderV6245","","TatRemakeAliasStyles.html","142","cdaTatActualRemakeCssAliasV6512","29","9","true","1-1-0","Shared","6","display: flex !important; gap: 6px !important; align-items: center !important; padding: 7px !important; border-bottom: 1px solid #e5e7eb !important; background: #f8fafc !important"
"2517","#tatTabFilterHostV6509 .remakeDropdownHeaderV6245 button","","TatRemakeAliasStyles.html","149","cdaTatActualRemakeCssAliasV6512","29","9","true","1-1-1","Shared","8","border: 1px solid #cbd5df !important; background: #fff !important; color: #1f2937 !important; border-radius: 999px !important; padding: 6px 8px !important; font: 800 11px/1 Roboto,Arial,sans-serif !important; cursor: pointer !important; white-space: nowrap !important"
"2518","#tatTabFilterHostV6509 .remakeDropdownCountV6245","","TatRemakeAliasStyles.html","158","cdaTatActualRemakeCssAliasV6512","29","9","true","1-1-0","Shared","4","margin-left: auto !important; color: #667085 !important; font: 800 11px/1 Roboto,Arial,sans-serif !important; white-space: nowrap !important"
"2519","#tatTabFilterHostV6509 .remakeDropdownSearchV6245","","TatRemakeAliasStyles.html","163","cdaTatActualRemakeCssAliasV6512","29","9","true","1-1-0","Shared","9","width: calc(100% - 14px) !important; margin: 7px !important; height: 32px !important; border: 1px solid #d5dae2 !important; border-radius: 7px !important; padding: 0 9px !important; color: #202124 !important; font: 700 12px/1 Roboto,Arial,sans-serif !important; outline: none !important"
"2520","#tatTabFilterHostV6509 .remakeDropdownSearchV6245:focus","","TatRemakeAliasStyles.html","173","cdaTatActualRemakeCssAliasV6512","29","9","true","1-2-0","Shared","2","border-color: #94a3b8 !important; box-shadow: 0 0 0 3px rgba(37,99,235,.10) !important"
"2521","#tatTabFilterHostV6509 .remakeDropdownListV6245","","TatRemakeAliasStyles.html","176","cdaTatActualRemakeCssAliasV6512","29","9","true","1-1-0","Shared","3","max-height: 304px !important; overflow-y: auto !important; scrollbar-gutter: stable both-edges !important"
"2522","#tatTabFilterHostV6509 .remakeDropdownRowV6245","","TatRemakeAliasStyles.html","180","cdaTatActualRemakeCssAliasV6512","29","9","true","1-1-0","Shared","8","display: grid !important; grid-template-columns: 24px minmax(0,1fr) auto !important; gap: 8px !important; align-items: center !important; padding: 7px 9px !important; border-bottom: 1px solid #f1f3f5 !important; cursor: pointer !important; user-select: none !important"
"2523","#tatTabFilterHostV6509 .remakeDropdownRowV6245:hover","","TatRemakeAliasStyles.html","189","cdaTatActualRemakeCssAliasV6512","29","9","true","1-2-0","Shared","1","background: #eef5ff !important"
"2524","#tatTabFilterHostV6509 .remakeDropdownRowV6245.active","","TatRemakeAliasStyles.html","189","cdaTatActualRemakeCssAliasV6512","29","9","true","1-2-0","Shared","1","background: #eef5ff !important"
"2525","#tatTabFilterHostV6509 .remakeDropdownRowV6245 input","","TatRemakeAliasStyles.html","190","cdaTatActualRemakeCssAliasV6512","29","9","true","1-1-1","Shared","4","pointer-events: none !important; width: 16px !important; height: 16px !important; accent-color: #2563eb !important"
"2526","#tatTabFilterHostV6509 .remakeDropdownLabelV6245","","TatRemakeAliasStyles.html","195","cdaTatActualRemakeCssAliasV6512","29","9","true","1-1-0","Shared","5","overflow: hidden !important; text-overflow: ellipsis !important; white-space: nowrap !important; font: 800 12px/1.2 Roboto,Arial,sans-serif !important; color: #344054 !important"
"2527","#tatTabFilterHostV6509 .remakeDropdownMetaV6245","","TatRemakeAliasStyles.html","201","cdaTatActualRemakeCssAliasV6512","29","9","true","1-1-0","Shared","3","display: inline-flex !important; align-items: center !important; gap: 6px !important"
"2528","#tatTabFilterHostV6509 .remakeDropdownOnlyV6245","","TatRemakeAliasStyles.html","205","cdaTatActualRemakeCssAliasV6512","29","9","true","1-1-0","Shared","7","border: 1px solid #d5dae2 !important; background: #fff !important; color: #475467 !important; border-radius: 999px !important; padding: 4px 7px !important; font: 900 10px/1 Roboto,Arial,sans-serif !important; cursor: pointer !important"
"2529","#tatTabFilterHostV6509 .remakeDropdownEmptyV6245","","TatRemakeAliasStyles.html","213","cdaTatActualRemakeCssAliasV6512","29","9","true","1-1-0","Shared","3","padding: 14px 10px !important; color: #667085 !important; font: 800 12px/1.3 Roboto,Arial,sans-serif !important"
"2530","#tatTabFilterHostV6509 .remakeTabToolButtonV6337","","TatRemakeAliasStyles.html","217","cdaTatActualRemakeCssAliasV6512","29","9","true","1-1-0","Shared","0","flex: 0 0 auto; height: 32px; min-height: 32px; border: 1px solid #cbd5e1; border-radius: 7px; background: #fff; color: #334155; display: inline-flex; align-items: center; justify-content: center; cursor: pointer; font: 800 11px/1 Roboto,Arial,sans-serif; box-shadow: none"
"2531","#tatTabFilterHostV6509 .remakeTabToolButtonV6337:hover","","TatRemakeAliasStyles.html","231","cdaTatActualRemakeCssAliasV6512","29","9","true","1-2-0","Shared","0","background: #fff7d6; border-color: #f2c94c; color: #7a4a00"
"2532","#tatTabFilterHostV6509 .remakeTabToolButtonV6337[aria-expanded=""true""]","","TatRemakeAliasStyles.html","231","cdaTatActualRemakeCssAliasV6512","29","9","true","1-2-0","Shared","0","background: #fff7d6; border-color: #f2c94c; color: #7a4a00"
"2533","#tatTabFilterHostV6509 .remakeTabSearchProxyV6337","","TatRemakeAliasStyles.html","236","cdaTatActualRemakeCssAliasV6512","29","9","true","1-1-0","Shared","0","width: 32px; min-width: 32px; padding: 0"
"2534","#tatTabFilterHostV6509 .remakeTabSearchProxyV6337 svg","","TatRemakeAliasStyles.html","236","cdaTatActualRemakeCssAliasV6512","29","9","true","1-1-1","Shared","0","width: 16px; height: 16px; fill: currentColor"
"2535","#tatTabFilterHostV6509 .remakeTabResetV6337","","TatRemakeAliasStyles.html","236","cdaTatActualRemakeCssAliasV6512","29","9","true","1-1-0","Shared","0","padding: 0 10px"
"2536","#tatTabFilterHostV6509 .remakeCacheActionBarV6338","","TatRemakeAliasStyles.html","236","cdaTatActualRemakeCssAliasV6512","29","9","true","1-1-0","Shared","0","display: inline-flex; flex: 0 0 auto; align-items: center; justify-content: flex-end; gap: 5px"
"2537","#tatTabFilterHostV6509 .remakeCacheActionBarV6338 .remakeButton","","TatRemakeAliasStyles.html","242","cdaTatActualRemakeCssAliasV6512","29","9","true","1-2-0","Shared","0","height: 32px; min-height: 32px; border: 1px solid #cbd5e1; border-radius: 7px; padding: 0 9px; background: #172033; color: #fff; display: inline-flex; align-items: center; justify-content: center; gap: 5px; cursor: pointer; font: 900 11px/1 Roboto,Arial,sans-serif; white-space: nowrap; box-shadow: none"
"2538","#tatTabFilterHostV6509 .remakeCacheActionBarV6338 .remakeButton.secondary","","TatRemakeAliasStyles.html","258","cdaTatActualRemakeCssAliasV6512","29","9","true","1-3-0","Shared","0","background: #fff7d6; color: #7a4a00; border-color: #f2c94c"
"2539","#tatTabFilterHostV6509 .remakeCacheActionBarV6338 .remakeButton:hover","","TatRemakeAliasStyles.html","262","cdaTatActualRemakeCssAliasV6512","29","9","true","1-3-0","Shared","0","filter: brightness(.97)"
"2540","#tatTabFilterHostV6509 .remakeCacheActionBarV6338 .remakeButton:disabled","","TatRemakeAliasStyles.html","262","cdaTatActualRemakeCssAliasV6512","29","9","true","1-3-0","Shared","0","opacity: .55; cursor: wait"
"2541","#tatTabFilterHostV6509 .remakeCacheActionIconV6338","","TatRemakeAliasStyles.html","262","cdaTatActualRemakeCssAliasV6512","29","9","true","1-1-0","Shared","0","font: 900 15px/1 Roboto,Arial,sans-serif"
"2542","#tatTabFilterHostV6509 .remakeCacheActionBarV6338 .remakeButton","@media (max-width:1500px) and (min-width:1280px)","TatRemakeAliasStyles.html","262","cdaTatActualRemakeCssAliasV6512","29","9","true","1-2-0","Shared","0","width: 32px; min-width: 32px; padding: 0"
"2543","#tatTabFilterHostV6509 .remakeCacheActionLabelV6338","@media (max-width:1500px) and (min-width:1280px)","TatRemakeAliasStyles.html","262","cdaTatActualRemakeCssAliasV6512","29","9","true","1-1-0","Shared","0","display: none"
"2544","#tatTabFilterHostV6509","@media (max-width:1279px)","TatRemakeAliasStyles.html","262","cdaTatActualRemakeCssAliasV6512","29","9","true","1-0-0","TAT","1","display: none !important"
"2545","#tatDashboardPageV6509.cleanRemakeV6230 .ceramistWorkspaceV6343","","TatRemakeAliasStyles.html","263","cdaTatActualRemakeCssAliasV6512","29","9","true","1-2-0","TAT","2","grid-template-columns: minmax(0,38%) minmax(0,62%) !important; min-height: 350px !important"
"2546","#tatDashboardPageV6509.cleanRemakeV6230 .ceramistPreviewTableWrapV6342","","TatRemakeAliasStyles.html","266","cdaTatActualRemakeCssAliasV6512","29","9","true","1-2-0","TAT","6","width: 100% !important; max-width: 100% !important; height: 310px !important; overflow-y: auto !important; overflow-x: hidden !important; scrollbar-gutter: stable !important"
"2547","#tatDashboardPageV6509.cleanRemakeV6230 #remakeCeramistTableV6342","","TatRemakeAliasStyles.html","273","cdaTatActualRemakeCssAliasV6512","29","9","true","2-1-0","Shared","4","table-layout: fixed !important; width: 100% !important; min-width: 0 !important; max-width: 100% !important"
"2548","#tatDashboardPageV6509.cleanRemakeV6230 #remakeCeramistDetailTableV6343","","TatRemakeAliasStyles.html","273","cdaTatActualRemakeCssAliasV6512","29","9","true","2-1-0","Shared","4","table-layout: fixed !important; width: 100% !important; min-width: 0 !important; max-width: 100% !important"
"2549","#tatDashboardPageV6509.cleanRemakeV6230 #remakeCeramistTableV6342 th","","TatRemakeAliasStyles.html","279","cdaTatActualRemakeCssAliasV6512","29","9","true","2-1-1","Shared","7","min-width: 0 !important; max-width: none !important; padding: 6px 7px !important; line-height: 1.15 !important; white-space: nowrap !important; overflow: hidden !important; text-overflow: ellipsis !important"
"2550","#tatDashboardPageV6509.cleanRemakeV6230 #remakeCeramistTableV6342 td","","TatRemakeAliasStyles.html","279","cdaTatActualRemakeCssAliasV6512","29","9","true","2-1-1","Shared","7","min-width: 0 !important; max-width: none !important; padding: 6px 7px !important; line-height: 1.15 !important; white-space: nowrap !important; overflow: hidden !important; text-overflow: ellipsis !important"
"2551","#tatDashboardPageV6509.cleanRemakeV6230 #remakeCeramistDetailTableV6343 th","","TatRemakeAliasStyles.html","279","cdaTatActualRemakeCssAliasV6512","29","9","true","2-1-1","Shared","7","min-width: 0 !important; max-width: none !important; padding: 6px 7px !important; line-height: 1.15 !important; white-space: nowrap !important; overflow: hidden !important; text-overflow: ellipsis !important"
"2552","#tatDashboardPageV6509.cleanRemakeV6230 #remakeCeramistDetailTableV6343 td","","TatRemakeAliasStyles.html","279","cdaTatActualRemakeCssAliasV6512","29","9","true","2-1-1","Shared","7","min-width: 0 !important; max-width: none !important; padding: 6px 7px !important; line-height: 1.15 !important; white-space: nowrap !important; overflow: hidden !important; text-overflow: ellipsis !important"
"2553","#tatDashboardPageV6509.cleanRemakeV6230 #remakeCeramistTableV6342 th:nth-child(1)","","TatRemakeAliasStyles.html","290","cdaTatActualRemakeCssAliasV6512","29","9","true","2-2-1","Shared","2","width: 28% !important; text-align: left !important"
"2554","#tatDashboardPageV6509.cleanRemakeV6230 #remakeCeramistTableV6342 td:nth-child(1)","","TatRemakeAliasStyles.html","290","cdaTatActualRemakeCssAliasV6512","29","9","true","2-2-1","Shared","2","width: 28% !important; text-align: left !important"
"2555","#tatDashboardPageV6509.cleanRemakeV6230 #remakeCeramistTableV6342 th:nth-child(2)","","TatRemakeAliasStyles.html","291","cdaTatActualRemakeCssAliasV6512","29","9","true","2-2-1","Shared","2","width: 20% !important; text-align: left !important"
"2556","#tatDashboardPageV6509.cleanRemakeV6230 #remakeCeramistTableV6342 td:nth-child(2)","","TatRemakeAliasStyles.html","291","cdaTatActualRemakeCssAliasV6512","29","9","true","2-2-1","Shared","2","width: 20% !important; text-align: left !important"
"2557","#tatDashboardPageV6509.cleanRemakeV6230 #remakeCeramistTableV6342 th:nth-child(3)","","TatRemakeAliasStyles.html","292","cdaTatActualRemakeCssAliasV6512","29","9","true","2-2-1","Shared","2","width: 10% !important; text-align: right !important"
"2558","#tatDashboardPageV6509.cleanRemakeV6230 #remakeCeramistTableV6342 td:nth-child(3)","","TatRemakeAliasStyles.html","292","cdaTatActualRemakeCssAliasV6512","29","9","true","2-2-1","Shared","2","width: 10% !important; text-align: right !important"
"2559","#tatDashboardPageV6509.cleanRemakeV6230 #remakeCeramistTableV6342 th:nth-child(4)","","TatRemakeAliasStyles.html","293","cdaTatActualRemakeCssAliasV6512","29","9","true","2-2-1","Shared","2","width: 12% !important; text-align: right !important"
"2560","#tatDashboardPageV6509.cleanRemakeV6230 #remakeCeramistTableV6342 td:nth-child(4)","","TatRemakeAliasStyles.html","293","cdaTatActualRemakeCssAliasV6512","29","9","true","2-2-1","Shared","2","width: 12% !important; text-align: right !important"
"2561","#tatDashboardPageV6509.cleanRemakeV6230 #remakeCeramistTableV6342 th:nth-child(5)","","TatRemakeAliasStyles.html","294","cdaTatActualRemakeCssAliasV6512","29","9","true","2-2-1","Shared","2","width: 13% !important; text-align: right !important"
"2562","#tatDashboardPageV6509.cleanRemakeV6230 #remakeCeramistTableV6342 td:nth-child(5)","","TatRemakeAliasStyles.html","294","cdaTatActualRemakeCssAliasV6512","29","9","true","2-2-1","Shared","2","width: 13% !important; text-align: right !important"
"2563","#tatDashboardPageV6509.cleanRemakeV6230 #remakeCeramistTableV6342 th:nth-child(6)","","TatRemakeAliasStyles.html","295","cdaTatActualRemakeCssAliasV6512","29","9","true","2-2-1","Shared","2","width: 17% !important; text-align: right !important"
"2564","#tatDashboardPageV6509.cleanRemakeV6230 #remakeCeramistTableV6342 td:nth-child(6)","","TatRemakeAliasStyles.html","295","cdaTatActualRemakeCssAliasV6512","29","9","true","2-2-1","Shared","2","width: 17% !important; text-align: right !important"
"2565","#tatDashboardPageV6509.cleanRemakeV6230 #remakeCeramistDetailTableV6343 th:nth-child(1)","","TatRemakeAliasStyles.html","296","cdaTatActualRemakeCssAliasV6512","29","9","true","2-2-1","Shared","2","width: 44% !important; text-align: left !important"
"2566","#tatDashboardPageV6509.cleanRemakeV6230 #remakeCeramistDetailTableV6343 td:nth-child(1)","","TatRemakeAliasStyles.html","296","cdaTatActualRemakeCssAliasV6512","29","9","true","2-2-1","Shared","2","width: 44% !important; text-align: left !important"
"2567","#tatDashboardPageV6509.cleanRemakeV6230 #remakeCeramistDetailTableV6343 th:nth-child(2)","","TatRemakeAliasStyles.html","297","cdaTatActualRemakeCssAliasV6512","29","9","true","2-2-1","Shared","2","width: 12% !important; text-align: right !important"
"2568","#tatDashboardPageV6509.cleanRemakeV6230 #remakeCeramistDetailTableV6343 td:nth-child(2)","","TatRemakeAliasStyles.html","297","cdaTatActualRemakeCssAliasV6512","29","9","true","2-2-1","Shared","2","width: 12% !important; text-align: right !important"
"2569","#tatDashboardPageV6509.cleanRemakeV6230 #remakeCeramistDetailTableV6343 th:nth-child(3)","","TatRemakeAliasStyles.html","298","cdaTatActualRemakeCssAliasV6512","29","9","true","2-2-1","Shared","2","width: 14% !important; text-align: right !important"
"2570","#tatDashboardPageV6509.cleanRemakeV6230 #remakeCeramistDetailTableV6343 td:nth-child(3)","","TatRemakeAliasStyles.html","298","cdaTatActualRemakeCssAliasV6512","29","9","true","2-2-1","Shared","2","width: 14% !important; text-align: right !important"
"2571","#tatDashboardPageV6509.cleanRemakeV6230 #remakeCeramistDetailTableV6343 th:nth-child(4)","","TatRemakeAliasStyles.html","299","cdaTatActualRemakeCssAliasV6512","29","9","true","2-2-1","Shared","2","width: 14% !important; text-align: right !important"
"2572","#tatDashboardPageV6509.cleanRemakeV6230 #remakeCeramistDetailTableV6343 td:nth-child(4)","","TatRemakeAliasStyles.html","299","cdaTatActualRemakeCssAliasV6512","29","9","true","2-2-1","Shared","2","width: 14% !important; text-align: right !important"
"2573","#tatDashboardPageV6509.cleanRemakeV6230 #remakeCeramistDetailTableV6343 th:nth-child(5)","","TatRemakeAliasStyles.html","300","cdaTatActualRemakeCssAliasV6512","29","9","true","2-2-1","Shared","2","width: 16% !important; text-align: right !important"
"2574","#tatDashboardPageV6509.cleanRemakeV6230 #remakeCeramistDetailTableV6343 td:nth-child(5)","","TatRemakeAliasStyles.html","300","cdaTatActualRemakeCssAliasV6512","29","9","true","2-2-1","Shared","2","width: 16% !important; text-align: right !important"
"2575","#tatDashboardPageV6509.cleanRemakeV6230 .ceramistSectionRowV6348 td","","TatRemakeAliasStyles.html","301","cdaTatActualRemakeCssAliasV6512","29","9","true","1-2-1","TAT","9","background: #eef2f6 !important; color: #475467 !important; font-weight: 900 !important; font-size: 9.5px !important; letter-spacing: .04em !important; text-transform: uppercase !important; text-align: left !important; border-top: 1px solid #d8dee8 !important; border-bottom: 1px solid #d8dee8 !important"
"2576","#tatDashboardPageV6509.cleanRemakeV6230 .ceramistWorkspaceV6343","@media(max-width:1180px)","TatRemakeAliasStyles.html","311","cdaTatActualRemakeCssAliasV6512","29","9","true","1-2-0","TAT","1","grid-template-columns: 1fr !important"
"2577","#tatDashboardPageV6509.cleanRemakeV6230 .ceramistPanelV6343 + .ceramistPanelV6343","@media(max-width:1180px)","TatRemakeAliasStyles.html","311","cdaTatActualRemakeCssAliasV6512","29","9","true","1-3-0","TAT","2","border-left: 0 !important; border-top: 1px solid #dfe4eb !important"
"2578","#tatDashboardPageV6509.cleanRemakeV6230 .ceramistPreviewTableWrapV6342","@media(max-width:1180px)","TatRemakeAliasStyles.html","314","cdaTatActualRemakeCssAliasV6512","29","9","true","1-2-0","TAT","1","height: 280px !important"
"2579","#tatDashboardPageV6509.cleanRemakeV6230 .remakeCardTitle","","TatRemakeAliasStyles.html","315","cdaTatActualRemakeCssAliasV6512","29","9","true","1-2-0","Shared","2","font-size: 12px !important; line-height: 1.2 !important"
"2580","#tatDashboardPageV6509.cleanRemakeV6230 .ceramistPanelTitleV6343","","TatRemakeAliasStyles.html","315","cdaTatActualRemakeCssAliasV6512","29","9","true","1-2-0","TAT","2","font-size: 12px !important; line-height: 1.2 !important"
"2581","#tatDashboardPageV6509.cleanRemakeV6230 .remakeTable:not(.compareColumnsV6301)","","TatRemakeAliasStyles.html","319","cdaTatActualRemakeCssAliasV6512","29","9","true","1-3-0","Shared","6","width: 100% !important; max-width: 100% !important; min-width: 0 !important; table-layout: fixed !important; font-size: 10.5px !important; line-height: 1.2 !important"
"2582","#tatDashboardPageV6509.cleanRemakeV6230 .remakeTable:not(.compareColumnsV6301) thead th","","TatRemakeAliasStyles.html","326","cdaTatActualRemakeCssAliasV6512","29","9","true","1-3-2","Shared","8","height: 28px !important; padding: 5px 6px !important; font-size: 10px !important; line-height: 1.2 !important; font-weight: 900 !important; white-space: nowrap !important; overflow: hidden !important; text-overflow: ellipsis !important"
"2583","#tatDashboardPageV6509.cleanRemakeV6230 .remakeTable:not(.compareColumnsV6301) tbody td","","TatRemakeAliasStyles.html","335","cdaTatActualRemakeCssAliasV6512","29","9","true","1-3-2","Shared","6","padding: 5px 6px !important; font-size: 10.5px !important; line-height: 1.2 !important; white-space: nowrap !important; overflow: hidden !important; text-overflow: ellipsis !important"
"2584","#tatDashboardPageV6509.cleanRemakeV6230 .remakeTable:not(.compareColumnsV6301) .customerNameText","","TatRemakeAliasStyles.html","342","cdaTatActualRemakeCssAliasV6512","29","9","true","1-4-0","Shared","2","font-size: 10.5px !important; line-height: 1.2 !important"
"2585","#tatDashboardPageV6509.cleanRemakeV6230 .remakeTable:not(.compareColumnsV6301) .remakeNameText","","TatRemakeAliasStyles.html","342","cdaTatActualRemakeCssAliasV6512","29","9","true","1-4-0","Shared","2","font-size: 10.5px !important; line-height: 1.2 !important"
"2586","#tatDashboardPageV6509.cleanRemakeV6230 .remakeTable:not(.compareColumnsV6301) .productNameText","","TatRemakeAliasStyles.html","342","cdaTatActualRemakeCssAliasV6512","29","9","true","1-4-0","Shared","2","font-size: 10.5px !important; line-height: 1.2 !important"
"2587","#tatDashboardPageV6509.cleanRemakeV6230 .remakeTable:not(.compareColumnsV6301) .inactiveBadge","","TatRemakeAliasStyles.html","347","cdaTatActualRemakeCssAliasV6512","29","9","true","1-4-0","Shared","2","font-size: 8.5px !important; line-height: 1 !important"
"2588","#tatDashboardPageV6509.cleanRemakeV6230 .remakeTable:not(.compareColumnsV6301) .ceramistNoteBadgeV6343","","TatRemakeAliasStyles.html","347","cdaTatActualRemakeCssAliasV6512","29","9","true","1-4-0","Shared","2","font-size: 8.5px !important; line-height: 1 !important"
"2589","#tatDashboardPageV6509.cleanRemakeV6230 #remakeCeramistTableV6342 tbody tr.selectedPinnedV6311 td","","TatRemakeAliasStyles.html","351","cdaTatActualRemakeCssAliasV6512","29","9","true","2-2-3","Shared","2","position: static !important; top: auto !important"
"2590","#tatDashboardPageV6509.cleanRemakeV6230 #remakeCeramistTableV6342 tbody tr.ceramistSelectedV6343 td","","TatRemakeAliasStyles.html","351","cdaTatActualRemakeCssAliasV6512","29","9","true","2-2-3","Shared","2","position: static !important; top: auto !important"
"2591","#tatDashboardPageV6509.cleanRemakeV6230 #remakeCeramistTableV6342 tbody tr.selectedPinnedV6311 td","","TatRemakeAliasStyles.html","355","cdaTatActualRemakeCssAliasV6512","29","9","true","2-2-3","Shared","1","box-shadow: none !important"
"2592","#tatDashboardPageV6509.cleanRemakeV6230 .remakeTableWrap:has(#remakeReasonTable)","@media(min-width:981px)","TatRemakeAliasStyles.html","357","cdaTatActualRemakeCssAliasV6512","29","9","true","2-2-0","Shared","1","overflow-x: hidden !important"
"2593","#tatDashboardPageV6509.cleanRemakeV6230 .remakeTableWrap:has(#remakeDepartmentTable)","@media(min-width:981px)","TatRemakeAliasStyles.html","357","cdaTatActualRemakeCssAliasV6512","29","9","true","2-2-0","Shared","1","overflow-x: hidden !important"
"2594","#tatDashboardPageV6509.cleanRemakeV6230 .remakeTableWrap:has(#remakeProductTable)","@media(min-width:981px)","TatRemakeAliasStyles.html","357","cdaTatActualRemakeCssAliasV6512","29","9","true","2-2-0","Shared","1","overflow-x: hidden !important"
"2595","#tatDashboardPageV6509.cleanRemakeV6230 .remakeTableWrap:has(#remakeCustomerTable)","@media(min-width:981px)","TatRemakeAliasStyles.html","357","cdaTatActualRemakeCssAliasV6512","29","9","true","2-2-0","Shared","1","overflow-x: hidden !important"
"2596","#tatDashboardPageV6509.cleanRemakeV6230 .ceramistPreviewTableWrapV6342","@media(min-width:981px)","TatRemakeAliasStyles.html","357","cdaTatActualRemakeCssAliasV6512","29","9","true","1-2-0","TAT","1","overflow-x: hidden !important"
"2597","#tatDashboardPageV6509.cleanRemakeV6230 #remakeReasonTable:not(.compareColumnsV6301) th","@media(min-width:981px)","TatRemakeAliasStyles.html","363","cdaTatActualRemakeCssAliasV6512","29","9","true","2-2-1","Shared","2","min-width: 0 !important; max-width: none !important"
"2598","#tatDashboardPageV6509.cleanRemakeV6230 #remakeReasonTable:not(.compareColumnsV6301) td","@media(min-width:981px)","TatRemakeAliasStyles.html","363","cdaTatActualRemakeCssAliasV6512","29","9","true","2-2-1","Shared","2","min-width: 0 !important; max-width: none !important"
"2599","#tatDashboardPageV6509.cleanRemakeV6230 #remakeDepartmentTable:not(.compareColumnsV6301) th","@media(min-width:981px)","TatRemakeAliasStyles.html","363","cdaTatActualRemakeCssAliasV6512","29","9","true","2-2-1","Shared","2","min-width: 0 !important; max-width: none !important"
"2600","#tatDashboardPageV6509.cleanRemakeV6230 #remakeDepartmentTable:not(.compareColumnsV6301) td","@media(min-width:981px)","TatRemakeAliasStyles.html","363","cdaTatActualRemakeCssAliasV6512","29","9","true","2-2-1","Shared","2","min-width: 0 !important; max-width: none !important"
"2601","#tatDashboardPageV6509.cleanRemakeV6230 #remakeProductTable:not(.compareColumnsV6301) th","@media(min-width:981px)","TatRemakeAliasStyles.html","363","cdaTatActualRemakeCssAliasV6512","29","9","true","2-2-1","Shared","2","min-width: 0 !important; max-width: none !important"
"2602","#tatDashboardPageV6509.cleanRemakeV6230 #remakeProductTable:not(.compareColumnsV6301) td","@media(min-width:981px)","TatRemakeAliasStyles.html","363","cdaTatActualRemakeCssAliasV6512","29","9","true","2-2-1","Shared","2","min-width: 0 !important; max-width: none !important"
"2603","#tatDashboardPageV6509.cleanRemakeV6230 #remakeCustomerTable:not(.compareColumnsV6301) th","@media(min-width:981px)","TatRemakeAliasStyles.html","363","cdaTatActualRemakeCssAliasV6512","29","9","true","2-2-1","Shared","2","min-width: 0 !important; max-width: none !important"
"2604","#tatDashboardPageV6509.cleanRemakeV6230 #remakeCustomerTable:not(.compareColumnsV6301) td","@media(min-width:981px)","TatRemakeAliasStyles.html","363","cdaTatActualRemakeCssAliasV6512","29","9","true","2-2-1","Shared","2","min-width: 0 !important; max-width: none !important"
"2605","#tatDashboardPageV6509.cleanRemakeV6230 #remakeReasonTable:not(.compareColumnsV6301) th:first-child","@media(min-width:981px)","TatRemakeAliasStyles.html","373","cdaTatActualRemakeCssAliasV6512","29","9","true","2-3-1","Shared","2","width: 45% !important; text-align: left !important"
"2606","#tatDashboardPageV6509.cleanRemakeV6230 #remakeReasonTable:not(.compareColumnsV6301) td:first-child","@media(min-width:981px)","TatRemakeAliasStyles.html","373","cdaTatActualRemakeCssAliasV6512","29","9","true","2-3-1","Shared","2","width: 45% !important; text-align: left !important"
"2607","#tatDashboardPageV6509.cleanRemakeV6230 #remakeReasonTable:not(.compareColumnsV6301) th:not(:first-child)","@media(min-width:981px)","TatRemakeAliasStyles.html","377","cdaTatActualRemakeCssAliasV6512","29","9","true","2-3-1","Shared","1","width: 11% !important"
"2608","#tatDashboardPageV6509.cleanRemakeV6230 #remakeReasonTable:not(.compareColumnsV6301) td:not(:first-child)","@media(min-width:981px)","TatRemakeAliasStyles.html","377","cdaTatActualRemakeCssAliasV6512","29","9","true","2-3-1","Shared","1","width: 11% !important"
"2609","#tatDashboardPageV6509.cleanRemakeV6230 #remakeDepartmentTable:not(.compareColumnsV6301) th:first-child","@media(min-width:981px)","TatRemakeAliasStyles.html","380","cdaTatActualRemakeCssAliasV6512","29","9","true","2-3-1","Shared","2","width: 34% !important; text-align: left !important"
"2610","#tatDashboardPageV6509.cleanRemakeV6230 #remakeDepartmentTable:not(.compareColumnsV6301) td:first-child","@media(min-width:981px)","TatRemakeAliasStyles.html","380","cdaTatActualRemakeCssAliasV6512","29","9","true","2-3-1","Shared","2","width: 34% !important; text-align: left !important"
"2611","#tatDashboardPageV6509.cleanRemakeV6230 #remakeProductTable:not(.compareColumnsV6301) th:first-child","@media(min-width:981px)","TatRemakeAliasStyles.html","380","cdaTatActualRemakeCssAliasV6512","29","9","true","2-3-1","Shared","2","width: 34% !important; text-align: left !important"
"2612","#tatDashboardPageV6509.cleanRemakeV6230 #remakeProductTable:not(.compareColumnsV6301) td:first-child","@media(min-width:981px)","TatRemakeAliasStyles.html","380","cdaTatActualRemakeCssAliasV6512","29","9","true","2-3-1","Shared","2","width: 34% !important; text-align: left !important"
"2613","#tatDashboardPageV6509.cleanRemakeV6230 #remakeDepartmentTable:not(.compareColumnsV6301) th:not(:first-child)","@media(min-width:981px)","TatRemakeAliasStyles.html","386","cdaTatActualRemakeCssAliasV6512","29","9","true","2-3-1","Shared","1","width: 9.42% !important"
"2614","#tatDashboardPageV6509.cleanRemakeV6230 #remakeDepartmentTable:not(.compareColumnsV6301) td:not(:first-child)","@media(min-width:981px)","TatRemakeAliasStyles.html","386","cdaTatActualRemakeCssAliasV6512","29","9","true","2-3-1","Shared","1","width: 9.42% !important"
"2615","#tatDashboardPageV6509.cleanRemakeV6230 #remakeProductTable:not(.compareColumnsV6301) th:not(:first-child)","@media(min-width:981px)","TatRemakeAliasStyles.html","386","cdaTatActualRemakeCssAliasV6512","29","9","true","2-3-1","Shared","1","width: 9.42% !important"
"2616","#tatDashboardPageV6509.cleanRemakeV6230 #remakeProductTable:not(.compareColumnsV6301) td:not(:first-child)","@media(min-width:981px)","TatRemakeAliasStyles.html","386","cdaTatActualRemakeCssAliasV6512","29","9","true","2-3-1","Shared","1","width: 9.42% !important"
"2617","#tatDashboardPageV6509.cleanRemakeV6230 #remakeCustomerTable:not(.compareColumnsV6301) th:first-child","@media(min-width:981px)","TatRemakeAliasStyles.html","391","cdaTatActualRemakeCssAliasV6512","29","9","true","2-3-1","Shared","4","width: 44% !important; min-width: 0 !important; max-width: none !important; text-align: left !important"
"2618","#tatDashboardPageV6509.cleanRemakeV6230 #remakeCustomerTable:not(.compareColumnsV6301) td:first-child","@media(min-width:981px)","TatRemakeAliasStyles.html","391","cdaTatActualRemakeCssAliasV6512","29","9","true","2-3-1","Shared","4","width: 44% !important; min-width: 0 !important; max-width: none !important; text-align: left !important"
"2619","#tatDashboardPageV6509.cleanRemakeV6230 #remakeCustomerTable:not(.compareColumnsV6301) th:not(:first-child)","@media(min-width:981px)","TatRemakeAliasStyles.html","397","cdaTatActualRemakeCssAliasV6512","29","9","true","2-3-1","Shared","1","width: 8% !important"
"2620","#tatDashboardPageV6509.cleanRemakeV6230 #remakeCustomerTable:not(.compareColumnsV6301) td:not(:first-child)","@media(min-width:981px)","TatRemakeAliasStyles.html","397","cdaTatActualRemakeCssAliasV6512","29","9","true","2-3-1","Shared","1","width: 8% !important"
"2621","#tatDashboardPageV6509.cleanRemakeV6230 .remakeTableWrap","@media(max-width:980px)","TatRemakeAliasStyles.html","400","cdaTatActualRemakeCssAliasV6512","29","9","true","1-2-0","Shared","1","overflow-x: auto !important"
"2622","#tatDashboardPageV6509.cleanRemakeV6230 .remakeCardTitle","","TatRemakeAliasStyles.html","403","cdaTatActualRemakeCssAliasV6512","29","9","true","1-2-0","Shared","2","font-size: 12.5px !important; line-height: 1.25 !important"
"2623","#tatDashboardPageV6509.cleanRemakeV6230 .ceramistPanelTitleV6343","","TatRemakeAliasStyles.html","403","cdaTatActualRemakeCssAliasV6512","29","9","true","1-2-0","TAT","2","font-size: 12.5px !important; line-height: 1.25 !important"
"2624","#tatDashboardPageV6509.cleanRemakeV6230 .remakeTable","","TatRemakeAliasStyles.html","407","cdaTatActualRemakeCssAliasV6512","29","9","true","1-2-0","Shared","2","font-size: 11.5px !important; line-height: 1.25 !important"
"2625","#tatDashboardPageV6509.cleanRemakeV6230 .remakeTable thead th","","TatRemakeAliasStyles.html","410","cdaTatActualRemakeCssAliasV6512","29","9","true","1-2-2","Shared","8","height: 30px !important; padding: 6px 7px !important; font-size: 10.5px !important; line-height: 1.2 !important; font-weight: 900 !important; white-space: nowrap !important; overflow: hidden !important; text-overflow: ellipsis !important"
"2626","#tatDashboardPageV6509.cleanRemakeV6230 .remakeTable tbody td","","TatRemakeAliasStyles.html","419","cdaTatActualRemakeCssAliasV6512","29","9","true","1-2-2","Shared","6","padding: 6px 7px !important; font-size: 11.5px !important; line-height: 1.25 !important; white-space: nowrap !important; overflow: hidden !important; text-overflow: ellipsis !important"
"2627","#tatDashboardPageV6509.cleanRemakeV6230 .remakeTable .customerNameText","","TatRemakeAliasStyles.html","426","cdaTatActualRemakeCssAliasV6512","29","9","true","1-3-0","Shared","2","font-size: 11.5px !important; line-height: 1.25 !important"
"2628","#tatDashboardPageV6509.cleanRemakeV6230 .remakeTable .remakeNameText","","TatRemakeAliasStyles.html","426","cdaTatActualRemakeCssAliasV6512","29","9","true","1-3-0","Shared","2","font-size: 11.5px !important; line-height: 1.25 !important"
"2629","#tatDashboardPageV6509.cleanRemakeV6230 .remakeTable .productNameText","","TatRemakeAliasStyles.html","426","cdaTatActualRemakeCssAliasV6512","29","9","true","1-3-0","Shared","2","font-size: 11.5px !important; line-height: 1.25 !important"
"2630","#tatDashboardPageV6509.cleanRemakeV6230 .remakeTable .inactiveBadge","","TatRemakeAliasStyles.html","431","cdaTatActualRemakeCssAliasV6512","29","9","true","1-3-0","Shared","2","font-size: 9px !important; line-height: 1 !important"
"2631","#tatDashboardPageV6509.cleanRemakeV6230 .remakeTable .ceramistNoteBadgeV6343","","TatRemakeAliasStyles.html","431","cdaTatActualRemakeCssAliasV6512","29","9","true","1-3-0","Shared","2","font-size: 9px !important; line-height: 1 !important"
"2632","#tatDashboardPageV6509.cleanRemakeV6230 .columnHiddenV6357","","TatRemakeAliasStyles.html","435","cdaTatActualRemakeCssAliasV6512","29","9","true","1-2-0","TAT","1","display: none !important"
"2633","#tatDashboardPageV6509.cleanRemakeV6230 .remakeColumnChooserButtonV6357","","TatRemakeAliasStyles.html","437","cdaTatActualRemakeCssAliasV6512","29","9","true","1-2-0","Shared","10","min-width: 62px !important; height: 27px !important; padding: 0 8px !important; border: 1px solid #cfd6df !important; border-radius: 999px !important; background: #fff !important; color: #344054 !important; font: 900 9.5px/1 Roboto,Arial,sans-serif !important; white-space: nowrap !important; cursor: pointer !important"
"2634","#tatDashboardPageV6509.cleanRemakeV6230 .remakeColumnChooserButtonV6357.hasHiddenColumnsV6357","","TatRemakeAliasStyles.html","448","cdaTatActualRemakeCssAliasV6512","29","9","true","1-3-0","Shared","3","border-color: #f2c94c !important; background: #fff7d6 !important; color: #7a4a00 !important"
"2635","#tatDashboardPageV6509.cleanRemakeV6230 .remakeTableWrap","@media(min-width:981px)","TatRemakeAliasStyles.html","452","cdaTatActualRemakeCssAliasV6512","29","9","true","1-2-0","Shared","1","overflow-x: hidden !important"
"2636","#tatDashboardPageV6509.cleanRemakeV6230 .ceramistPreviewTableWrapV6342","@media(min-width:981px)","TatRemakeAliasStyles.html","452","cdaTatActualRemakeCssAliasV6512","29","9","true","1-2-0","TAT","1","overflow-x: hidden !important"
"2637","#tatDashboardPageV6509.cleanRemakeV6230 #remakeCeramistTableV6342 tbody tr.ceramistSectionRowV6348","","TatRemakeAliasStyles.html","456","cdaTatActualRemakeCssAliasV6512","29","9","true","2-2-2","Shared","2","position: static !important; z-index: auto !important"
"2638","#tatDashboardPageV6509.cleanRemakeV6230 #remakeCeramistTableV6342 tbody tr.ceramistSectionRowV6348 > td","","TatRemakeAliasStyles.html","460","cdaTatActualRemakeCssAliasV6512","29","9","true","2-2-3","Shared","11","display: table-cell !important; position: static !important; left: auto !important; top: auto !important; z-index: auto !important; width: auto !important; min-width: 0 !important; max-width: none !important; box-shadow: none !important; background: #eef2f6 !important; color: #475467 !important"
"2639","#tatDashboardPageV6509.cleanRemakeV6230 #remakeCeramistTableV6342 tbody tr.ceramistSectionRowV6348:nth-child(even) > td","","TatRemakeAliasStyles.html","473","cdaTatActualRemakeCssAliasV6512","29","9","true","2-3-3","Shared","1","background: #eef2f6 !important"
"2640","#tatDashboardPageV6509.cleanRemakeV6230 #remakeCeramistTableV6342 tbody tr.ceramistSectionRowV6348:nth-child(odd) > td","","TatRemakeAliasStyles.html","473","cdaTatActualRemakeCssAliasV6512","29","9","true","2-3-3","Shared","1","background: #eef2f6 !important"
"2641","#tatDashboardPageV6509.cleanRemakeV6230 #remakeCeramistTableV6342 thead th","@media (min-width:761px)","TatRemakeAliasStyles.html","479","cdaTatActualRemakeCssAliasV6512","29","9","true","2-1-2","Shared","4","position: sticky !important; top: 0 !important; z-index: 8 !important; background: #203038 !important"
"2642","#tatDashboardPageV6509.cleanRemakeV6230 #remakeCeramistTableV6342 thead th:first-child","@media (min-width:761px)","TatRemakeAliasStyles.html","484","cdaTatActualRemakeCssAliasV6512","29","9","true","2-2-2","Shared","1","z-index: 9 !important"
"2643","#tatDashboardPageV6509.cleanRemakeV6230 #remakeCeramistTableV6342 tbody tr.ceramistPinnedWorkerV6361 > td","@media (min-width:761px)","TatRemakeAliasStyles.html","486","cdaTatActualRemakeCssAliasV6512","29","9","true","2-2-3","Shared","5","position: sticky !important; top: var(--ceramist-selected-pin-top-v6361, 28px) !important; z-index: 6 !important; background: #fff7d6 !important; box-shadow: inset 0 -1px 0 rgba(217,119,6,.28), 0 3px 6px rgba(15,23,42,.10) !important"
"2644","#tatDashboardPageV6509.cleanRemakeV6230 #remakeCeramistTableV6342 tbody tr.ceramistPinnedWorkerV6361 > td:first-child","@media (min-width:761px)","TatRemakeAliasStyles.html","493","cdaTatActualRemakeCssAliasV6512","29","9","true","2-3-3","Shared","3","left: 0 !important; z-index: 7 !important; background: #fff7d6 !important"
"2645","#tatDashboardPageV6509.cleanRemakeV6230 #remakeCeramistTableV6342 tbody tr.ceramistSectionRowV6348","@media (min-width:761px)","TatRemakeAliasStyles.html","498","cdaTatActualRemakeCssAliasV6512","29","9","true","2-2-2","Shared","6","position: static !important; left: auto !important; top: auto !important; z-index: 1 !important; box-shadow: none !important; background: #eef2f6 !important"
"2646","#tatDashboardPageV6509.cleanRemakeV6230 #remakeCeramistTableV6342 tbody tr.ceramistSectionRowV6348 > td","@media (min-width:761px)","TatRemakeAliasStyles.html","498","cdaTatActualRemakeCssAliasV6512","29","9","true","2-2-3","Shared","6","position: static !important; left: auto !important; top: auto !important; z-index: 1 !important; box-shadow: none !important; background: #eef2f6 !important"
"2647","#tatDashboardPageV6509.cleanRemakeV6230 #remakeCeramistTableV6342 tbody tr.ceramistPinnedWorkerV6361 > td","@media (max-width:760px)","TatRemakeAliasStyles.html","508","cdaTatActualRemakeCssAliasV6512","29","9","true","2-2-3","Shared","4","position: static !important; top: auto !important; left: auto !important; box-shadow: none !important"
"2648","#tatDashboardPageV6509.cleanRemakeV6230 #remakeCeramistCardV6342 .ceramistPreviewMetaV6342","","TatRemakeAliasStyles.html","515","cdaTatActualRemakeCssAliasV6512","29","9","true","2-2-0","Shared","1","display: none !important"
"2649","#tatDashboardPageV6509.cleanRemakeV6230 #remakeCeramistCardV6342 .ceramistTopControlsV6351","","TatRemakeAliasStyles.html","517","cdaTatActualRemakeCssAliasV6512","29","9","true","2-2-0","Shared","1","justify-content: flex-start !important"
"2650","#tatDashboardPageV6509.cleanRemakeV6230 .ceramistDetailSelectionV6368","","TatRemakeAliasStyles.html","519","cdaTatActualRemakeCssAliasV6512","29","9","true","1-2-0","TAT","5","padding: 8px 10px !important; border-bottom: 1px solid #dfe4eb !important; background: #f8fafc !important; max-height: 118px !important; overflow: auto !important"
"2651","#tatDashboardPageV6509.cleanRemakeV6230 .ceramistDetailSelectionHeaderV6368","","TatRemakeAliasStyles.html","525","cdaTatActualRemakeCssAliasV6512","29","9","true","1-2-0","TAT","4","display: flex !important; align-items: flex-start !important; justify-content: space-between !important; gap: 8px !important"
"2652","#tatDashboardPageV6509.cleanRemakeV6230 .ceramistDetailSelectionHeadingV6368","","TatRemakeAliasStyles.html","530","cdaTatActualRemakeCssAliasV6512","29","9","true","1-2-0","TAT","4","display: flex !important; align-items: baseline !important; gap: 7px !important; min-width: 0 !important"
"2653","#tatDashboardPageV6509.cleanRemakeV6230 .ceramistDetailSelectionHeadingV6368 strong","","TatRemakeAliasStyles.html","535","cdaTatActualRemakeCssAliasV6512","29","9","true","1-2-1","TAT","5","color: #172033 !important; font: 900 11.5px/1.2 Roboto,Arial,sans-serif !important; overflow: hidden !important; text-overflow: ellipsis !important; white-space: nowrap !important"
"2654","#tatDashboardPageV6509.cleanRemakeV6230 .ceramistDetailSelectionHeadingV6368 span","","TatRemakeAliasStyles.html","541","cdaTatActualRemakeCssAliasV6512","29","9","true","1-2-1","TAT","3","color: #667085 !important; font: 800 9.5px/1.2 Roboto,Arial,sans-serif !important; white-space: nowrap !important"
"2655","#tatDashboardPageV6509.cleanRemakeV6230 .ceramistDetailSelectionCloseV6368","","TatRemakeAliasStyles.html","545","cdaTatActualRemakeCssAliasV6512","29","9","true","1-2-0","TAT","10","width: 24px !important; height: 24px !important; min-width: 24px !important; padding: 0 !important; border: 1px solid #cfd6df !important; border-radius: 50% !important; background: #fff !important; color: #475467 !important; font: 900 16px/1 Roboto,Arial,sans-serif !important; cursor: pointer !important"
"2656","#tatDashboardPageV6509.cleanRemakeV6230 .ceramistDetailSelectionMetricsV6368","","TatRemakeAliasStyles.html","556","cdaTatActualRemakeCssAliasV6512","29","9","true","1-2-0","TAT","4","display: grid !important; grid-template-columns: repeat(4,minmax(0,1fr)) !important; gap: 6px !important; margin-top: 6px !important"
"2657","#tatDashboardPageV6509.cleanRemakeV6230 .ceramistDetailSelectionMetricsV6368 > div","","TatRemakeAliasStyles.html","561","cdaTatActualRemakeCssAliasV6512","29","9","true","1-2-1","TAT","9","display: flex !important; align-items: center !important; justify-content: space-between !important; gap: 5px !important; padding: 4px 6px !important; background: #fff !important; border: 1px solid #e1e6ee !important; border-radius: 5px !important; min-width: 0 !important"
"2658","#tatDashboardPageV6509.cleanRemakeV6230 .ceramistDetailSelectionMetricsV6368 span","","TatRemakeAliasStyles.html","571","cdaTatActualRemakeCssAliasV6512","29","9","true","1-2-1","TAT","2","color: #667085 !important; font: 800 8.5px/1.1 Roboto,Arial,sans-serif !important"
"2659","#tatDashboardPageV6509.cleanRemakeV6230 .ceramistDetailSelectionMetricsV6368 strong","","TatRemakeAliasStyles.html","574","cdaTatActualRemakeCssAliasV6512","29","9","true","1-2-1","TAT","3","color: #172033 !important; font: 900 10px/1.1 Roboto,Arial,sans-serif !important; white-space: nowrap !important"
"2660","#tatDashboardPageV6509.cleanRemakeV6230 .ceramistDetailSelectionContextV6368","","TatRemakeAliasStyles.html","578","cdaTatActualRemakeCssAliasV6512","29","9","true","1-2-0","TAT","4","margin-top: 5px !important; color: #475467 !important; font: 700 9.5px/1.35 Roboto,Arial,sans-serif !important; white-space: normal !important"
"2661","#tatDashboardPageV6509.cleanRemakeV6230 #remakeCeramistDetailTableV6343 tbody tr.ceramistDetailClickableV6368","","TatRemakeAliasStyles.html","583","cdaTatActualRemakeCssAliasV6512","29","9","true","2-2-2","Shared","1","cursor: pointer !important"
"2662","#tatDashboardPageV6509.cleanRemakeV6230 #remakeCeramistDetailTableV6343 tbody tr.ceramistDetailClickableV6368:nth-child(odd):hover td","","TatRemakeAliasStyles.html","585","cdaTatActualRemakeCssAliasV6512","29","9","true","2-4-3","Shared","1","background: #fff !important"
"2663","#tatDashboardPageV6509.cleanRemakeV6230 #remakeCeramistDetailTableV6343 tbody tr.ceramistDetailClickableV6368:nth-child(even):hover td","","TatRemakeAliasStyles.html","587","cdaTatActualRemakeCssAliasV6512","29","9","true","2-4-3","Shared","1","background: #fafafa !important"
"2664","#tatDashboardPageV6509.cleanRemakeV6230 .ceramistDetailLabelV6368","","TatRemakeAliasStyles.html","589","cdaTatActualRemakeCssAliasV6512","29","9","true","1-2-0","TAT","5","display: inline-block !important; max-width: calc(100% - 18px) !important; overflow: hidden !important; text-overflow: ellipsis !important; vertical-align: middle !important"
"2665","#tatDashboardPageV6509.cleanRemakeV6230 .ceramistDetailChevronV6368","","TatRemakeAliasStyles.html","595","cdaTatActualRemakeCssAliasV6512","29","9","true","1-2-0","TAT","3","float: right !important; color: #98a2b3 !important; font: 900 15px/1 Roboto,Arial,sans-serif !important"
"2666","#tatDashboardPageV6509.cleanRemakeV6230 .ceramistDetailClickableV6368:hover .ceramistDetailChevronV6368","","TatRemakeAliasStyles.html","599","cdaTatActualRemakeCssAliasV6512","29","9","true","1-4-0","TAT","1","color: #b7791f !important"
"2667","#tatDashboardPageV6509.cleanRemakeV6230 .ceramistDetailClickableV6368:focus .ceramistDetailChevronV6368","","TatRemakeAliasStyles.html","599","cdaTatActualRemakeCssAliasV6512","29","9","true","1-4-0","TAT","1","color: #b7791f !important"
"2668","#tatDashboardPageV6509.cleanRemakeV6230 #remakeCeramistDetailTableV6343 tbody tr.ceramistDetailSelectedV6368 td","","TatRemakeAliasStyles.html","602","cdaTatActualRemakeCssAliasV6512","29","9","true","2-2-3","Shared","2","background: #fff7d6 !important; border-color: #f2c94c !important"
"2669","#tatDashboardPageV6509.cleanRemakeV6230 .ceramistPanelV6343.detailOpenV6368 .ceramistPreviewTableWrapV6342","","TatRemakeAliasStyles.html","605","cdaTatActualRemakeCssAliasV6512","29","9","true","1-4-0","TAT","1","height: 205px !important"
"2670","#tatDashboardPageV6509.cleanRemakeV6230 .ceramistPanelV6343.detailOpenV6368 .ceramistPreviewTableWrapV6342","@media(max-width:1180px)","TatRemakeAliasStyles.html","607","cdaTatActualRemakeCssAliasV6512","29","9","true","1-4-0","TAT","1","height: 185px !important"
"2671","#tatDashboardPageV6509.cleanRemakeV6230 .ceramistDetailSelectionMetricsV6368","@media(max-width:720px)","TatRemakeAliasStyles.html","609","cdaTatActualRemakeCssAliasV6512","29","9","true","1-2-0","TAT","1","grid-template-columns: repeat(2,minmax(0,1fr)) !important"
"2672","#tatDashboardPageV6509.cleanRemakeV6230 .ceramistPanelV6343.detailOpenV6368 .ceramistPreviewTableWrapV6342","@media(max-width:720px)","TatRemakeAliasStyles.html","611","cdaTatActualRemakeCssAliasV6512","29","9","true","1-4-0","TAT","1","height: auto !important"
"2673","#tatDashboardPageV6509.cleanRemakeV6230 .ceramistDetailSelectionV6368","","TatRemakeAliasStyles.html","614","cdaTatActualRemakeCssAliasV6512","29","9","true","1-2-0","TAT","1","display: none !important"
"2674","#tatDashboardPageV6509.cleanRemakeV6230 .ceramistPanelV6343.detailOpenV6368 .ceramistPreviewTableWrapV6342","","TatRemakeAliasStyles.html","614","cdaTatActualRemakeCssAliasV6512","29","9","true","1-4-0","TAT","1","height: 285px !important"
"2675","#tatTabFilterHostV6509:not([hidden]) #remakeTabViewsV6382","@media (min-width:1280px)","TatRemakeAliasStyles.html","615","cdaTatActualRemakeCssAliasV6512","29","9","true","2-1-0","Shared","1","display: inline-flex !important"
"2676","#tatTabFilterHostV6509","@media (max-width:1279px)","TatRemakeAliasStyles.html","617","cdaTatActualRemakeCssAliasV6512","29","9","true","1-0-0","TAT","1","display: none !important"
"2677","#tatDashboardPageV6509.cleanRemakeV6230","@media (max-width:1279px)","TatRemakeAliasStyles.html","619","cdaTatActualRemakeCssAliasV6512","29","9","true","1-1-0","TAT","8","width: 100% !important; max-width: 100% !important; min-width: 0 !important; min-height: 100vh !important; padding: 8px 8px max(18px,env(safe-area-inset-bottom)) !important; overflow-x: hidden !important; background: #ebe9ed !important; box-sizing: border-box !important"
"2678","#tatDashboardPageV6509.cleanRemakeV6230 .remakeShellV6230","@media (max-width:1279px)","TatRemakeAliasStyles.html","628","cdaTatActualRemakeCssAliasV6512","29","9","true","1-2-0","Shared","11","width: 100% !important; max-width: 100% !important; min-width: 0 !important; margin: 0 !important; padding: 0 !important; gap: 8px !important; overflow: visible !important; background: transparent !important; border: 0 !important; box-shadow: none !important; box-sizing: border-box !important"
"2679","#tatDashboardPageV6509.cleanRemakeV6230 .remakeStickyTopV6245","@media (max-width:1279px)","TatRemakeAliasStyles.html","628","cdaTatActualRemakeCssAliasV6512","29","9","true","1-2-0","Shared","11","width: 100% !important; max-width: 100% !important; min-width: 0 !important; margin: 0 !important; padding: 0 !important; gap: 8px !important; overflow: visible !important; background: transparent !important; border: 0 !important; box-shadow: none !important; box-sizing: border-box !important"
"2680","#tatDashboardPageV6509.cleanRemakeV6230 .remakeStickyTopV6245","@media (max-width:1279px)","TatRemakeAliasStyles.html","641","cdaTatActualRemakeCssAliasV6512","29","9","true","1-2-0","Shared","3","position: relative !important; top: auto !important; z-index: 1000 !important"
"2681","#tatDashboardPageV6509.cleanRemakeV6230 .remakeGlobalSearchBarV6304","@media (max-width:1279px)","TatRemakeAliasStyles.html","645","cdaTatActualRemakeCssAliasV6512","29","9","true","1-2-0","Shared","7","position: fixed !important; top: 0 !important; right: 0 !important; width: 0 !important; height: 0 !important; z-index: 24100 !important; overflow: visible !important"
"2682","#tatDashboardPageV6509.cleanRemakeV6230 .remakeGlobalSearchBarV6304 > .remakeGlobalSearchButtonV6304","@media (max-width:1279px)","TatRemakeAliasStyles.html","653","cdaTatActualRemakeCssAliasV6512","29","9","true","1-3-0","Shared","1","display: none !important"
"2683","#tatDashboardPageV6509.cleanRemakeV6230 .remakeGlobalSearchPanelV6304","@media (max-width:1279px)","TatRemakeAliasStyles.html","655","cdaTatActualRemakeCssAliasV6512","29","9","true","1-2-0","Shared","11","position: fixed !important; left: 8px !important; right: 8px !important; top: var(--remakeCompactPanelTopV6382,104px) !important; bottom: 8px !important; width: auto !important; min-width: 0 !important; max-height: none !important; border-radius: 12px !important; z-index: 24110 !important; box-sizing: border-box !important"
"2684","#tatDashboardPageV6509.cleanRemakeV6230 .remakeFilterBarV6230","@media (max-width:1279px)","TatRemakeAliasStyles.html","667","cdaTatActualRemakeCssAliasV6512","29","9","true","1-2-0","Shared","1","display: none !important"
"2685","body.remakeCompactFiltersOpenV6382 #tatDashboardPageV6509.cleanRemakeV6230 .remakeFilterBarV6230","@media (max-width:1279px)","TatRemakeAliasStyles.html","669","cdaTatActualRemakeCssAliasV6512","29","9","true","1-3-1","Shared","20","position: fixed !important; left: 8px !important; right: 8px !important; top: var(--remakeCompactPanelTopV6382,104px) !important; z-index: 24080 !important; display: grid !important; grid-template-columns: repeat(2,minmax(0,1fr)) !important; gap: 8px !important; width: auto !important; max-width: none !important; min-width: 0 !important; max-height: calc(100vh - var(--remakeCompactPanelTopV6382,104px) - 8px) !important; margin: 0 !important; padding: 10px !important; overflow: auto !important; border: 1px solid #cbd5df !important; border-radius: 12px !important; background: #fff !important; box-shadow: 0 18px 38px rgba(16,24,40,.24) !important; box-sizing: border-box !important"
"2686","body.remakeCompactFiltersOpenV6382 #tatDashboardPageV6509.cleanRemakeV6230 .remakeFilter","@media (max-width:1279px)","TatRemakeAliasStyles.html","690","cdaTatActualRemakeCssAliasV6512","29","9","true","1-3-1","Shared","12","width: 100% !important; max-width: 100% !important; min-width: 0 !important; min-height: 0 !important; margin: 0 !important; padding: 8px !important; overflow: visible !important; border: 1px solid #e1e6ee !important; border-radius: 9px !important; background: #fff !important; box-shadow: none !important; box-sizing: border-box !important"
"2687","body.remakeCompactFiltersOpenV6382 #tatDashboardPageV6509.cleanRemakeV6230 .remakeFilter label","@media (max-width:1279px)","TatRemakeAliasStyles.html","703","cdaTatActualRemakeCssAliasV6512","29","9","true","1-3-2","Shared","13","position: static !important; display: block !important; width: auto !important; height: auto !important; margin: 0 0 5px !important; padding: 0 !important; overflow: visible !important; clip: auto !important; white-space: normal !important; color: #667085 !important; font: 900 9px/1 Roboto,Arial,sans-serif !important; letter-spacing: .05em !important; text-transform: uppercase !important"
"2688","body.remakeCompactFiltersOpenV6382 #tatDashboardPageV6509.cleanRemakeV6230 .remakeDropdownButtonV6245","@media (max-width:1279px)","TatRemakeAliasStyles.html","717","cdaTatActualRemakeCssAliasV6512","29","9","true","1-3-1","Shared","11","width: 100% !important; max-width: 100% !important; min-height: 40px !important; height: 40px !important; padding: 0 30px 0 9px !important; border: 1px solid #cbd5df !important; border-radius: 8px !important; background: #fff !important; color: #202124 !important; font: 800 12px/1 Roboto,Arial,sans-serif !important; box-sizing: border-box !important"
"2689","#tatDashboardPageV6509.cleanRemakeV6230 .remakeDropdownPanelV6245","@media (max-width:1279px)","TatRemakeAliasStyles.html","729","cdaTatActualRemakeCssAliasV6512","29","9","true","1-2-0","Shared","12","position: fixed !important; left: 8px !important; right: 8px !important; top: var(--remakeCompactPanelTopV6382,104px) !important; bottom: 8px !important; width: auto !important; min-width: 0 !important; max-width: none !important; max-height: none !important; border-radius: 12px !important; z-index: 24130 !important; box-sizing: border-box !important"
"2690","#tatDashboardPageV6509.cleanRemakeV6230 .remakeDropdownListV6245","@media (max-width:1279px)","TatRemakeAliasStyles.html","742","cdaTatActualRemakeCssAliasV6512","29","9","true","1-2-0","Shared","2","max-height: calc(100vh - var(--remakeCompactPanelTopV6382,104px) - 126px) !important; overflow-y: auto !important"
"2691","#tatDashboardPageV6509.cleanRemakeV6230 .remakeDropdownRowV6245","@media (max-width:1279px)","TatRemakeAliasStyles.html","745","cdaTatActualRemakeCssAliasV6512","29","9","true","1-2-0","Shared","2","min-height: 42px !important; padding: 8px 9px !important"
"2692","#tatDashboardPageV6509.cleanRemakeV6230 .remakePillsV6230:empty","@media (max-width:1279px)","TatRemakeAliasStyles.html","748","cdaTatActualRemakeCssAliasV6512","29","9","true","1-3-0","Shared","1","display: none !important"
"2693","#tatDashboardPageV6509.cleanRemakeV6230 #remakeNotice:empty","@media (max-width:1279px)","TatRemakeAliasStyles.html","748","cdaTatActualRemakeCssAliasV6512","29","9","true","2-2-0","Shared","1","display: none !important"
"2694","#tatDashboardPageV6509.cleanRemakeV6230 .remakePillsV6230:not(:empty)","@media (max-width:1279px)","TatRemakeAliasStyles.html","751","cdaTatActualRemakeCssAliasV6512","29","9","true","1-3-0","Shared","9","display: flex !important; flex-wrap: nowrap !important; width: 100% !important; min-width: 0 !important; margin: 0 !important; padding: 0 0 3px !important; gap: 6px !important; overflow-x: auto !important; overflow-y: hidden !important; -webkit-overflow-scrolling: touch; scrollbar-width: thin"
"2695","#tatDashboardPageV6509.cleanRemakeV6230 .remakePillV6230","@media (max-width:1279px)","TatRemakeAliasStyles.html","763","cdaTatActualRemakeCssAliasV6512","29","9","true","1-2-0","Shared","3","flex: 0 0 auto !important; min-height: 34px !important; font-size: 10px !important"
"2696","#tatDashboardPageV6509.cleanRemakeV6230 .remakeClearAllV6230","@media (max-width:1279px)","TatRemakeAliasStyles.html","763","cdaTatActualRemakeCssAliasV6512","29","9","true","1-2-0","Shared","3","flex: 0 0 auto !important; min-height: 34px !important; font-size: 10px !important"
"2697","#tatDashboardPageV6509.cleanRemakeV6230 .remakeKpisV6230","@media (max-width:1279px)","TatRemakeAliasStyles.html","768","cdaTatActualRemakeCssAliasV6512","29","9","true","1-2-0","Shared","12","display: grid !important; grid-template-columns: repeat(2,minmax(0,1fr)) !important; grid-auto-flow: row !important; grid-auto-columns: auto !important; width: 100% !important; max-width: 100% !important; min-width: 0 !important; gap: 8px !important; margin: 0 !important; padding: 0 !important; overflow: visible !important; box-sizing: border-box !important"
"2698","#tatDashboardPageV6509.cleanRemakeV6230 .remakeKpi","@media (max-width:1279px)","TatRemakeAliasStyles.html","781","cdaTatActualRemakeCssAliasV6512","29","9","true","1-2-0","Shared","7","width: auto !important; max-width: 100% !important; min-width: 0 !important; min-height: 88px !important; padding: 10px !important; border-radius: 10px !important; box-sizing: border-box !important"
"2699","#tatDashboardPageV6509.cleanRemakeV6230 .remakeKpisV6230 > .remakeKpi:last-of-type","@media (max-width:1279px)","TatRemakeAliasStyles.html","789","cdaTatActualRemakeCssAliasV6512","29","9","true","1-4-0","Shared","1","grid-column: 1 / -1 !important"
"2700","#tatDashboardPageV6509.cleanRemakeV6230 .remakeKpi .label","@media (max-width:1279px)","TatRemakeAliasStyles.html","791","cdaTatActualRemakeCssAliasV6512","29","9","true","1-3-0","Shared","4","margin-bottom: 6px !important; font-size: 10px !important; line-height: 1.15 !important; white-space: normal !important"
"2701","#tatDashboardPageV6509.cleanRemakeV6230 .remakeKpi .value","@media (max-width:1279px)","TatRemakeAliasStyles.html","796","cdaTatActualRemakeCssAliasV6512","29","9","true","1-3-0","Shared","3","font-size: clamp(21px,5.2vw,27px) !important; line-height: 1.05 !important; overflow-wrap: anywhere !important"
"2702","#tatDashboardPageV6509.cleanRemakeV6230 .remakeKpi .sub","@media (max-width:1279px)","TatRemakeAliasStyles.html","800","cdaTatActualRemakeCssAliasV6512","29","9","true","1-3-0","Shared","7","min-height: 14px !important; margin-top: 5px !important; gap: 4px !important; font-size: 10px !important; line-height: 1.2 !important; white-space: normal !important; flex-wrap: wrap !important"
"2703","#tatDashboardPageV6509.cleanRemakeV6230 .remakeKpiControlsV6279","@media (max-width:1279px)","TatRemakeAliasStyles.html","808","cdaTatActualRemakeCssAliasV6512","29","9","true","1-2-0","Shared","5","grid-column: 1 / -1 !important; width: 100% !important; min-width: 0 !important; align-items: flex-start !important; text-align: left !important"
"2704","#tatDashboardPageV6509.cleanRemakeV6230 .remakeGridV6230","@media (max-width:1279px)","TatRemakeAliasStyles.html","814","cdaTatActualRemakeCssAliasV6512","29","9","true","1-2-0","Shared","8","display: grid !important; grid-template-columns: minmax(0,1fr) !important; width: 100% !important; max-width: 100% !important; min-width: 0 !important; margin: 0 !important; gap: 10px !important; box-sizing: border-box !important"
"2705","#tatDashboardPageV6509.cleanRemakeV6230 .remakeCustomerSplitV6230","@media (max-width:1279px)","TatRemakeAliasStyles.html","814","cdaTatActualRemakeCssAliasV6512","29","9","true","1-2-0","Shared","8","display: grid !important; grid-template-columns: minmax(0,1fr) !important; width: 100% !important; max-width: 100% !important; min-width: 0 !important; margin: 0 !important; gap: 10px !important; box-sizing: border-box !important"
"2706","#tatDashboardPageV6509.cleanRemakeV6230 .ceramistWorkspaceV6343","@media (max-width:1279px)","TatRemakeAliasStyles.html","814","cdaTatActualRemakeCssAliasV6512","29","9","true","1-2-0","TAT","8","display: grid !important; grid-template-columns: minmax(0,1fr) !important; width: 100% !important; max-width: 100% !important; min-width: 0 !important; margin: 0 !important; gap: 10px !important; box-sizing: border-box !important"
"2707","#tatDashboardPageV6509.cleanRemakeV6230 .remakeCard","@media (max-width:1279px)","TatRemakeAliasStyles.html","825","cdaTatActualRemakeCssAliasV6512","29","9","true","1-2-0","Shared","7","width: 100% !important; max-width: 100% !important; min-width: 0 !important; margin: 0 !important; border-radius: 10px !important; overflow: hidden !important; box-sizing: border-box !important"
"2708","#tatDashboardPageV6509.cleanRemakeV6230 .ceramistPanelV6343","@media (max-width:1279px)","TatRemakeAliasStyles.html","825","cdaTatActualRemakeCssAliasV6512","29","9","true","1-2-0","TAT","7","width: 100% !important; max-width: 100% !important; min-width: 0 !important; margin: 0 !important; border-radius: 10px !important; overflow: hidden !important; box-sizing: border-box !important"
"2709","#tatDashboardPageV6509.cleanRemakeV6230 .remakeCardHeader","@media (max-width:1279px)","TatRemakeAliasStyles.html","834","cdaTatActualRemakeCssAliasV6512","29","9","true","1-2-0","Shared","7","display: flex !important; align-items: flex-start !important; justify-content: space-between !important; flex-wrap: wrap !important; gap: 7px !important; min-height: 0 !important; padding: 9px 10px !important"
"2710","#tatDashboardPageV6509.cleanRemakeV6230 .remakeCardTitle","@media (max-width:1279px)","TatRemakeAliasStyles.html","842","cdaTatActualRemakeCssAliasV6512","29","9","true","1-2-0","Shared","4","min-width: 0 !important; font-size: 13px !important; line-height: 1.25 !important; white-space: normal !important"
"2711","#tatDashboardPageV6509.cleanRemakeV6230 .remakeCardActionsV6230","@media (max-width:1279px)","TatRemakeAliasStyles.html","847","cdaTatActualRemakeCssAliasV6512","29","9","true","1-2-0","Shared","8","display: flex !important; flex-wrap: nowrap !important; width: auto !important; max-width: 100% !important; min-width: 0 !important; gap: 6px !important; overflow-x: auto !important; overflow-y: hidden !important; -webkit-overflow-scrolling: touch; scrollbar-width: thin"
"2712","#tatDashboardPageV6509.cleanRemakeV6230 .remakeChartModeBarV6230","@media (max-width:1279px)","TatRemakeAliasStyles.html","847","cdaTatActualRemakeCssAliasV6512","29","9","true","1-2-0","Shared","8","display: flex !important; flex-wrap: nowrap !important; width: auto !important; max-width: 100% !important; min-width: 0 !important; gap: 6px !important; overflow-x: auto !important; overflow-y: hidden !important; -webkit-overflow-scrolling: touch; scrollbar-width: thin"
"2713","#tatDashboardPageV6509.cleanRemakeV6230 .ceramistBreakdownBarV6343","@media (max-width:1279px)","TatRemakeAliasStyles.html","847","cdaTatActualRemakeCssAliasV6512","29","9","true","1-2-0","TAT","8","display: flex !important; flex-wrap: nowrap !important; width: auto !important; max-width: 100% !important; min-width: 0 !important; gap: 6px !important; overflow-x: auto !important; overflow-y: hidden !important; -webkit-overflow-scrolling: touch; scrollbar-width: thin"
"2714","#tatDashboardPageV6509.cleanRemakeV6230 .ceramistFlagBarV6342","@media (max-width:1279px)","TatRemakeAliasStyles.html","847","cdaTatActualRemakeCssAliasV6512","29","9","true","1-2-0","TAT","8","display: flex !important; flex-wrap: nowrap !important; width: auto !important; max-width: 100% !important; min-width: 0 !important; gap: 6px !important; overflow-x: auto !important; overflow-y: hidden !important; -webkit-overflow-scrolling: touch; scrollbar-width: thin"
"2715","#tatDashboardPageV6509.cleanRemakeV6230 .remakeCardActionsV6230 button","@media (max-width:1279px)","TatRemakeAliasStyles.html","861","cdaTatActualRemakeCssAliasV6512","29","9","true","1-2-1","Shared","3","flex: 0 0 auto !important; min-height: 36px !important; white-space: nowrap !important"
"2716","#tatDashboardPageV6509.cleanRemakeV6230 .remakeChartModeBarV6230 button","@media (max-width:1279px)","TatRemakeAliasStyles.html","861","cdaTatActualRemakeCssAliasV6512","29","9","true","1-2-1","Shared","3","flex: 0 0 auto !important; min-height: 36px !important; white-space: nowrap !important"
"2717","#tatDashboardPageV6509.cleanRemakeV6230 .ceramistBreakdownBarV6343 button","@media (max-width:1279px)","TatRemakeAliasStyles.html","861","cdaTatActualRemakeCssAliasV6512","29","9","true","1-2-1","TAT","3","flex: 0 0 auto !important; min-height: 36px !important; white-space: nowrap !important"
"2718","#tatDashboardPageV6509.cleanRemakeV6230 .ceramistFlagBarV6342 button","@media (max-width:1279px)","TatRemakeAliasStyles.html","861","cdaTatActualRemakeCssAliasV6512","29","9","true","1-2-1","TAT","3","flex: 0 0 auto !important; min-height: 36px !important; white-space: nowrap !important"
"2719","#tatDashboardPageV6509.cleanRemakeV6230 .remakeChartBoxV6230","@media (max-width:1279px)","TatRemakeAliasStyles.html","868","cdaTatActualRemakeCssAliasV6512","29","9","true","1-2-0","Shared","8","width: 100% !important; max-width: 100% !important; min-width: 0 !important; height: clamp(290px,72vw,390px) !important; min-height: 290px !important; padding: 8px !important; overflow: hidden !important; box-sizing: border-box !important"
"2720","#tatDashboardPageV6509.cleanRemakeV6230 .remakeTrendCanvasWrapV6230","@media (max-width:1279px)","TatRemakeAliasStyles.html","868","cdaTatActualRemakeCssAliasV6512","29","9","true","1-2-0","Shared","8","width: 100% !important; max-width: 100% !important; min-width: 0 !important; height: clamp(290px,72vw,390px) !important; min-height: 290px !important; padding: 8px !important; overflow: hidden !important; box-sizing: border-box !important"
"2721","#tatDashboardPageV6509.cleanRemakeV6230 .remakeOverviewChartBox","@media (max-width:1279px)","TatRemakeAliasStyles.html","868","cdaTatActualRemakeCssAliasV6512","29","9","true","1-2-0","Shared","8","width: 100% !important; max-width: 100% !important; min-width: 0 !important; height: clamp(290px,72vw,390px) !important; min-height: 290px !important; padding: 8px !important; overflow: hidden !important; box-sizing: border-box !important"
"2722","#tatDashboardPageV6509.cleanRemakeV6230 canvas","@media (max-width:1279px)","TatRemakeAliasStyles.html","879","cdaTatActualRemakeCssAliasV6512","29","9","true","1-1-1","TAT","1","max-width: 100% !important"
"2723","#tatDashboardPageV6509.cleanRemakeV6230 .remakeTableWrap","@media (max-width:1279px)","TatRemakeAliasStyles.html","881","cdaTatActualRemakeCssAliasV6512","29","9","true","1-2-0","Shared","12","display: block !important; width: 100% !important; max-width: 100% !important; min-width: 0 !important; height: auto !important; min-height: 0 !important; max-height: min(62vh,520px) !important; overflow-x: auto !important; overflow-y: auto !important; -webkit-overflow-scrolling: touch !important; scrollbar-gutter: stable !important; box-sizing: border-box !important"
"2724","#tatDashboardPageV6509.cleanRemakeV6230 .remakeDepartmentTableWrapV6230","@media (max-width:1279px)","TatRemakeAliasStyles.html","881","cdaTatActualRemakeCssAliasV6512","29","9","true","1-2-0","Shared","12","display: block !important; width: 100% !important; max-width: 100% !important; min-width: 0 !important; height: auto !important; min-height: 0 !important; max-height: min(62vh,520px) !important; overflow-x: auto !important; overflow-y: auto !important; -webkit-overflow-scrolling: touch !important; scrollbar-gutter: stable !important; box-sizing: border-box !important"
"2725","#tatDashboardPageV6509.cleanRemakeV6230 .remakeProductTableWrapV6230","@media (max-width:1279px)","TatRemakeAliasStyles.html","881","cdaTatActualRemakeCssAliasV6512","29","9","true","1-2-0","Shared","12","display: block !important; width: 100% !important; max-width: 100% !important; min-width: 0 !important; height: auto !important; min-height: 0 !important; max-height: min(62vh,520px) !important; overflow-x: auto !important; overflow-y: auto !important; -webkit-overflow-scrolling: touch !important; scrollbar-gutter: stable !important; box-sizing: border-box !important"
"2726","#tatDashboardPageV6509.cleanRemakeV6230 .remakeCustomerTableWrapV6230","@media (max-width:1279px)","TatRemakeAliasStyles.html","881","cdaTatActualRemakeCssAliasV6512","29","9","true","1-2-0","Shared","12","display: block !important; width: 100% !important; max-width: 100% !important; min-width: 0 !important; height: auto !important; min-height: 0 !important; max-height: min(62vh,520px) !important; overflow-x: auto !important; overflow-y: auto !important; -webkit-overflow-scrolling: touch !important; scrollbar-gutter: stable !important; box-sizing: border-box !important"
"2727","#tatDashboardPageV6509.cleanRemakeV6230 .ceramistPreviewTableWrapV6342","@media (max-width:1279px)","TatRemakeAliasStyles.html","881","cdaTatActualRemakeCssAliasV6512","29","9","true","1-2-0","TAT","12","display: block !important; width: 100% !important; max-width: 100% !important; min-width: 0 !important; height: auto !important; min-height: 0 !important; max-height: min(62vh,520px) !important; overflow-x: auto !important; overflow-y: auto !important; -webkit-overflow-scrolling: touch !important; scrollbar-gutter: stable !important; box-sizing: border-box !important"
"2728","#tatDashboardPageV6509.cleanRemakeV6230 .remakeTable","@media (max-width:1279px)","TatRemakeAliasStyles.html","898","cdaTatActualRemakeCssAliasV6512","29","9","true","1-2-0","Shared","4","width: max-content !important; min-width: 780px !important; max-width: none !important; table-layout: auto !important"
"2729","#tatDashboardPageV6509.cleanRemakeV6230 #remakeCeramistTableV6342","@media (max-width:1279px)","TatRemakeAliasStyles.html","903","cdaTatActualRemakeCssAliasV6512","29","9","true","2-1-0","Shared","1","min-width: 690px !important"
"2730","#tatDashboardPageV6509.cleanRemakeV6230 #remakeCeramistDetailTableV6343","@media (max-width:1279px)","TatRemakeAliasStyles.html","905","cdaTatActualRemakeCssAliasV6512","29","9","true","2-1-0","Shared","1","min-width: 760px !important"
"2731","#tatDashboardPageV6509.cleanRemakeV6230 .remakeTable th","@media (max-width:1279px)","TatRemakeAliasStyles.html","907","cdaTatActualRemakeCssAliasV6512","29","9","true","1-2-1","Shared","5","min-width: 78px !important; padding: 7px 8px !important; font-size: 10.5px !important; line-height: 1.25 !important; white-space: nowrap !important"
"2732","#tatDashboardPageV6509.cleanRemakeV6230 .remakeTable td","@media (max-width:1279px)","TatRemakeAliasStyles.html","907","cdaTatActualRemakeCssAliasV6512","29","9","true","1-2-1","Shared","5","min-width: 78px !important; padding: 7px 8px !important; font-size: 10.5px !important; line-height: 1.25 !important; white-space: nowrap !important"
"2733","#tatDashboardPageV6509.cleanRemakeV6230 .remakeTable th:first-child","@media (max-width:1279px)","TatRemakeAliasStyles.html","914","cdaTatActualRemakeCssAliasV6512","29","9","true","1-3-1","Shared","5","position: sticky !important; left: 0 !important; min-width: 170px !important; max-width: 230px !important; z-index: 3 !important"
"2734","#tatDashboardPageV6509.cleanRemakeV6230 .remakeTable td:first-child","@media (max-width:1279px)","TatRemakeAliasStyles.html","914","cdaTatActualRemakeCssAliasV6512","29","9","true","1-3-1","Shared","5","position: sticky !important; left: 0 !important; min-width: 170px !important; max-width: 230px !important; z-index: 3 !important"
"2735","#tatDashboardPageV6509.cleanRemakeV6230 .remakeTable thead th:first-child","@media (max-width:1279px)","TatRemakeAliasStyles.html","921","cdaTatActualRemakeCssAliasV6512","29","9","true","1-3-2","Shared","2","z-index: 5 !important; background: #203038 !important"
"2736","#tatDashboardPageV6509.cleanRemakeV6230 .remakeTable tbody tr:nth-child(odd) td:first-child","@media (max-width:1279px)","TatRemakeAliasStyles.html","924","cdaTatActualRemakeCssAliasV6512","29","9","true","1-4-3","Shared","1","background: #fff !important"
"2737","#tatDashboardPageV6509.cleanRemakeV6230 .remakeTable tbody tr:nth-child(even) td:first-child","@media (max-width:1279px)","TatRemakeAliasStyles.html","926","cdaTatActualRemakeCssAliasV6512","29","9","true","1-4-3","Shared","1","background: #fafafa !important"
"2738","#tatDashboardPageV6509.cleanRemakeV6230 .remakePageFooterV6338","@media (max-width:1279px)","TatRemakeAliasStyles.html","928","cdaTatActualRemakeCssAliasV6512","29","9","true","1-2-0","Shared","8","display: flex !important; flex-direction: column !important; align-items: flex-start !important; gap: 6px !important; width: 100% !important; min-width: 0 !important; padding: 10px !important; box-sizing: border-box !important"
"2739","#tatDashboardPageV6509.cleanRemakeV6230 .remakeCacheActionBarV6338","@media (max-width:1279px)","TatRemakeAliasStyles.html","937","cdaTatActualRemakeCssAliasV6512","29","9","true","1-2-0","Shared","1","display: none !important"
"2740","#tatDashboardPageV6509.cleanRemakeV6230 .remakeFooterStampV6338","@media (max-width:1279px)","TatRemakeAliasStyles.html","939","cdaTatActualRemakeCssAliasV6512","29","9","true","1-2-0","Shared","7","width: 100% !important; min-width: 0 !important; margin: 0 !important; text-align: left !important; white-space: normal !important; overflow-wrap: anywhere !important; font-size: 9.5px !important"
"2741","body.remakeCompactFiltersOpenV6382 #tatDashboardPageV6509.cleanRemakeV6230 .remakeFilterBarV6230","@media (max-width:600px)","TatRemakeAliasStyles.html","947","cdaTatActualRemakeCssAliasV6512","29","9","true","1-3-1","Shared","1","grid-template-columns: minmax(0,1fr) !important"
"2742","#remakeCompactToolbarV6382 .remakeCompactToolV6382 svg","","TatRemakeAliasStyles.html","950","cdaTatActualRemakeCssAliasV6512","29","9","true","1-1-1","Shared","11","display: block !important; flex: 0 0 18px !important; width: 18px !important; height: 18px !important; fill: none !important; stroke: currentColor !important; stroke-width: 2 !important; stroke-linecap: round !important; stroke-linejoin: round !important; overflow: visible !important; pointer-events: none !important"
"2743","#tatTabFilterHostV6509 #remakeTabViewsV6382 svg","","TatRemakeAliasStyles.html","950","cdaTatActualRemakeCssAliasV6512","29","9","true","2-0-1","Shared","11","display: block !important; flex: 0 0 18px !important; width: 18px !important; height: 18px !important; fill: none !important; stroke: currentColor !important; stroke-width: 2 !important; stroke-linecap: round !important; stroke-linejoin: round !important; overflow: visible !important; pointer-events: none !important"
"2744","#tatTabFilterHostV6509:not([hidden]) #remakeTabViewsV6382","@media (min-width:1280px)","TatRemakeAliasStyles.html","963","cdaTatActualRemakeCssAliasV6512","29","9","true","2-1-0","Shared","11","display: inline-flex !important; flex: 0 0 32px !important; align-items: center !important; justify-content: center !important; width: 32px !important; min-width: 32px !important; max-width: 32px !important; height: 32px !important; min-height: 32px !important; padding: 0 !important; overflow: visible !important"
"2745","#tatDashboardPageV6509.cleanRemakeV6230 .remakeTableWrap","@media (max-width:1279px)","TatRemakeAliasStyles.html","975","cdaTatActualRemakeCssAliasV6512","29","9","true","1-2-0","Shared","10","display: block !important; width: 100% !important; max-width: 100% !important; min-width: 0 !important; overflow-x: auto !important; overflow-y: auto !important; overscroll-behavior-x: contain !important; touch-action: pan-x pan-y !important; -webkit-overflow-scrolling: touch !important; box-sizing: border-box !important"
"2746","#tatDashboardPageV6509.cleanRemakeV6230 .remakeDepartmentTableWrapV6230","@media (max-width:1279px)","TatRemakeAliasStyles.html","975","cdaTatActualRemakeCssAliasV6512","29","9","true","1-2-0","Shared","10","display: block !important; width: 100% !important; max-width: 100% !important; min-width: 0 !important; overflow-x: auto !important; overflow-y: auto !important; overscroll-behavior-x: contain !important; touch-action: pan-x pan-y !important; -webkit-overflow-scrolling: touch !important; box-sizing: border-box !important"
"2747","#tatDashboardPageV6509.cleanRemakeV6230 .remakeProductTableWrapV6230","@media (max-width:1279px)","TatRemakeAliasStyles.html","975","cdaTatActualRemakeCssAliasV6512","29","9","true","1-2-0","Shared","10","display: block !important; width: 100% !important; max-width: 100% !important; min-width: 0 !important; overflow-x: auto !important; overflow-y: auto !important; overscroll-behavior-x: contain !important; touch-action: pan-x pan-y !important; -webkit-overflow-scrolling: touch !important; box-sizing: border-box !important"
"2748","#tatDashboardPageV6509.cleanRemakeV6230 .remakeCustomerTableWrapV6230","@media (max-width:1279px)","TatRemakeAliasStyles.html","975","cdaTatActualRemakeCssAliasV6512","29","9","true","1-2-0","Shared","10","display: block !important; width: 100% !important; max-width: 100% !important; min-width: 0 !important; overflow-x: auto !important; overflow-y: auto !important; overscroll-behavior-x: contain !important; touch-action: pan-x pan-y !important; -webkit-overflow-scrolling: touch !important; box-sizing: border-box !important"
"2749","#tatDashboardPageV6509.cleanRemakeV6230 .ceramistPreviewTableWrapV6342","@media (max-width:1279px)","TatRemakeAliasStyles.html","975","cdaTatActualRemakeCssAliasV6512","29","9","true","1-2-0","TAT","10","display: block !important; width: 100% !important; max-width: 100% !important; min-width: 0 !important; overflow-x: auto !important; overflow-y: auto !important; overscroll-behavior-x: contain !important; touch-action: pan-x pan-y !important; -webkit-overflow-scrolling: touch !important; box-sizing: border-box !important"
"2750","body.remakeCompactActiveV6382 #tatDashboardPageV6509.cleanRemakeV6230 #remakeReasonTable:not(.compareColumnsV6301)","@media (max-width:1279px)","TatRemakeAliasStyles.html","990","cdaTatActualRemakeCssAliasV6512","29","9","true","2-3-1","Shared","4","display: table !important; max-width: none !important; table-layout: fixed !important; border-collapse: collapse !important"
"2751","body.remakeCompactActiveV6382 #tatDashboardPageV6509.cleanRemakeV6230 #remakeDepartmentTable:not(.compareColumnsV6301)","@media (max-width:1279px)","TatRemakeAliasStyles.html","990","cdaTatActualRemakeCssAliasV6512","29","9","true","2-3-1","Shared","4","display: table !important; max-width: none !important; table-layout: fixed !important; border-collapse: collapse !important"
"2752","body.remakeCompactActiveV6382 #tatDashboardPageV6509.cleanRemakeV6230 #remakeProductTable:not(.compareColumnsV6301)","@media (max-width:1279px)","TatRemakeAliasStyles.html","990","cdaTatActualRemakeCssAliasV6512","29","9","true","2-3-1","Shared","4","display: table !important; max-width: none !important; table-layout: fixed !important; border-collapse: collapse !important"
"2753","body.remakeCompactActiveV6382 #tatDashboardPageV6509.cleanRemakeV6230 #remakeCustomerTable:not(.compareColumnsV6301)","@media (max-width:1279px)","TatRemakeAliasStyles.html","990","cdaTatActualRemakeCssAliasV6512","29","9","true","2-3-1","Shared","4","display: table !important; max-width: none !important; table-layout: fixed !important; border-collapse: collapse !important"
"2754","body.remakeCompactActiveV6382 #tatDashboardPageV6509.cleanRemakeV6230 #remakeReasonTable:not(.compareColumnsV6301)","@media (max-width:1279px)","TatRemakeAliasStyles.html","998","cdaTatActualRemakeCssAliasV6512","29","9","true","2-3-1","Shared","2","width: 780px !important; min-width: 780px !important"
"2755","body.remakeCompactActiveV6382 #tatDashboardPageV6509.cleanRemakeV6230 #remakeDepartmentTable:not(.compareColumnsV6301)","@media (max-width:1279px)","TatRemakeAliasStyles.html","1001","cdaTatActualRemakeCssAliasV6512","29","9","true","2-3-1","Shared","2","width: 946px !important; min-width: 946px !important"
"2756","body.remakeCompactActiveV6382 #tatDashboardPageV6509.cleanRemakeV6230 #remakeProductTable:not(.compareColumnsV6301)","@media (max-width:1279px)","TatRemakeAliasStyles.html","1004","cdaTatActualRemakeCssAliasV6512","29","9","true","2-3-1","Shared","2","width: 1010px !important; min-width: 1010px !important"
"2757","body.remakeCompactActiveV6382 #tatDashboardPageV6509.cleanRemakeV6230 #remakeCustomerTable:not(.compareColumnsV6301)","@media (max-width:1279px)","TatRemakeAliasStyles.html","1007","cdaTatActualRemakeCssAliasV6512","29","9","true","2-3-1","Shared","2","width: 1030px !important; min-width: 1030px !important"
"2758","body.remakeCompactActiveV6382 #tatDashboardPageV6509.cleanRemakeV6230 #remakeReasonTable:not(.compareColumnsV6301) th:first-child","@media (max-width:1279px)","TatRemakeAliasStyles.html","1010","cdaTatActualRemakeCssAliasV6512","29","9","true","2-4-2","Shared","3","width: 220px !important; min-width: 220px !important; max-width: 220px !important"
"2759","body.remakeCompactActiveV6382 #tatDashboardPageV6509.cleanRemakeV6230 #remakeReasonTable:not(.compareColumnsV6301) td:first-child","@media (max-width:1279px)","TatRemakeAliasStyles.html","1010","cdaTatActualRemakeCssAliasV6512","29","9","true","2-4-2","Shared","3","width: 220px !important; min-width: 220px !important; max-width: 220px !important"
"2760","body.remakeCompactActiveV6382 #tatDashboardPageV6509.cleanRemakeV6230 #remakeReasonTable:not(.compareColumnsV6301) th:not(:first-child)","@media (max-width:1279px)","TatRemakeAliasStyles.html","1015","cdaTatActualRemakeCssAliasV6512","29","9","true","2-4-2","Shared","3","width: 112px !important; min-width: 112px !important; max-width: 112px !important"
"2761","body.remakeCompactActiveV6382 #tatDashboardPageV6509.cleanRemakeV6230 #remakeReasonTable:not(.compareColumnsV6301) td:not(:first-child)","@media (max-width:1279px)","TatRemakeAliasStyles.html","1015","cdaTatActualRemakeCssAliasV6512","29","9","true","2-4-2","Shared","3","width: 112px !important; min-width: 112px !important; max-width: 112px !important"
"2762","body.remakeCompactActiveV6382 #tatDashboardPageV6509.cleanRemakeV6230 #remakeDepartmentTable:not(.compareColumnsV6301) th:first-child","@media (max-width:1279px)","TatRemakeAliasStyles.html","1020","cdaTatActualRemakeCssAliasV6512","29","9","true","2-4-2","Shared","3","width: 190px !important; min-width: 190px !important; max-width: 190px !important"
"2763","body.remakeCompactActiveV6382 #tatDashboardPageV6509.cleanRemakeV6230 #remakeDepartmentTable:not(.compareColumnsV6301) td:first-child","@media (max-width:1279px)","TatRemakeAliasStyles.html","1020","cdaTatActualRemakeCssAliasV6512","29","9","true","2-4-2","Shared","3","width: 190px !important; min-width: 190px !important; max-width: 190px !important"
"2764","body.remakeCompactActiveV6382 #tatDashboardPageV6509.cleanRemakeV6230 #remakeDepartmentTable:not(.compareColumnsV6301) th:not(:first-child)","@media (max-width:1279px)","TatRemakeAliasStyles.html","1025","cdaTatActualRemakeCssAliasV6512","29","9","true","2-4-2","Shared","3","width: 108px !important; min-width: 108px !important; max-width: 108px !important"
"2765","body.remakeCompactActiveV6382 #tatDashboardPageV6509.cleanRemakeV6230 #remakeDepartmentTable:not(.compareColumnsV6301) td:not(:first-child)","@media (max-width:1279px)","TatRemakeAliasStyles.html","1025","cdaTatActualRemakeCssAliasV6512","29","9","true","2-4-2","Shared","3","width: 108px !important; min-width: 108px !important; max-width: 108px !important"
"2766","body.remakeCompactActiveV6382 #tatDashboardPageV6509.cleanRemakeV6230 #remakeProductTable:not(.compareColumnsV6301) th:first-child","@media (max-width:1279px)","TatRemakeAliasStyles.html","1030","cdaTatActualRemakeCssAliasV6512","29","9","true","2-4-2","Shared","3","width: 240px !important; min-width: 240px !important; max-width: 240px !important"
"2767","body.remakeCompactActiveV6382 #tatDashboardPageV6509.cleanRemakeV6230 #remakeProductTable:not(.compareColumnsV6301) td:first-child","@media (max-width:1279px)","TatRemakeAliasStyles.html","1030","cdaTatActualRemakeCssAliasV6512","29","9","true","2-4-2","Shared","3","width: 240px !important; min-width: 240px !important; max-width: 240px !important"
"2768","body.remakeCompactActiveV6382 #tatDashboardPageV6509.cleanRemakeV6230 #remakeProductTable:not(.compareColumnsV6301) th:not(:first-child)","@media (max-width:1279px)","TatRemakeAliasStyles.html","1035","cdaTatActualRemakeCssAliasV6512","29","9","true","2-4-2","Shared","3","width: 110px !important; min-width: 110px !important; max-width: 110px !important"
"2769","body.remakeCompactActiveV6382 #tatDashboardPageV6509.cleanRemakeV6230 #remakeProductTable:not(.compareColumnsV6301) td:not(:first-child)","@media (max-width:1279px)","TatRemakeAliasStyles.html","1035","cdaTatActualRemakeCssAliasV6512","29","9","true","2-4-2","Shared","3","width: 110px !important; min-width: 110px !important; max-width: 110px !important"
"2770","body.remakeCompactActiveV6382 #tatDashboardPageV6509.cleanRemakeV6230 #remakeCustomerTable:not(.compareColumnsV6301) th:first-child","@media (max-width:1279px)","TatRemakeAliasStyles.html","1040","cdaTatActualRemakeCssAliasV6512","29","9","true","2-4-2","Shared","3","width: 260px !important; min-width: 260px !important; max-width: 260px !important"
"2771","body.remakeCompactActiveV6382 #tatDashboardPageV6509.cleanRemakeV6230 #remakeCustomerTable:not(.compareColumnsV6301) td:first-child","@media (max-width:1279px)","TatRemakeAliasStyles.html","1040","cdaTatActualRemakeCssAliasV6512","29","9","true","2-4-2","Shared","3","width: 260px !important; min-width: 260px !important; max-width: 260px !important"
"2772","body.remakeCompactActiveV6382 #tatDashboardPageV6509.cleanRemakeV6230 #remakeCustomerTable:not(.compareColumnsV6301) th:not(:first-child)","@media (max-width:1279px)","TatRemakeAliasStyles.html","1045","cdaTatActualRemakeCssAliasV6512","29","9","true","2-4-2","Shared","3","width: 110px !important; min-width: 110px !important; max-width: 110px !important"
"2773","body.remakeCompactActiveV6382 #tatDashboardPageV6509.cleanRemakeV6230 #remakeCustomerTable:not(.compareColumnsV6301) td:not(:first-child)","@media (max-width:1279px)","TatRemakeAliasStyles.html","1045","cdaTatActualRemakeCssAliasV6512","29","9","true","2-4-2","Shared","3","width: 110px !important; min-width: 110px !important; max-width: 110px !important"
"2774","body.remakeCompactActiveV6382 #tatDashboardPageV6509.cleanRemakeV6230 table.remakeTable.compareColumnsV6301","@media (max-width:1279px)","TatRemakeAliasStyles.html","1050","cdaTatActualRemakeCssAliasV6512","29","9","true","1-4-2","Shared","5","display: table !important; width: max-content !important; min-width: 2140px !important; max-width: none !important; table-layout: fixed !important"
"2775","body.remakeCompactActiveV6382 #tatDashboardPageV6509.cleanRemakeV6230 table.remakeTable.compareColumnsV6301 th:not(:first-child)","@media (max-width:1279px)","TatRemakeAliasStyles.html","1056","cdaTatActualRemakeCssAliasV6512","29","9","true","1-5-3","Shared","3","width: 96px !important; min-width: 96px !important; max-width: 96px !important"
"2776","body.remakeCompactActiveV6382 #tatDashboardPageV6509.cleanRemakeV6230 table.remakeTable.compareColumnsV6301 td:not(:first-child)","@media (max-width:1279px)","TatRemakeAliasStyles.html","1056","cdaTatActualRemakeCssAliasV6512","29","9","true","1-5-3","Shared","3","width: 96px !important; min-width: 96px !important; max-width: 96px !important"
"2777","body.remakeCompactActiveV6382 #tatDashboardPageV6509.cleanRemakeV6230 table.remakeTable.compareColumnsV6301 .deltaHeaderV6301","@media (max-width:1279px)","TatRemakeAliasStyles.html","1061","cdaTatActualRemakeCssAliasV6512","29","9","true","1-5-2","Shared","3","width: 82px !important; min-width: 82px !important; max-width: 82px !important"
"2778","body.remakeCompactActiveV6382 #tatDashboardPageV6509.cleanRemakeV6230 table.remakeTable.compareColumnsV6301 .deltaCellV6301","@media (max-width:1279px)","TatRemakeAliasStyles.html","1061","cdaTatActualRemakeCssAliasV6512","29","9","true","1-5-2","Shared","3","width: 82px !important; min-width: 82px !important; max-width: 82px !important"
"2779","#tatDashboardPageV6509.cleanRemakeV6230 .remakeDropdownHeaderV6245","","TatRemakeAliasStyles.html","1067","cdaTatActualRemakeCssAliasV6512","29","9","true","1-2-0","Shared","8","display: grid !important; grid-template-columns: repeat(3, max-content) !important; justify-content: start !important; align-items: center !important; column-gap: 6px !important; row-gap: 7px !important; padding: 8px 9px !important; overflow: visible !important"
"2780","#tatTabFilterHostV6509 .remakeDropdownHeaderV6245","","TatRemakeAliasStyles.html","1067","cdaTatActualRemakeCssAliasV6512","29","9","true","1-1-0","Shared","8","display: grid !important; grid-template-columns: repeat(3, max-content) !important; justify-content: start !important; align-items: center !important; column-gap: 6px !important; row-gap: 7px !important; padding: 8px 9px !important; overflow: visible !important"
"2781","#tatDashboardPageV6509.cleanRemakeV6230 .remakeDropdownHeaderV6245 button","","TatRemakeAliasStyles.html","1077","cdaTatActualRemakeCssAliasV6512","29","9","true","1-2-1","Shared","2","min-width: 0 !important; max-width: none !important"
"2782","#tatTabFilterHostV6509 .remakeDropdownHeaderV6245 button","","TatRemakeAliasStyles.html","1077","cdaTatActualRemakeCssAliasV6512","29","9","true","1-1-1","Shared","2","min-width: 0 !important; max-width: none !important"
"2783","#tatDashboardPageV6509.cleanRemakeV6230 .remakeDropdownCountV6245","","TatRemakeAliasStyles.html","1081","cdaTatActualRemakeCssAliasV6512","29","9","true","1-2-0","Shared","13","grid-column: 1 / -1 !important; display: block !important; width: 100% !important; min-width: 0 !important; margin: 0 !important; padding: 7px 2px 1px !important; border-top: 1px solid #e5e7eb !important; color: #667085 !important; font: 800 11px/1.25 Roboto, Arial, sans-serif !important; white-space: normal !important; overflow: visible !important; text-overflow: clip !important; box-sizing: border-box !important"
"2784","#tatTabFilterHostV6509 .remakeDropdownCountV6245","","TatRemakeAliasStyles.html","1081","cdaTatActualRemakeCssAliasV6512","29","9","true","1-1-0","Shared","13","grid-column: 1 / -1 !important; display: block !important; width: 100% !important; min-width: 0 !important; margin: 0 !important; padding: 7px 2px 1px !important; border-top: 1px solid #e5e7eb !important; color: #667085 !important; font: 800 11px/1.25 Roboto, Arial, sans-serif !important; white-space: normal !important; overflow: visible !important; text-overflow: clip !important; box-sizing: border-box !important"
"2785","#tatDashboardPageV6509.cleanRemakeV6230 .remakeDropdownHeaderV6245","@media (max-width: 430px)","TatRemakeAliasStyles.html","1096","cdaTatActualRemakeCssAliasV6512","29","9","true","1-2-0","Shared","3","grid-template-columns: repeat(3, minmax(0, auto)) !important; column-gap: 5px !important; padding: 7px !important"
"2786","#tatTabFilterHostV6509 .remakeDropdownHeaderV6245","@media (max-width: 430px)","TatRemakeAliasStyles.html","1096","cdaTatActualRemakeCssAliasV6512","29","9","true","1-1-0","Shared","3","grid-template-columns: repeat(3, minmax(0, auto)) !important; column-gap: 5px !important; padding: 7px !important"
"2787","#tatDashboardPageV6509.cleanRemakeV6230 .remakeDropdownHeaderV6245 button","@media (max-width: 430px)","TatRemakeAliasStyles.html","1101","cdaTatActualRemakeCssAliasV6512","29","9","true","1-2-1","Shared","2","padding: 7px 9px !important; font-size: 11px !important"
"2788","#tatTabFilterHostV6509 .remakeDropdownHeaderV6245 button","@media (max-width: 430px)","TatRemakeAliasStyles.html","1101","cdaTatActualRemakeCssAliasV6512","29","9","true","1-1-1","Shared","2","padding: 7px 9px !important; font-size: 11px !important"
"2789","#tatDashboardPageV6509.cleanRemakeV6230 #remakeCeramistTableV6342","","TatRemakeAliasStyles.html","1106","cdaTatActualRemakeCssAliasV6512","29","9","true","2-1-0","Shared","3","table-layout: fixed !important; width: 100% !important; min-width: 0 !important"
"2790","#tatDashboardPageV6509.cleanRemakeV6230 #remakeCeramistTableV6342 th:nth-child(1)","","TatRemakeAliasStyles.html","1110","cdaTatActualRemakeCssAliasV6512","29","9","true","2-2-1","Shared","3","width: 28% !important; min-width: 0 !important; max-width: none !important"
"2791","#tatDashboardPageV6509.cleanRemakeV6230 #remakeCeramistTableV6342 td:nth-child(1)","","TatRemakeAliasStyles.html","1110","cdaTatActualRemakeCssAliasV6512","29","9","true","2-2-1","Shared","3","width: 28% !important; min-width: 0 !important; max-width: none !important"
"2792","#tatDashboardPageV6509.cleanRemakeV6230 #remakeCeramistTableV6342 th:nth-child(2)","","TatRemakeAliasStyles.html","1115","cdaTatActualRemakeCssAliasV6512","29","9","true","2-2-1","Shared","3","width: 13% !important; min-width: 0 !important; max-width: none !important"
"2793","#tatDashboardPageV6509.cleanRemakeV6230 #remakeCeramistTableV6342 td:nth-child(2)","","TatRemakeAliasStyles.html","1115","cdaTatActualRemakeCssAliasV6512","29","9","true","2-2-1","Shared","3","width: 13% !important; min-width: 0 !important; max-width: none !important"
"2794","#tatDashboardPageV6509.cleanRemakeV6230 #remakeCeramistTableV6342 th:nth-child(3)","","TatRemakeAliasStyles.html","1120","cdaTatActualRemakeCssAliasV6512","29","9","true","2-2-1","Shared","3","width: 14% !important; min-width: 0 !important; max-width: none !important"
"2795","#tatDashboardPageV6509.cleanRemakeV6230 #remakeCeramistTableV6342 td:nth-child(3)","","TatRemakeAliasStyles.html","1120","cdaTatActualRemakeCssAliasV6512","29","9","true","2-2-1","Shared","3","width: 14% !important; min-width: 0 !important; max-width: none !important"
"2796","#tatDashboardPageV6509.cleanRemakeV6230 #remakeCeramistTableV6342 th:nth-child(4)","","TatRemakeAliasStyles.html","1125","cdaTatActualRemakeCssAliasV6512","29","9","true","2-2-1","Shared","3","width: 13% !important; min-width: 0 !important; max-width: none !important"
"2797","#tatDashboardPageV6509.cleanRemakeV6230 #remakeCeramistTableV6342 td:nth-child(4)","","TatRemakeAliasStyles.html","1125","cdaTatActualRemakeCssAliasV6512","29","9","true","2-2-1","Shared","3","width: 13% !important; min-width: 0 !important; max-width: none !important"
"2798","#tatDashboardPageV6509.cleanRemakeV6230 #remakeCeramistTableV6342 th:nth-child(5)","","TatRemakeAliasStyles.html","1130","cdaTatActualRemakeCssAliasV6512","29","9","true","2-2-1","Shared","3","width: 15% !important; min-width: 0 !important; max-width: none !important"
"2799","#tatDashboardPageV6509.cleanRemakeV6230 #remakeCeramistTableV6342 td:nth-child(5)","","TatRemakeAliasStyles.html","1130","cdaTatActualRemakeCssAliasV6512","29","9","true","2-2-1","Shared","3","width: 15% !important; min-width: 0 !important; max-width: none !important"
"2800","#tatDashboardPageV6509.cleanRemakeV6230 #remakeCeramistTableV6342 th:nth-child(6)","","TatRemakeAliasStyles.html","1135","cdaTatActualRemakeCssAliasV6512","29","9","true","2-2-1","Shared","3","width: 17% !important; min-width: 0 !important; max-width: none !important"
"2801","#tatDashboardPageV6509.cleanRemakeV6230 #remakeCeramistTableV6342 td:nth-child(6)","","TatRemakeAliasStyles.html","1135","cdaTatActualRemakeCssAliasV6512","29","9","true","2-2-1","Shared","3","width: 17% !important; min-width: 0 !important; max-width: none !important"
"2802","#tatDashboardPageV6509.cleanRemakeV6230 #remakeCeramistTableV6342 thead th","","TatRemakeAliasStyles.html","1140","cdaTatActualRemakeCssAliasV6512","29","9","true","2-1-2","Shared","2","padding-left: 5px !important; padding-right: 14px !important"
"2803","#tatDashboardPageV6509.cleanRemakeV6230 .remakeSectionToggleV6402","","TatRemakeAliasStyles.html","1144","cdaTatActualRemakeCssAliasV6512","29","9","true","1-2-0","Shared","15","width: 22px !important; height: 22px !important; min-width: 22px !important; margin: -3px 0 -3px 4px !important; padding: 0 !important; display: inline-flex !important; align-items: center !important; justify-content: center !important; border: 0 !important; border-radius: 50% !important; background: transparent !important; color: #667085 !important; box-shadow: none !important; cursor: pointer !important; vertical-align: middle !important"
"2804","#tatDashboardPageV6509.cleanRemakeV6230 .remakeSectionToggleV6402:hover","","TatRemakeAliasStyles.html","1160","cdaTatActualRemakeCssAliasV6512","29","9","true","1-3-0","Shared","3","background: #f2f4f7 !important; color: #344054 !important; outline: none !important"
"2805","#tatDashboardPageV6509.cleanRemakeV6230 .remakeSectionToggleV6402:focus-visible","","TatRemakeAliasStyles.html","1160","cdaTatActualRemakeCssAliasV6512","29","9","true","1-3-0","Shared","3","background: #f2f4f7 !important; color: #344054 !important; outline: none !important"
"2806","#tatDashboardPageV6509.cleanRemakeV6230 .remakeCardTitle[data-remake-section-title-v6408]","","TatRemakeAliasStyles.html","1165","cdaTatActualRemakeCssAliasV6512","29","9","true","1-3-0","Shared","2","cursor: pointer !important; user-select: none !important"
"2807","#tatDashboardPageV6509.cleanRemakeV6230 .remakeCardTitle[data-remake-section-title-v6408]:focus-visible","","TatRemakeAliasStyles.html","1168","cdaTatActualRemakeCssAliasV6512","29","9","true","1-4-0","Shared","3","outline: 2px solid rgba(37,99,235,.35) !important; outline-offset: 3px !important; border-radius: 4px !important"
"2808","#tatDashboardPageV6509.cleanRemakeV6230 .remakeSectionChevronV6402","","TatRemakeAliasStyles.html","1172","cdaTatActualRemakeCssAliasV6512","29","9","true","1-2-0","Shared","6","display: inline-block !important; width: 12px !important; font-size: 12px !important; line-height: 1 !important; transform: rotate(0deg); transform-origin: center !important; transition: transform .10s ease !important"
"2809","#tatDashboardPageV6509.cleanRemakeV6230 .remakeSectionCollapsedV6402","","TatRemakeAliasStyles.html","1180","cdaTatActualRemakeCssAliasV6512","29","9","true","1-2-0","Shared","4","height: auto !important; min-height: 0 !important; max-height: none !important; overflow: visible !important"
"2810","#tatDashboardPageV6509.cleanRemakeV6230 #remakeCustomerCardV6230.remakeSectionCollapsedV6402","","TatRemakeAliasStyles.html","1185","cdaTatActualRemakeCssAliasV6512","29","9","true","2-2-0","Shared","3","height: auto !important; min-height: 0 !important; max-height: none !important"
"2811","#tatDashboardPageV6509.cleanRemakeV6230 #remakeCeramistCardV6342.remakeSectionCollapsedV6402","","TatRemakeAliasStyles.html","1185","cdaTatActualRemakeCssAliasV6512","29","9","true","2-2-0","Shared","3","height: auto !important; min-height: 0 !important; max-height: none !important"
"2812","#tatDashboardPageV6509.cleanRemakeV6230 .remakeSectionCollapsedV6402 > :not(.remakeCardHeader)","","TatRemakeAliasStyles.html","1190","cdaTatActualRemakeCssAliasV6512","29","9","true","1-3-0","Shared","1","display: none !important"
"2813","#tatDashboardPageV6509.cleanRemakeV6230 .remakeSectionCollapsedV6402 > .remakeCardHeader","","TatRemakeAliasStyles.html","1192","cdaTatActualRemakeCssAliasV6512","29","9","true","1-3-0","Shared","1","border-bottom: 0 !important"
"2814","#tatDashboardPageV6509.cleanRemakeV6230 .remakeSectionCollapsedV6402 .remakeSectionChevronV6402","","TatRemakeAliasStyles.html","1194","cdaTatActualRemakeCssAliasV6512","29","9","true","1-3-0","Shared","1","transform: rotate(-90deg) !important"
"2815","#tatDashboardPageV6509.cleanRemakeV6230 .remakeSectionToggleV6402","@media (max-width: 760px)","TatRemakeAliasStyles.html","1196","cdaTatActualRemakeCssAliasV6512","29","9","true","1-2-0","Shared","4","width: 24px !important; height: 24px !important; min-width: 24px !important; margin-left: 3px !important"
"2816","#tatDashboardPageV6509.cleanRemakeV6230 .remakeKpiToolbarV6403","","TatRemakeAliasStyles.html","1202","cdaTatActualRemakeCssAliasV6512","29","9","true","1-2-0","Shared","5","display: flex !important; align-items: center !important; justify-content: flex-end !important; min-height: 26px !important; margin: 1px 0 5px !important"
"2817","#tatDashboardPageV6509.cleanRemakeV6230 .remakeKpiChooserButtonV6403","","TatRemakeAliasStyles.html","1208","cdaTatActualRemakeCssAliasV6512","29","9","true","1-2-0","Shared","9","height: 25px !important; min-width: 52px !important; padding: 0 8px !important; border: 1px solid #cfd6df !important; border-radius: 999px !important; background: #fff !important; color: #475467 !important; font: 900 9.5px/1 Roboto, Arial, sans-serif !important; cursor: pointer !important"
"2818","#tatDashboardPageV6509.cleanRemakeV6230 .remakeKpiChooserButtonV6403:hover","","TatRemakeAliasStyles.html","1218","cdaTatActualRemakeCssAliasV6512","29","9","true","1-3-0","Shared","3","background: #f8fafc !important; color: #202124 !important; outline: none !important"
"2819","#tatDashboardPageV6509.cleanRemakeV6230 .remakeKpiChooserButtonV6403:focus-visible","","TatRemakeAliasStyles.html","1218","cdaTatActualRemakeCssAliasV6512","29","9","true","1-3-0","Shared","3","background: #f8fafc !important; color: #202124 !important; outline: none !important"
"2820","#tatDashboardPageV6509.cleanRemakeV6230 .remakeKpiChooserButtonV6403.hasHiddenKpisV6403","","TatRemakeAliasStyles.html","1223","cdaTatActualRemakeCssAliasV6512","29","9","true","1-3-0","Shared","3","border-color: #f2c94c !important; background: #fff7d6 !important; color: #7a4a00 !important"
"2821","#tatDashboardPageV6509.cleanRemakeV6230 .remakeKpisV6230","","TatRemakeAliasStyles.html","1227","cdaTatActualRemakeCssAliasV6512","29","9","true","1-2-0","Shared","2","justify-content: center !important; align-items: stretch !important"
"2822","#tatDashboardPageV6509.cleanRemakeV6230 .remakeKpisV6230","@media (min-width: 1280px)","TatRemakeAliasStyles.html","1230","cdaTatActualRemakeCssAliasV6512","29","9","true","1-2-0","Shared","3","gap: 12px !important; padding: 0 12px 5px !important; box-sizing: border-box !important"
"2823","#tatDashboardPageV6509.cleanRemakeV6230 .remakeKpi","@media (min-width: 1280px)","TatRemakeAliasStyles.html","1234","cdaTatActualRemakeCssAliasV6512","29","9","true","1-2-0","Shared","2","min-height: 78px !important; padding: 11px 14px !important"
"2824","#tatDashboardPageV6509.cleanRemakeV6230 .remakeKpi .label","@media (min-width: 1280px)","TatRemakeAliasStyles.html","1237","cdaTatActualRemakeCssAliasV6512","29","9","true","1-3-0","Shared","1","margin-bottom: 6px !important"
"2825","#tatDashboardPageV6509.cleanRemakeV6230 .remakeKpiHiddenV6403","","TatRemakeAliasStyles.html","1239","cdaTatActualRemakeCssAliasV6512","29","9","true","1-2-0","Shared","1","display: none !important"
"2826","#tatDashboardPageV6509.cleanRemakeV6230 .remakeKpisAllHiddenV6403","","TatRemakeAliasStyles.html","1241","cdaTatActualRemakeCssAliasV6512","29","9","true","1-2-0","Shared","1","display: none !important"
"2827","#tatDashboardPageV6509.cleanRemakeV6230 .remakeKpisV6230","@media (max-width: 760px)","TatRemakeAliasStyles.html","1243","cdaTatActualRemakeCssAliasV6512","29","9","true","1-2-0","Shared","1","grid-template-columns: repeat(auto-fit, minmax(132px, 1fr)) !important"
"2828","#tatDashboardPageV6509.cleanRemakeV6230 .remakeKpiAreaV6406","","TatRemakeAliasStyles.html","1245","cdaTatActualRemakeCssAliasV6512","29","9","true","1-2-0","Shared","9","position: relative !important; width: 100% !important; min-width: 0 !important; margin: 0 !important; padding: 0 30px 4px 0 !important; background: transparent !important; border: 0 !important; box-shadow: none !important; box-sizing: border-box !important"
"2829","#tatDashboardPageV6509.cleanRemakeV6230 .remakeKpiAreaV6406 .remakeKpiToolbarV6403","","TatRemakeAliasStyles.html","1255","cdaTatActualRemakeCssAliasV6512","29","9","true","1-3-0","Shared","12","position: absolute !important; top: 3px !important; right: 0 !important; z-index: 6 !important; display: flex !important; align-items: center !important; justify-content: center !important; width: 26px !important; min-height: 0 !important; height: 26px !important; margin: 0 !important; padding: 0 !important"
"2830","#tatDashboardPageV6509.cleanRemakeV6230 .remakeKpiAreaV6406 .remakeKpiChooserButtonV6403","","TatRemakeAliasStyles.html","1268","cdaTatActualRemakeCssAliasV6512","29","9","true","1-3-0","Shared","14","position: relative !important; display: inline-flex !important; align-items: center !important; justify-content: center !important; width: 26px !important; min-width: 26px !important; height: 26px !important; padding: 0 0 3px !important; border: 1px solid transparent !important; border-radius: 50% !important; background: transparent !important; color: #667085 !important; font: 900 20px/1 Arial, sans-serif !important; letter-spacing: 0 !important"
"2831","#tatDashboardPageV6509.cleanRemakeV6230 .remakeKpiAreaV6406 .remakeKpiChooserButtonV6403:hover","","TatRemakeAliasStyles.html","1283","cdaTatActualRemakeCssAliasV6512","29","9","true","1-4-0","Shared","4","border-color: #cfd6df !important; background: #fff !important; color: #202124 !important; box-shadow: 0 1px 3px rgba(20,32,42,.12) !important"
"2832","#tatDashboardPageV6509.cleanRemakeV6230 .remakeKpiAreaV6406 .remakeKpiChooserButtonV6403:focus-visible","","TatRemakeAliasStyles.html","1283","cdaTatActualRemakeCssAliasV6512","29","9","true","1-4-0","Shared","4","border-color: #cfd6df !important; background: #fff !important; color: #202124 !important; box-shadow: 0 1px 3px rgba(20,32,42,.12) !important"
"2833","#tatDashboardPageV6509.cleanRemakeV6230 .remakeKpiAreaV6406 .remakeKpiChooserButtonV6403.hasHiddenKpisV6403","","TatRemakeAliasStyles.html","1289","cdaTatActualRemakeCssAliasV6512","29","9","true","1-4-0","Shared","3","border-color: transparent !important; background: transparent !important; color: #667085 !important"
"2834","#tatDashboardPageV6509.cleanRemakeV6230 .remakeKpiAreaV6406 .remakeKpiChooserButtonV6403.hasHiddenKpisV6403::after","","TatRemakeAliasStyles.html","1293","cdaTatActualRemakeCssAliasV6512","29","9","true","1-4-1","Shared","10","content: """" !important; position: absolute !important; top: 3px !important; right: 2px !important; width: 6px !important; height: 6px !important; border: 1px solid #fff !important; border-radius: 50% !important; background: #d89b00 !important; box-sizing: border-box !important"
"2835","#tatDashboardPageV6509.cleanRemakeV6230 .remakeKpiAreaV6406 .remakeKpisV6230","","TatRemakeAliasStyles.html","1304","cdaTatActualRemakeCssAliasV6512","29","9","true","1-3-0","Shared","1","margin: 0 !important"
"2836","#tatDashboardPageV6509.cleanRemakeV6230 .remakeKpiAreaV6406 .remakeKpisV6230","@media (min-width: 1280px)","TatRemakeAliasStyles.html","1306","cdaTatActualRemakeCssAliasV6512","29","9","true","1-3-0","Shared","2","gap: 14px !important; padding: 0 4px 4px !important"
"2837","#tatDashboardPageV6509.cleanRemakeV6230 .remakeKpiAreaV6406","@media (max-width: 760px)","TatRemakeAliasStyles.html","1309","cdaTatActualRemakeCssAliasV6512","29","9","true","1-2-0","Shared","1","padding-right: 28px !important"
"2838","#tatDashboardPageV6509.cleanRemakeV6230 .remakeShellV6230 > #remakePillsV6230.remakePillsV6230","","TatRemakeAliasStyles.html","1312","cdaTatActualRemakeCssAliasV6512","29","9","true","2-3-0","Shared","15","display: flex !important; align-items: center !important; justify-content: flex-start !important; flex-wrap: wrap !important; width: 100% !important; min-width: 0 !important; min-height: 0 !important; margin: 0 0 8px !important; padding: 0 2px !important; gap: 7px !important; background: transparent !important; border: 0 !important; border-radius: 0 !important; box-shadow: none !important; box-sizing: border-box !important"
"2839","#tatDashboardPageV6509.cleanRemakeV6230 .remakeShellV6230 > #remakePillsV6230.remakePillsV6230:empty","","TatRemakeAliasStyles.html","1328","cdaTatActualRemakeCssAliasV6512","29","9","true","2-4-0","Shared","3","display: none !important; margin: 0 !important; padding: 0 !important"
"2840","#tatDashboardPageV6509.cleanRemakeV6230 .remakeShellV6230 > #remakePillsV6230 .remakePillV6230","","TatRemakeAliasStyles.html","1332","cdaTatActualRemakeCssAliasV6512","29","9","true","2-3-0","Shared","1","transition: background-color 150ms cubic-bezier(.22, 1, .36, 1), border-color 150ms cubic-bezier(.22, 1, .36, 1), color 150ms cubic-bezier(.22, 1, .36, 1), box-shadow 150ms cubic-bezier(.22, 1, .36, 1), opacity 150ms cubic-bezier(.22, 1, .36, 1) !important"
"2841","#tatDashboardPageV6509.cleanRemakeV6230 .remakeShellV6230 > #remakePillsV6230 .remakeClearAllV6230","","TatRemakeAliasStyles.html","1332","cdaTatActualRemakeCssAliasV6512","29","9","true","2-3-0","Shared","1","transition: background-color 150ms cubic-bezier(.22, 1, .36, 1), border-color 150ms cubic-bezier(.22, 1, .36, 1), color 150ms cubic-bezier(.22, 1, .36, 1), box-shadow 150ms cubic-bezier(.22, 1, .36, 1), opacity 150ms cubic-bezier(.22, 1, .36, 1) !important"
"2842","#tatDashboardPageV6509.cleanRemakeV6230 .remakeShellV6230 > #remakePillsV6230.remakePillsV6230","@media (max-width: 760px)","TatRemakeAliasStyles.html","1340","cdaTatActualRemakeCssAliasV6512","29","9","true","2-3-0","Shared","5","flex-wrap: nowrap !important; overflow-x: auto !important; overflow-y: hidden !important; -webkit-overflow-scrolling: touch !important; scrollbar-width: thin !important"
"2843","#tatDashboardPageV6509.cleanRemakeV6230 .remakeTable tbody tr.clickable:hover > td","","TatRemakeAliasStyles.html","1347","cdaTatActualRemakeCssAliasV6512","29","9","true","1-4-3","Shared","2","background: #eef4ff !important; cursor: pointer !important"
"2844","#tatDashboardPageV6509.cleanRemakeV6230 .remakeTable tbody tr.clickable:hover > td:first-child","","TatRemakeAliasStyles.html","1347","cdaTatActualRemakeCssAliasV6512","29","9","true","1-5-3","Shared","2","background: #eef4ff !important; cursor: pointer !important"
"2845","#tatDashboardPageV6509.cleanRemakeV6230 .remakeTable tbody tr.selectedV6230:hover > td","","TatRemakeAliasStyles.html","1351","cdaTatActualRemakeCssAliasV6512","29","9","true","1-4-3","Shared","1","background: #fff7d6 !important"
"2846","#tatDashboardPageV6509.cleanRemakeV6230 .remakeTable tbody tr.selectedV6230:hover > td:first-child","","TatRemakeAliasStyles.html","1351","cdaTatActualRemakeCssAliasV6512","29","9","true","1-5-3","Shared","1","background: #fff7d6 !important"
"2847","#tatDashboardPageV6509.cleanRemakeV6230 .remakeTable tbody tr.selectedPinnedV6311:hover > td","","TatRemakeAliasStyles.html","1351","cdaTatActualRemakeCssAliasV6512","29","9","true","1-4-3","Shared","1","background: #fff7d6 !important"
"2848","#tatDashboardPageV6509.cleanRemakeV6230 .remakeTable tbody tr.selectedPinnedV6311:hover > td:first-child","","TatRemakeAliasStyles.html","1351","cdaTatActualRemakeCssAliasV6512","29","9","true","1-5-3","Shared","1","background: #fff7d6 !important"
"2849","#tatDashboardPageV6509.cleanRemakeV6230 .remakeTable tbody tr.dimmedV6266:hover > td","","TatRemakeAliasStyles.html","1356","cdaTatActualRemakeCssAliasV6512","29","9","true","1-4-3","Shared","1","background: #f5f6f8 !important"
"2850","#tatDashboardPageV6509.cleanRemakeV6230 .remakeTable tbody tr.dimmedV6266:hover > td:first-child","","TatRemakeAliasStyles.html","1356","cdaTatActualRemakeCssAliasV6512","29","9","true","1-5-3","Shared","1","background: #f5f6f8 !important"
"2851","#tatDashboardPageV6509.cleanRemakeV6230","","TatRemakeAliasStyles.html","1360","cdaTatActualRemakeCssAliasV6512","29","9","true","1-1-0","TAT","3","background: #ebe9ed !important; color: #172033 !important; font-family: Roboto,Arial,sans-serif !important"
"2852","#tatDashboardPageV6509.cleanRemakeV6230 .tatShellV6509","","TatRemakeAliasStyles.html","1361","cdaTatActualRemakeCssAliasV6512","29","9","true","1-2-0","TAT","5","max-width: 1900px !important; width: calc(100% - 24px) !important; margin: 0 auto !important; padding: 8px 10px 28px !important; box-sizing: border-box !important"
"2853","#tatDashboardPageV6509.cleanRemakeV6230 .tatKpiStageV6509","","TatRemakeAliasStyles.html","1362","cdaTatActualRemakeCssAliasV6512","29","9","true","1-2-0","TAT","3","padding: 0 !important; background: transparent !important; border: 0 !important"
"2854","#tatDashboardPageV6509.cleanRemakeV6230 .tatKpisV6509","","TatRemakeAliasStyles.html","1363","cdaTatActualRemakeCssAliasV6512","29","9","true","1-2-0","TAT","1","grid-template-columns: repeat(5,minmax(136px,1fr)) !important"
"2855","#tatDashboardPageV6509.cleanRemakeV6230 .tatGridV6509","","TatRemakeAliasStyles.html","1364","cdaTatActualRemakeCssAliasV6512","29","9","true","1-2-0","TAT","2","grid-template-columns: minmax(0,1.16fr) minmax(0,1fr) !important; gap: 10px !important"
"2856","#tatDashboardPageV6509.cleanRemakeV6230 .tatCardSubV6509","","TatRemakeAliasStyles.html","1365","cdaTatActualRemakeCssAliasV6512","29","9","true","1-2-0","TAT","3","margin-top: 2px !important; color: #667085 !important; font: 700 9.5px/1.2 Roboto,Arial,sans-serif !important"
"2857","#tatDashboardPageV6509.cleanRemakeV6230 .tatChartV6509","","TatRemakeAliasStyles.html","1366","cdaTatActualRemakeCssAliasV6512","29","9","true","1-2-0","TAT","3","height: 320px !important; min-height: 320px !important; padding: 8px !important"
"2858","#tatDashboardPageV6509.cleanRemakeV6230 .tatSummaryTableV6509","","TatRemakeAliasStyles.html","1367","cdaTatActualRemakeCssAliasV6512","29","9","true","1-2-0","TAT","2","height: 320px !important; max-height: 320px !important"
"2859","#tatDashboardPageV6509.cleanRemakeV6230 .tatCustomersWrapV6509","","TatRemakeAliasStyles.html","1368","cdaTatActualRemakeCssAliasV6512","29","9","true","1-2-0","TAT","2","height: 500px !important; max-height: 500px !important"
"2860","#tatDashboardPageV6509.cleanRemakeV6230 .tatTableV6509 tbody tr.clickable:hover>td","","TatRemakeAliasStyles.html","1369","cdaTatActualRemakeCssAliasV6512","29","9","true","1-4-3","TAT","2","background: #eef4ff !important; color: #172033 !important"
"2861","#tatDashboardPageV6509.cleanRemakeV6230 .tatTableV6509 tbody tr.clickable:hover>td:first-child","","TatRemakeAliasStyles.html","1369","cdaTatActualRemakeCssAliasV6512","29","9","true","1-5-3","TAT","2","background: #eef4ff !important; color: #172033 !important"
"2862","#tatDashboardPageV6509.cleanRemakeV6230 .tatTableV6509 tbody tr.selected>td","","TatRemakeAliasStyles.html","1370","cdaTatActualRemakeCssAliasV6512","29","9","true","1-3-3","TAT","2","background: #fff7d6 !important; color: #172033 !important"
"2863","#tatDashboardPageV6509.cleanRemakeV6230 .tatTableV6509 tbody tr.selectedV6230>td","","TatRemakeAliasStyles.html","1370","cdaTatActualRemakeCssAliasV6512","29","9","true","1-3-3","TAT","2","background: #fff7d6 !important; color: #172033 !important"
"2864","#tatDashboardPageV6509.cleanRemakeV6230 .tatTableV6509 tbody tr.selected>td:first-child","","TatRemakeAliasStyles.html","1370","cdaTatActualRemakeCssAliasV6512","29","9","true","1-4-3","TAT","2","background: #fff7d6 !important; color: #172033 !important"
"2865","#tatDashboardPageV6509.cleanRemakeV6230 .tatTableV6509 tbody tr.selectedV6230>td:first-child","","TatRemakeAliasStyles.html","1370","cdaTatActualRemakeCssAliasV6512","29","9","true","1-4-3","TAT","2","background: #fff7d6 !important; color: #172033 !important"
"2866","#tatDashboardPageV6509.cleanRemakeV6230 .tatGridV6509","@media(max-width:1279px)","TatRemakeAliasStyles.html","1371","cdaTatActualRemakeCssAliasV6512","29","9","true","1-2-0","TAT","1","grid-template-columns: 1fr !important"
"2867","#tatDashboardPageV6509.cleanRemakeV6230 .tatKpisV6509","@media(max-width:1279px)","TatRemakeAliasStyles.html","1371","cdaTatActualRemakeCssAliasV6512","29","9","true","1-2-0","TAT","1","grid-template-columns: repeat(2,minmax(0,1fr)) !important"
"2868","#tatDashboardPageV6509.cleanRemakeV6230 .tatKpiStageV6509","","Index.html","4631","cdaTatCompactPresentationV6513","30","0","false","1-2-0","TAT","3","padding: 7px 0 4px !important; background: transparent !important; border: 0 !important"
"2869","#tatDashboardPageV6509.cleanRemakeV6230 .tatKpisV6509","","Index.html","4632","cdaTatCompactPresentationV6513","30","0","false","1-2-0","TAT","5","gap: 12px !important; padding: 0 12px 5px !important; box-sizing: border-box !important; align-items: stretch !important; justify-content: center !important"
"2870","#tatDashboardPageV6509.cleanRemakeV6230 .tatKpiV6509","","Index.html","4633","cdaTatCompactPresentationV6513","30","0","false","1-2-0","TAT","2","min-height: 78px !important; padding: 11px 14px !important"
"2871","#tatDashboardPageV6509.cleanRemakeV6230 .tatCoverageV6509[hidden]","","Index.html","4634","cdaTatCompactPresentationV6513","30","0","false","1-3-0","TAT","1","display: none !important"
"2872","#tatDashboardPageV6509.cleanRemakeV6230 .tatShellV6509","","Index.html","4635","cdaTatCompactPresentationV6513","30","0","false","1-2-0","TAT","1","padding-top: 4px !important"
"2873","#tatDashboardPageV6509.cleanRemakeV6230 .tatCardHeadV6509","","Index.html","4636","cdaTatCompactPresentationV6513","30","0","false","1-2-0","TAT","3","min-height: 38px !important; padding-top: 7px !important; padding-bottom: 7px !important"
"2874","#tatDashboardPageV6509.cleanRemakeV6230 .tatCardTitleV6509","","Index.html","4637","cdaTatCompactPresentationV6513","30","0","false","1-2-0","TAT","1","margin: 0 !important"
"2875","#tatDashboardPageV6509.cleanRemakeV6230 .tatSrOnlyV6513","","Index.html","4638","cdaTatCompactPresentationV6513","30","0","false","1-2-0","TAT","9","position: absolute !important; width: 1px !important; height: 1px !important; padding: 0 !important; margin: -1px !important; overflow: hidden !important; clip: rect(0,0,0,0) !important; white-space: nowrap !important; border: 0 !important"
"2876","#tatDashboardPageV6509.cleanRemakeV6230 .tatQualityTitleRowV6513","","Index.html","4639","cdaTatCompactPresentationV6513","30","0","false","1-2-0","TAT","4","display: flex !important; align-items: center !important; gap: 10px !important; min-width: 0 !important"
"2877","#tatDashboardPageV6509.cleanRemakeV6230 .tatQualityCoverageV6513","","Index.html","4640","cdaTatCompactPresentationV6513","30","0","false","1-2-0","TAT","3","color: #667085 !important; font: 800 10px/1.2 Roboto,Arial,sans-serif !important; white-space: nowrap !important"
"2878","#tatDashboardPageV6509.cleanRemakeV6230 .tatQualityCoverageV6513.warn","","Index.html","4641","cdaTatCompactPresentationV6513","30","0","false","1-3-0","TAT","1","color: #7a4a00 !important"
"2879","#tatDashboardPageV6509.cleanRemakeV6230 .tatQualityTitleRowV6513","@media(max-width:900px)","Index.html","4642","cdaTatCompactPresentationV6513","30","0","false","1-2-0","TAT","3","align-items: flex-start !important; flex-direction: column !important; gap: 3px !important"
"2880","#tatDashboardPageV6509.cleanRemakeV6230 .tatQualityCoverageV6513","@media(max-width:900px)","Index.html","4642","cdaTatCompactPresentationV6513","30","0","false","1-2-0","TAT","1","white-space: normal !important"
"2881","#tatDashboardPageV6509.cleanRemakeV6230 .tatCoverageV6509","","Index.html","4645","cdaTatCompactPresentationV6513","30","0","false","1-2-0","TAT","13","display: grid !important; grid-template-columns: repeat(5,minmax(112px,150px)) !important; justify-content: center !important; gap: 8px !important; width: auto !important; max-width: none !important; margin: 3px auto 8px !important; padding: 0 12px !important; background: transparent !important; border: 0 !important; border-radius: 0 !important; box-shadow: none !important; overflow: visible !important"
"2882","#tatDashboardPageV6509.cleanRemakeV6230 .tatCoverageMetricV6509","","Index.html","4660","cdaTatCompactPresentationV6513","30","0","false","1-2-0","TAT","6","min-width: 0 !important; padding: 7px 10px !important; background: #fff !important; border: 1px solid #d7dce2 !important; border-radius: 8px !important; box-shadow: 0 1px 3px rgba(20,32,42,.10) !important"
"2883","#tatDashboardPageV6509.cleanRemakeV6230 .tatCoverageMetricV6509 span","","Index.html","4668","cdaTatCompactPresentationV6513","30","0","false","1-2-1","TAT","2","font-size: 8px !important; line-height: 1.1 !important"
"2884","#tatDashboardPageV6509.cleanRemakeV6230 .tatCoverageMetricV6509 strong","","Index.html","4669","cdaTatCompactPresentationV6513","30","0","false","1-2-1","TAT","2","font-size: 15px !important; line-height: 1.1 !important"
"2885","#tatDashboardPageV6509.cleanRemakeV6230 .tatCoverageNoteV6509","","Index.html","4670","cdaTatCompactPresentationV6513","30","0","false","1-2-0","TAT","1","display: none !important"
"2886","#tatDashboardPageV6509.cleanRemakeV6230 .tatCoverageV6509.warn","","Index.html","4671","cdaTatCompactPresentationV6513","30","0","false","1-3-0","TAT","2","border: 0 !important; background: transparent !important"
"2887","#tatDashboardPageV6509.cleanRemakeV6230 .tatCoverageV6509.warn .tatCoverageMetricV6509:last-of-type strong","","Index.html","4672","cdaTatCompactPresentationV6513","30","0","false","1-5-1","TAT","1","color: #9a6700 !important"
"2888","#tatDashboardPageV6509.cleanRemakeV6230 .tatCoverageV6509","@media(max-width:900px)","Index.html","4673","cdaTatCompactPresentationV6513","30","0","false","1-2-0","TAT","1","grid-template-columns: repeat(3,minmax(112px,150px)) !important"
"2889","#tatDashboardPageV6509.cleanRemakeV6230 .tatCoverageV6509","@media(max-width:560px)","Index.html","4674","cdaTatCompactPresentationV6513","30","0","false","1-2-0","TAT","1","grid-template-columns: repeat(2,minmax(0,1fr)) !important"
"2890",":root","","SharedTopParityStyles.html","2","cdaSharedTopParityV6527Styles","31","10","true","0-1-0","Shared","0","--cda-top-control-height-v6527: 32px; --cda-top-control-gap-v6527: 5px"
"2891","#remakeTabFilterHostV6337","","SharedTopParityStyles.html","8","cdaSharedTopParityV6527Styles","31","10","true","1-0-0","Shared","14","display: flex !important; flex: 0 0 auto !important; align-items: center !important; justify-content: flex-start !important; gap: var(--cda-top-control-gap-v6527) !important; width: max-content !important; min-width: max-content !important; max-width: none !important; height: 100% !important; margin-left: auto !important; white-space: nowrap !important; overflow: visible !important; position: relative !important; z-index: 10020 !important"
"2892","#tatTabFilterHostV6509","","SharedTopParityStyles.html","8","cdaSharedTopParityV6527Styles","31","10","true","1-0-0","Shared","14","display: flex !important; flex: 0 0 auto !important; align-items: center !important; justify-content: flex-start !important; gap: var(--cda-top-control-gap-v6527) !important; width: max-content !important; min-width: max-content !important; max-width: none !important; height: 100% !important; margin-left: auto !important; white-space: nowrap !important; overflow: visible !important; position: relative !important; z-index: 10020 !important"
"2893","#remakeTabFilterHostV6337[hidden]","","SharedTopParityStyles.html","25","cdaSharedTopParityV6527Styles","31","10","true","1-1-0","Shared","1","display: none !important"
"2894","#tatTabFilterHostV6509[hidden]","","SharedTopParityStyles.html","25","cdaSharedTopParityV6527Styles","31","10","true","1-1-0","Shared","1","display: none !important"
"2895","#remakeTabFilterHostV6337 .remakeFilterBarV6230","","SharedTopParityStyles.html","28","cdaSharedTopParityV6527Styles","31","10","true","1-1-0","Shared","12","display: flex !important; flex: 0 0 auto !important; align-items: center !important; justify-content: flex-start !important; gap: var(--cda-top-control-gap-v6527) !important; width: max-content !important; min-width: max-content !important; max-width: none !important; margin: 0 !important; padding: 0 !important; overflow: visible !important; grid-template-columns: none !important"
"2896","#tatTabFilterHostV6509 .remakeFilterBarV6230","","SharedTopParityStyles.html","28","cdaSharedTopParityV6527Styles","31","10","true","1-1-0","Shared","12","display: flex !important; flex: 0 0 auto !important; align-items: center !important; justify-content: flex-start !important; gap: var(--cda-top-control-gap-v6527) !important; width: max-content !important; min-width: max-content !important; max-width: none !important; margin: 0 !important; padding: 0 !important; overflow: visible !important; grid-template-columns: none !important"
"2897","#remakeTabFilterHostV6337 .remakeFilter","","SharedTopParityStyles.html","44","cdaSharedTopParityV6527Styles","31","10","true","1-1-0","Shared","15","display: block !important; flex: 0 0 auto !important; width: max-content !important; min-width: var(--cda-default-filter-width-v6527,72px) !important; max-width: none !important; height: var(--cda-top-control-height-v6527) !important; min-height: var(--cda-top-control-height-v6527) !important; margin: 0 !important; padding: 0 !important; border: 0 !important; border-radius: 0 !important; background: transparent !important; box-shadow: none !important; position: relative !important; overflow: visible !important"
"2898","#tatTabFilterHostV6509 .remakeFilter","","SharedTopParityStyles.html","44","cdaSharedTopParityV6527Styles","31","10","true","1-1-0","Shared","15","display: block !important; flex: 0 0 auto !important; width: max-content !important; min-width: var(--cda-default-filter-width-v6527,72px) !important; max-width: none !important; height: var(--cda-top-control-height-v6527) !important; min-height: var(--cda-top-control-height-v6527) !important; margin: 0 !important; padding: 0 !important; border: 0 !important; border-radius: 0 !important; background: transparent !important; box-shadow: none !important; position: relative !important; overflow: visible !important"
"2899","#remakeTabFilterHostV6337 [data-filter-kind=""year""]","","SharedTopParityStyles.html","62","cdaSharedTopParityV6527Styles","31","10","true","1-1-0","Shared","0","--cda-default-filter-width-v6527: 82px"
"2900","#tatTabFilterHostV6509 [data-filter-kind=""year""]","","SharedTopParityStyles.html","62","cdaSharedTopParityV6527Styles","31","10","true","1-1-0","Shared","0","--cda-default-filter-width-v6527: 82px"
"2901","#remakeTabFilterHostV6337 [data-filter-kind=""department""]","","SharedTopParityStyles.html","64","cdaSharedTopParityV6527Styles","31","10","true","1-1-0","Shared","0","--cda-default-filter-width-v6527: 119px"
"2902","#tatTabFilterHostV6509 [data-filter-kind=""department""]","","SharedTopParityStyles.html","64","cdaSharedTopParityV6527Styles","31","10","true","1-1-0","Shared","0","--cda-default-filter-width-v6527: 119px"
"2903","#remakeTabFilterHostV6337 [data-filter-kind=""product""]","","SharedTopParityStyles.html","66","cdaSharedTopParityV6527Styles","31","10","true","1-1-0","Shared","0","--cda-default-filter-width-v6527: 100px"
"2904","#tatTabFilterHostV6509 [data-filter-kind=""product""]","","SharedTopParityStyles.html","66","cdaSharedTopParityV6527Styles","31","10","true","1-1-0","Shared","0","--cda-default-filter-width-v6527: 100px"
"2905","#remakeTabFilterHostV6337 [data-filter-kind=""productGroup""]","","SharedTopParityStyles.html","68","cdaSharedTopParityV6527Styles","31","10","true","1-1-0","Shared","0","--cda-default-filter-width-v6527: 90px"
"2906","#tatTabFilterHostV6509 [data-filter-kind=""productGroup""]","","SharedTopParityStyles.html","68","cdaSharedTopParityV6527Styles","31","10","true","1-1-0","Shared","0","--cda-default-filter-width-v6527: 90px"
"2907","#remakeTabFilterHostV6337 [data-filter-kind=""customer""]","","SharedTopParityStyles.html","70","cdaSharedTopParityV6527Styles","31","10","true","1-1-0","Shared","0","--cda-default-filter-width-v6527: 108px"
"2908","#tatTabFilterHostV6509 [data-filter-kind=""customer""]","","SharedTopParityStyles.html","70","cdaSharedTopParityV6527Styles","31","10","true","1-1-0","Shared","0","--cda-default-filter-width-v6527: 108px"
"2909","#remakeTabFilterHostV6337 [data-filter-kind=""reason""]","","SharedTopParityStyles.html","72","cdaSharedTopParityV6527Styles","31","10","true","1-1-0","Shared","0","--cda-default-filter-width-v6527: 98px"
"2910","#tatTabFilterHostV6509 [data-filter-kind=""reason""]","","SharedTopParityStyles.html","72","cdaSharedTopParityV6527Styles","31","10","true","1-1-0","Shared","0","--cda-default-filter-width-v6527: 98px"
"2911","#remakeTabFilterHostV6337 .remakeDropdownButtonV6245","","SharedTopParityStyles.html","75","cdaSharedTopParityV6527Styles","31","10","true","1-1-0","Shared","20","display: block !important; width: max-content !important; min-width: 100% !important; max-width: none !important; height: var(--cda-top-control-height-v6527) !important; min-height: var(--cda-top-control-height-v6527) !important; box-sizing: border-box !important; border: 1px solid #cbd5e1 !important; border-radius: 7px !important; background: #fff !important; color: #202124 !important; font: 800 11px/1 Roboto,Arial,sans-serif !important; padding: 0 26px 0 9px !important; text-align: left !important; cursor: pointer !important; position: relative !important; overflow: visible !important; text-overflow: clip !important; white-space: nowrap !important; box-shadow: none !important"
"2912","#tatTabFilterHostV6509 .remakeDropdownButtonV6245","","SharedTopParityStyles.html","75","cdaSharedTopParityV6527Styles","31","10","true","1-1-0","Shared","20","display: block !important; width: max-content !important; min-width: 100% !important; max-width: none !important; height: var(--cda-top-control-height-v6527) !important; min-height: var(--cda-top-control-height-v6527) !important; box-sizing: border-box !important; border: 1px solid #cbd5e1 !important; border-radius: 7px !important; background: #fff !important; color: #202124 !important; font: 800 11px/1 Roboto,Arial,sans-serif !important; padding: 0 26px 0 9px !important; text-align: left !important; cursor: pointer !important; position: relative !important; overflow: visible !important; text-overflow: clip !important; white-space: nowrap !important; box-shadow: none !important"
"2913","#remakeTabFilterHostV6337 .remakeDropdownButtonV6245::after","","SharedTopParityStyles.html","98","cdaSharedTopParityV6527Styles","31","10","true","1-1-1","Shared","7","content: '▾' !important; position: absolute !important; right: 8px !important; top: 50% !important; transform: translateY(-50%) !important; color: #475467 !important; font-size: 11px !important"
"2914","#tatTabFilterHostV6509 .remakeDropdownButtonV6245::after","","SharedTopParityStyles.html","98","cdaSharedTopParityV6527Styles","31","10","true","1-1-1","Shared","7","content: '▾' !important; position: absolute !important; right: 8px !important; top: 50% !important; transform: translateY(-50%) !important; color: #475467 !important; font-size: 11px !important"
"2915","#remakeTabFilterHostV6337 .remakeDropdownButtonV6245:hover","","SharedTopParityStyles.html","108","cdaSharedTopParityV6527Styles","31","10","true","1-2-0","Shared","2","border-color: #94a3b8 !important; background: #f8fafc !important"
"2916","#tatTabFilterHostV6509 .remakeDropdownButtonV6245:hover","","SharedTopParityStyles.html","108","cdaSharedTopParityV6527Styles","31","10","true","1-2-0","Shared","2","border-color: #94a3b8 !important; background: #f8fafc !important"
"2917","#remakeTabFilterHostV6337 .remakeDropdownButtonV6245.active","","SharedTopParityStyles.html","108","cdaSharedTopParityV6527Styles","31","10","true","1-2-0","Shared","2","border-color: #94a3b8 !important; background: #f8fafc !important"
"2918","#tatTabFilterHostV6509 .remakeDropdownButtonV6245.active","","SharedTopParityStyles.html","108","cdaSharedTopParityV6527Styles","31","10","true","1-2-0","Shared","2","border-color: #94a3b8 !important; background: #f8fafc !important"
"2919","#remakeTabFilterHostV6337 .remakeDropdownButtonV6245.active","","SharedTopParityStyles.html","115","cdaSharedTopParityV6527Styles","31","10","true","1-2-0","Shared","1","box-shadow: 0 0 0 2px rgba(37,99,235,.10) !important"
"2920","#tatTabFilterHostV6509 .remakeDropdownButtonV6245.active","","SharedTopParityStyles.html","115","cdaSharedTopParityV6527Styles","31","10","true","1-2-0","Shared","1","box-shadow: 0 0 0 2px rgba(37,99,235,.10) !important"
"2921","#remakeTabFilterHostV6337 .remakeDropdownPanelV6245","","SharedTopParityStyles.html","121","cdaSharedTopParityV6527Styles","31","10","true","1-1-0","Shared","11","display: none; width: 360px !important; min-width: 320px !important; max-width: min(420px,calc(100vw - 16px)) !important; max-height: min(430px,calc(100vh - 16px)) !important; background: #fff !important; border: 1px solid #cbd5df !important; border-radius: 10px !important; box-shadow: 0 18px 38px rgba(16,24,40,.24) !important; z-index: 10040 !important; overflow: hidden !important; box-sizing: border-box !important"
"2922","#tatTabFilterHostV6509 .remakeDropdownPanelV6245","","SharedTopParityStyles.html","121","cdaSharedTopParityV6527Styles","31","10","true","1-1-0","Shared","11","display: none; width: 360px !important; min-width: 320px !important; max-width: min(420px,calc(100vw - 16px)) !important; max-height: min(430px,calc(100vh - 16px)) !important; background: #fff !important; border: 1px solid #cbd5df !important; border-radius: 10px !important; box-shadow: 0 18px 38px rgba(16,24,40,.24) !important; z-index: 10040 !important; overflow: hidden !important; box-sizing: border-box !important"
"2923","#remakeTabFilterHostV6337 [data-filter-kind=""year""] .remakeDropdownPanelV6245","","SharedTopParityStyles.html","136","cdaSharedTopParityV6527Styles","31","10","true","1-2-0","Shared","2","width: 300px !important; min-width: 280px !important"
"2924","#tatTabFilterHostV6509 [data-filter-kind=""year""] .remakeDropdownPanelV6245","","SharedTopParityStyles.html","136","cdaSharedTopParityV6527Styles","31","10","true","1-2-0","Shared","2","width: 300px !important; min-width: 280px !important"
"2925","#remakeTabFilterHostV6337 .remakeDropdownPanelV6245.open","","SharedTopParityStyles.html","138","cdaSharedTopParityV6527Styles","31","10","true","1-2-0","Shared","2","display: flex !important; flex-direction: column !important"
"2926","#tatTabFilterHostV6509 .remakeDropdownPanelV6245.open","","SharedTopParityStyles.html","138","cdaSharedTopParityV6527Styles","31","10","true","1-2-0","Shared","2","display: flex !important; flex-direction: column !important"
"2927","#remakeTabFilterHostV6337 .remakeDropdownHeaderV6245","","SharedTopParityStyles.html","141","cdaSharedTopParityV6527Styles","31","10","true","1-1-0","Shared","8","display: flex !important; flex: 0 0 auto !important; align-items: center !important; gap: 6px !important; padding: 7px !important; border-bottom: 1px solid #e5e7eb !important; background: #f8fafc !important; overflow: visible !important"
"2928","#tatTabFilterHostV6509 .remakeDropdownHeaderV6245","","SharedTopParityStyles.html","141","cdaSharedTopParityV6527Styles","31","10","true","1-1-0","Shared","8","display: flex !important; flex: 0 0 auto !important; align-items: center !important; gap: 6px !important; padding: 7px !important; border-bottom: 1px solid #e5e7eb !important; background: #f8fafc !important; overflow: visible !important"
"2929","#remakeTabFilterHostV6337 .remakeVisibleToggleV6502","","SharedTopParityStyles.html","152","cdaSharedTopParityV6527Styles","31","10","true","1-1-0","Shared","15","display: inline-flex !important; align-items: center !important; gap: 6px !important; width: auto !important; min-height: 29px !important; margin: 0 !important; padding: 4px 9px !important; border: 1px solid #cbd5df !important; border-radius: 999px !important; background: #fff !important; color: #1f2937 !important; font: 800 11px/1 Roboto,Arial,sans-serif !important; cursor: pointer !important; white-space: nowrap !important; position: relative !important"
"2930","#tatTabFilterHostV6509 .remakeVisibleToggleV6502","","SharedTopParityStyles.html","152","cdaSharedTopParityV6527Styles","31","10","true","1-1-0","Shared","15","display: inline-flex !important; align-items: center !important; gap: 6px !important; width: auto !important; min-height: 29px !important; margin: 0 !important; padding: 4px 9px !important; border: 1px solid #cbd5df !important; border-radius: 999px !important; background: #fff !important; color: #1f2937 !important; font: 800 11px/1 Roboto,Arial,sans-serif !important; cursor: pointer !important; white-space: nowrap !important; position: relative !important"
"2931","#remakeTabFilterHostV6337 .remakeVisibleToggleV6502 input","","SharedTopParityStyles.html","170","cdaSharedTopParityV6527Styles","31","10","true","1-1-1","Shared","5","width: 16px !important; height: 16px !important; margin: 0 !important; accent-color: #d89b00 !important; cursor: pointer !important"
"2932","#tatTabFilterHostV6509 .remakeVisibleToggleV6502 input","","SharedTopParityStyles.html","170","cdaSharedTopParityV6527Styles","31","10","true","1-1-1","Shared","5","width: 16px !important; height: 16px !important; margin: 0 !important; accent-color: #d89b00 !important; cursor: pointer !important"
"2933","#remakeTabFilterHostV6337 .remakeVisibleToggleV6502:has(input:checked)","","SharedTopParityStyles.html","174","cdaSharedTopParityV6527Styles","31","10","true","1-2-1","Shared","3","border-color: #f2c94c !important; background: #fff7d6 !important; color: #7a4a00 !important"
"2934","#tatTabFilterHostV6509 .remakeVisibleToggleV6502:has(input:checked)","","SharedTopParityStyles.html","174","cdaSharedTopParityV6527Styles","31","10","true","1-2-1","Shared","3","border-color: #f2c94c !important; background: #fff7d6 !important; color: #7a4a00 !important"
"2935","#remakeTabFilterHostV6337 .remakeVisibleToggleV6502:has(input:indeterminate)","","SharedTopParityStyles.html","174","cdaSharedTopParityV6527Styles","31","10","true","1-2-1","Shared","3","border-color: #f2c94c !important; background: #fff7d6 !important; color: #7a4a00 !important"
"2936","#tatTabFilterHostV6509 .remakeVisibleToggleV6502:has(input:indeterminate)","","SharedTopParityStyles.html","174","cdaSharedTopParityV6527Styles","31","10","true","1-2-1","Shared","3","border-color: #f2c94c !important; background: #fff7d6 !important; color: #7a4a00 !important"
"2937","#remakeTabFilterHostV6337 .remakeDropdownHeaderV6245 button","","SharedTopParityStyles.html","180","cdaSharedTopParityV6527Styles","31","10","true","1-1-1","Shared","8","border: 1px solid #cbd5df !important; background: #fff !important; color: #1f2937 !important; border-radius: 999px !important; padding: 6px 8px !important; font: 800 11px/1 Roboto,Arial,sans-serif !important; cursor: pointer !important; white-space: nowrap !important"
"2938","#tatTabFilterHostV6509 .remakeDropdownHeaderV6245 button","","SharedTopParityStyles.html","180","cdaSharedTopParityV6527Styles","31","10","true","1-1-1","Shared","8","border: 1px solid #cbd5df !important; background: #fff !important; color: #1f2937 !important; border-radius: 999px !important; padding: 6px 8px !important; font: 800 11px/1 Roboto,Arial,sans-serif !important; cursor: pointer !important; white-space: nowrap !important"
"2939","#remakeTabFilterHostV6337 .remakeDropdownCountV6245","","SharedTopParityStyles.html","184","cdaSharedTopParityV6527Styles","31","10","true","1-1-0","Shared","4","margin-left: auto !important; color: #667085 !important; font: 800 11px/1 Roboto,Arial,sans-serif !important; white-space: nowrap !important"
"2940","#tatTabFilterHostV6509 .remakeDropdownCountV6245","","SharedTopParityStyles.html","184","cdaSharedTopParityV6527Styles","31","10","true","1-1-0","Shared","4","margin-left: auto !important; color: #667085 !important; font: 800 11px/1 Roboto,Arial,sans-serif !important; white-space: nowrap !important"
"2941","#remakeTabFilterHostV6337 .remakeDropdownSearchV6245","","SharedTopParityStyles.html","188","cdaSharedTopParityV6527Styles","31","10","true","1-1-0","Shared","11","flex: 0 0 auto !important; width: calc(100% - 14px) !important; margin: 7px !important; height: 32px !important; border: 1px solid #d5dae2 !important; border-radius: 7px !important; padding: 0 9px !important; color: #202124 !important; font: 700 12px/1 Roboto,Arial,sans-serif !important; outline: none !important; box-sizing: border-box !important"
"2942","#tatTabFilterHostV6509 .remakeDropdownSearchV6245","","SharedTopParityStyles.html","188","cdaSharedTopParityV6527Styles","31","10","true","1-1-0","Shared","11","flex: 0 0 auto !important; width: calc(100% - 14px) !important; margin: 7px !important; height: 32px !important; border: 1px solid #d5dae2 !important; border-radius: 7px !important; padding: 0 9px !important; color: #202124 !important; font: 700 12px/1 Roboto,Arial,sans-serif !important; outline: none !important; box-sizing: border-box !important"
"2943","#remakeTabFilterHostV6337 .remakeDropdownSearchV6245:focus","","SharedTopParityStyles.html","192","cdaSharedTopParityV6527Styles","31","10","true","1-2-0","Shared","2","border-color: #94a3b8 !important; box-shadow: 0 0 0 3px rgba(37,99,235,.10) !important"
"2944","#tatTabFilterHostV6509 .remakeDropdownSearchV6245:focus","","SharedTopParityStyles.html","192","cdaSharedTopParityV6527Styles","31","10","true","1-2-0","Shared","2","border-color: #94a3b8 !important; box-shadow: 0 0 0 3px rgba(37,99,235,.10) !important"
"2945","#remakeTabFilterHostV6337 .remakeDropdownListV6245","","SharedTopParityStyles.html","194","cdaSharedTopParityV6527Styles","31","10","true","1-1-0","Shared","8","flex: 1 1 auto !important; min-height: 120px !important; max-height: 304px !important; overflow-y: auto !important; overflow-x: hidden !important; overscroll-behavior: contain !important; scrollbar-gutter: stable both-edges !important; -webkit-overflow-scrolling: touch !important"
"2946","#tatTabFilterHostV6509 .remakeDropdownListV6245","","SharedTopParityStyles.html","194","cdaSharedTopParityV6527Styles","31","10","true","1-1-0","Shared","8","flex: 1 1 auto !important; min-height: 120px !important; max-height: 304px !important; overflow-y: auto !important; overflow-x: hidden !important; overscroll-behavior: contain !important; scrollbar-gutter: stable both-edges !important; -webkit-overflow-scrolling: touch !important"
"2947","#remakeTabFilterHostV6337 .remakeDropdownRowV6245","","SharedTopParityStyles.html","198","cdaSharedTopParityV6527Styles","31","10","true","1-1-0","Shared","8","display: grid !important; grid-template-columns: 24px minmax(0,1fr) auto !important; gap: 8px !important; align-items: center !important; padding: 7px 9px !important; border-bottom: 1px solid #f1f3f5 !important; cursor: pointer !important; user-select: none !important"
"2948","#tatTabFilterHostV6509 .remakeDropdownRowV6245","","SharedTopParityStyles.html","198","cdaSharedTopParityV6527Styles","31","10","true","1-1-0","Shared","8","display: grid !important; grid-template-columns: 24px minmax(0,1fr) auto !important; gap: 8px !important; align-items: center !important; padding: 7px 9px !important; border-bottom: 1px solid #f1f3f5 !important; cursor: pointer !important; user-select: none !important"
"2949","#remakeTabFilterHostV6337 .remakeDropdownRowV6245:hover","","SharedTopParityStyles.html","202","cdaSharedTopParityV6527Styles","31","10","true","1-2-0","Shared","1","background: #eef5ff !important"
"2950","#tatTabFilterHostV6509 .remakeDropdownRowV6245:hover","","SharedTopParityStyles.html","202","cdaSharedTopParityV6527Styles","31","10","true","1-2-0","Shared","1","background: #eef5ff !important"
"2951","#remakeTabFilterHostV6337 .remakeDropdownRowV6245.active","","SharedTopParityStyles.html","202","cdaSharedTopParityV6527Styles","31","10","true","1-2-0","Shared","1","background: #eef5ff !important"
"2952","#tatTabFilterHostV6509 .remakeDropdownRowV6245.active","","SharedTopParityStyles.html","202","cdaSharedTopParityV6527Styles","31","10","true","1-2-0","Shared","1","background: #eef5ff !important"
"2953","#remakeTabFilterHostV6337 .remakeDropdownRowV6245 input","","SharedTopParityStyles.html","206","cdaSharedTopParityV6527Styles","31","10","true","1-1-1","Shared","4","pointer-events: none !important; width: 16px !important; height: 16px !important; accent-color: #d89b00 !important"
"2954","#tatTabFilterHostV6509 .remakeDropdownRowV6245 input","","SharedTopParityStyles.html","206","cdaSharedTopParityV6527Styles","31","10","true","1-1-1","Shared","4","pointer-events: none !important; width: 16px !important; height: 16px !important; accent-color: #d89b00 !important"
"2955","#remakeTabFilterHostV6337 .remakeDropdownLabelV6245","","SharedTopParityStyles.html","208","cdaSharedTopParityV6527Styles","31","10","true","1-1-0","Shared","5","overflow: hidden !important; text-overflow: ellipsis !important; white-space: nowrap !important; font: 800 12px/1.2 Roboto,Arial,sans-serif !important; color: #344054 !important"
"2956","#tatTabFilterHostV6509 .remakeDropdownLabelV6245","","SharedTopParityStyles.html","208","cdaSharedTopParityV6527Styles","31","10","true","1-1-0","Shared","5","overflow: hidden !important; text-overflow: ellipsis !important; white-space: nowrap !important; font: 800 12px/1.2 Roboto,Arial,sans-serif !important; color: #344054 !important"
"2957","#remakeTabFilterHostV6337 .remakeDropdownMetaV6245","","SharedTopParityStyles.html","210","cdaSharedTopParityV6527Styles","31","10","true","1-1-0","Shared","3","display: inline-flex !important; align-items: center !important; gap: 6px !important"
"2958","#tatTabFilterHostV6509 .remakeDropdownMetaV6245","","SharedTopParityStyles.html","210","cdaSharedTopParityV6527Styles","31","10","true","1-1-0","Shared","3","display: inline-flex !important; align-items: center !important; gap: 6px !important"
"2959","#remakeTabFilterHostV6337 .remakeDropdownOnlyV6245","","SharedTopParityStyles.html","212","cdaSharedTopParityV6527Styles","31","10","true","1-1-0","Shared","7","border: 1px solid #d5dae2 !important; background: #fff !important; color: #475467 !important; border-radius: 999px !important; padding: 4px 7px !important; font: 900 10px/1 Roboto,Arial,sans-serif !important; cursor: pointer !important"
"2960","#tatTabFilterHostV6509 .remakeDropdownOnlyV6245","","SharedTopParityStyles.html","212","cdaSharedTopParityV6527Styles","31","10","true","1-1-0","Shared","7","border: 1px solid #d5dae2 !important; background: #fff !important; color: #475467 !important; border-radius: 999px !important; padding: 4px 7px !important; font: 900 10px/1 Roboto,Arial,sans-serif !important; cursor: pointer !important"
"2961","#remakeTabFilterHostV6337 .remakeDropdownEmptyV6245","","SharedTopParityStyles.html","214","cdaSharedTopParityV6527Styles","31","10","true","1-1-0","Shared","3","padding: 14px 10px !important; color: #667085 !important; font: 800 12px/1.3 Roboto,Arial,sans-serif !important"
"2962","#tatTabFilterHostV6509 .remakeDropdownEmptyV6245","","SharedTopParityStyles.html","214","cdaSharedTopParityV6527Styles","31","10","true","1-1-0","Shared","3","padding: 14px 10px !important; color: #667085 !important; font: 800 12px/1.3 Roboto,Arial,sans-serif !important"
"2963","#remakeTabFilterHostV6337 .remakeTabToolButtonV6337","","SharedTopParityStyles.html","217","cdaSharedTopParityV6527Styles","31","10","true","1-1-0","Shared","11","flex: 0 0 auto !important; height: var(--cda-top-control-height-v6527) !important; min-height: var(--cda-top-control-height-v6527) !important; box-sizing: border-box !important; border-radius: 7px !important; display: inline-flex !important; align-items: center !important; justify-content: center !important; cursor: pointer !important; white-space: nowrap !important; box-shadow: none !important"
"2964","#tatTabFilterHostV6509 .remakeTabToolButtonV6337","","SharedTopParityStyles.html","217","cdaSharedTopParityV6527Styles","31","10","true","1-1-0","Shared","11","flex: 0 0 auto !important; height: var(--cda-top-control-height-v6527) !important; min-height: var(--cda-top-control-height-v6527) !important; box-sizing: border-box !important; border-radius: 7px !important; display: inline-flex !important; align-items: center !important; justify-content: center !important; cursor: pointer !important; white-space: nowrap !important; box-shadow: none !important"
"2965","#remakeTabFilterHostV6337 .remakeCacheActionBarV6338 .remakeButton","","SharedTopParityStyles.html","217","cdaSharedTopParityV6527Styles","31","10","true","1-2-0","Shared","11","flex: 0 0 auto !important; height: var(--cda-top-control-height-v6527) !important; min-height: var(--cda-top-control-height-v6527) !important; box-sizing: border-box !important; border-radius: 7px !important; display: inline-flex !important; align-items: center !important; justify-content: center !important; cursor: pointer !important; white-space: nowrap !important; box-shadow: none !important"
"2966","#tatTabFilterHostV6509 .remakeCacheActionBarV6338 .remakeButton","","SharedTopParityStyles.html","217","cdaSharedTopParityV6527Styles","31","10","true","1-2-0","Shared","11","flex: 0 0 auto !important; height: var(--cda-top-control-height-v6527) !important; min-height: var(--cda-top-control-height-v6527) !important; box-sizing: border-box !important; border-radius: 7px !important; display: inline-flex !important; align-items: center !important; justify-content: center !important; cursor: pointer !important; white-space: nowrap !important; box-shadow: none !important"
"2967","#remakeTabFilterHostV6337 .remakeTabToolButtonV6337","","SharedTopParityStyles.html","233","cdaSharedTopParityV6527Styles","31","10","true","1-1-0","Shared","4","border: 1px solid #cbd5e1 !important; background: #fff !important; color: #334155 !important; font: 800 11px/1 Roboto,Arial,sans-serif !important"
"2968","#tatTabFilterHostV6509 .remakeTabToolButtonV6337","","SharedTopParityStyles.html","233","cdaSharedTopParityV6527Styles","31","10","true","1-1-0","Shared","4","border: 1px solid #cbd5e1 !important; background: #fff !important; color: #334155 !important; font: 800 11px/1 Roboto,Arial,sans-serif !important"
"2969","#remakeTabFilterHostV6337 .remakeTabToolButtonV6337:hover","","SharedTopParityStyles.html","237","cdaSharedTopParityV6527Styles","31","10","true","1-2-0","Shared","3","background: #fff7d6 !important; border-color: #f2c94c !important; color: #7a4a00 !important"
"2970","#tatTabFilterHostV6509 .remakeTabToolButtonV6337:hover","","SharedTopParityStyles.html","237","cdaSharedTopParityV6527Styles","31","10","true","1-2-0","Shared","3","background: #fff7d6 !important; border-color: #f2c94c !important; color: #7a4a00 !important"
"2971","#remakeTabFilterHostV6337 .remakeTabToolButtonV6337[aria-expanded=""true""]","","SharedTopParityStyles.html","237","cdaSharedTopParityV6527Styles","31","10","true","1-2-0","Shared","3","background: #fff7d6 !important; border-color: #f2c94c !important; color: #7a4a00 !important"
"2972","#tatTabFilterHostV6509 .remakeTabToolButtonV6337[aria-expanded=""true""]","","SharedTopParityStyles.html","237","cdaSharedTopParityV6527Styles","31","10","true","1-2-0","Shared","3","background: #fff7d6 !important; border-color: #f2c94c !important; color: #7a4a00 !important"
"2973","#remakeTabFilterHostV6337 .remakeTabSearchProxyV6337","","SharedTopParityStyles.html","241","cdaSharedTopParityV6527Styles","31","10","true","1-1-0","Shared","3","width: 32px !important; min-width: 32px !important; padding: 0 !important"
"2974","#tatTabFilterHostV6509 .remakeTabSearchProxyV6337","","SharedTopParityStyles.html","241","cdaSharedTopParityV6527Styles","31","10","true","1-1-0","Shared","3","width: 32px !important; min-width: 32px !important; padding: 0 !important"
"2975","#remakeTabFilterHostV6337 .remakeTabSearchProxyV6337 svg","","SharedTopParityStyles.html","243","cdaSharedTopParityV6527Styles","31","10","true","1-1-1","Shared","7","width: 16px !important; height: 16px !important; fill: none !important; stroke: currentColor !important; stroke-width: 2 !important; stroke-linecap: round !important; stroke-linejoin: round !important"
"2976","#tatTabFilterHostV6509 .remakeTabSearchProxyV6337 svg","","SharedTopParityStyles.html","243","cdaSharedTopParityV6527Styles","31","10","true","1-1-1","Shared","7","width: 16px !important; height: 16px !important; fill: none !important; stroke: currentColor !important; stroke-width: 2 !important; stroke-linecap: round !important; stroke-linejoin: round !important"
"2977","#remakeTabFilterHostV6337 #remakeTabViewsV6382 svg","","SharedTopParityStyles.html","243","cdaSharedTopParityV6527Styles","31","10","true","2-0-1","Shared","7","width: 16px !important; height: 16px !important; fill: none !important; stroke: currentColor !important; stroke-width: 2 !important; stroke-linecap: round !important; stroke-linejoin: round !important"
"2978","#tatTabFilterHostV6509 .tatSettingsButtonV6509 svg","","SharedTopParityStyles.html","243","cdaSharedTopParityV6527Styles","31","10","true","1-1-1","Shared","7","width: 16px !important; height: 16px !important; fill: none !important; stroke: currentColor !important; stroke-width: 2 !important; stroke-linecap: round !important; stroke-linejoin: round !important"
"2979","#remakeTabFilterHostV6337 .remakeTabResetV6337","","SharedTopParityStyles.html","247","cdaSharedTopParityV6527Styles","31","10","true","1-1-0","Shared","1","padding: 0 10px !important"
"2980","#tatTabFilterHostV6509 .remakeTabResetV6337","","SharedTopParityStyles.html","247","cdaSharedTopParityV6527Styles","31","10","true","1-1-0","Shared","1","padding: 0 10px !important"
"2981","#remakeTabFilterHostV6337 .remakeCacheActionBarV6338","","SharedTopParityStyles.html","249","cdaSharedTopParityV6527Styles","31","10","true","1-1-0","Shared","6","display: inline-flex !important; flex: 0 0 auto !important; align-items: center !important; gap: var(--cda-top-control-gap-v6527) !important; width: max-content !important; min-width: max-content !important"
"2982","#tatTabFilterHostV6509 .remakeCacheActionBarV6338","","SharedTopParityStyles.html","249","cdaSharedTopParityV6527Styles","31","10","true","1-1-0","Shared","6","display: inline-flex !important; flex: 0 0 auto !important; align-items: center !important; gap: var(--cda-top-control-gap-v6527) !important; width: max-content !important; min-width: max-content !important"
"2983","#remakeTabFilterHostV6337 .remakeCacheActionBarV6338 .remakeButton","","SharedTopParityStyles.html","251","cdaSharedTopParityV6527Styles","31","10","true","1-2-0","Shared","6","border: 1px solid #172033 !important; padding: 0 9px !important; background: #172033 !important; color: #fff !important; gap: 5px !important; font: 900 11px/1 Roboto,Arial,sans-serif !important"
"2984","#tatTabFilterHostV6509 .remakeCacheActionBarV6338 .remakeButton","","SharedTopParityStyles.html","251","cdaSharedTopParityV6527Styles","31","10","true","1-2-0","Shared","6","border: 1px solid #172033 !important; padding: 0 9px !important; background: #172033 !important; color: #fff !important; gap: 5px !important; font: 900 11px/1 Roboto,Arial,sans-serif !important"
"2985","#remakeTabFilterHostV6337 .remakeCacheActionBarV6338 .remakeButton.secondary","","SharedTopParityStyles.html","253","cdaSharedTopParityV6527Styles","31","10","true","1-3-0","Shared","3","background: #fff7d6 !important; color: #7a4a00 !important; border-color: #f2c94c !important"
"2986","#tatTabFilterHostV6509 .remakeCacheActionBarV6338 .remakeButton.secondary","","SharedTopParityStyles.html","253","cdaSharedTopParityV6527Styles","31","10","true","1-3-0","Shared","3","background: #fff7d6 !important; color: #7a4a00 !important; border-color: #f2c94c !important"
"2987","#remakeTabFilterHostV6337 .remakeCacheActionIconV6338","","SharedTopParityStyles.html","255","cdaSharedTopParityV6527Styles","31","10","true","1-1-0","Shared","1","font: 900 15px/1 Roboto,Arial,sans-serif !important"
"2988","#tatTabFilterHostV6509 .remakeCacheActionIconV6338","","SharedTopParityStyles.html","255","cdaSharedTopParityV6527Styles","31","10","true","1-1-0","Shared","1","font: 900 15px/1 Roboto,Arial,sans-serif !important"
"2989","#tatDashboardPageV6509.cleanRemakeV6230 .tatKpiStageV6509","","SharedTopParityStyles.html","259","cdaSharedTopParityV6527Styles","31","10","true","1-2-0","Shared","11","position: relative !important; width: calc(100% - 24px) !important; max-width: 1900px !important; margin: 8px auto 1px !important; padding: 8px 12px 9px !important; background: #ebe9ed !important; border: 0 !important; border-bottom: 1px solid rgba(196,205,216,.86) !important; border-radius: 0 !important; box-shadow: 0 8px 18px rgba(20,32,42,.10) !important; box-sizing: border-box !important"
"2990","#tatDashboardPageV6509.cleanRemakeV6230 .tatKpisV6509","","SharedTopParityStyles.html","272","cdaSharedTopParityV6527Styles","31","10","true","1-2-0","Shared","10","display: grid !important; grid-template-columns: repeat(5,minmax(0,1fr)) !important; align-items: stretch !important; justify-content: center !important; gap: 14px !important; width: 100% !important; max-width: 1100px !important; margin: 0 auto !important; padding: 0 4px 4px !important; box-sizing: border-box !important"
"2991","#tatDashboardPageV6509.cleanRemakeV6230 .tatKpiV6509","","SharedTopParityStyles.html","284","cdaSharedTopParityV6527Styles","31","10","true","1-2-0","Shared","8","min-width: 0 !important; min-height: 68px !important; padding: 10px 12px !important; background: #fff !important; border: 1px solid #d7dce2 !important; border-radius: 8px !important; box-shadow: 0 1px 3px rgba(20,32,42,.14) !important; box-sizing: border-box !important"
"2992","#tatDashboardPageV6509.cleanRemakeV6230 .tatKpiV6509 .label","","SharedTopParityStyles.html","294","cdaSharedTopParityV6527Styles","31","10","true","1-3-0","Shared","5","margin: 0 0 5px !important; color: #667085 !important; font: 900 10.5px/1 Roboto,Arial,sans-serif !important; letter-spacing: .06em !important; text-transform: uppercase !important"
"2993","#tatDashboardPageV6509.cleanRemakeV6230 .tatKpiV6509 .value","","SharedTopParityStyles.html","295","cdaSharedTopParityV6527Styles","31","10","true","1-3-0","Shared","4","margin: 0 !important; color: #172033 !important; font: 900 clamp(21px,1.55vw,28px)/1.04 Roboto,Arial,sans-serif !important; letter-spacing: normal !important"
"2994","#tatDashboardPageV6509.cleanRemakeV6230 .tatKpiV6509 .sub","","SharedTopParityStyles.html","296","cdaSharedTopParityV6527Styles","31","10","true","1-3-0","Shared","10","display: flex !important; align-items: center !important; gap: 6px !important; min-height: 13px !important; margin: 5px 0 0 !important; color: #667085 !important; font: 800 10.5px/1.15 Roboto,Arial,sans-serif !important; white-space: nowrap !important; overflow: hidden !important; text-overflow: ellipsis !important"
"2995","#tatDashboardPageV6509.cleanRemakeV6230 .tatKpiV6509 .sub .priorV6281","","SharedTopParityStyles.html","297","cdaSharedTopParityV6527Styles","31","10","true","1-4-0","Shared","1","color: #667085 !important"
"2996","#tatDashboardPageV6509.cleanRemakeV6230 .tatKpiV6509 .sub .deltaV6281","","SharedTopParityStyles.html","298","cdaSharedTopParityV6527Styles","31","10","true","1-4-0","Shared","1","font-weight: 900 !important"
"2997","#tatDashboardPageV6509.cleanRemakeV6230 .tatKpiV6509 .sub .deltaV6281.good","","SharedTopParityStyles.html","299","cdaSharedTopParityV6527Styles","31","10","true","1-5-0","Shared","1","color: #067647 !important"
"2998","#tatDashboardPageV6509.cleanRemakeV6230 .tatKpiV6509 .sub .deltaV6281.bad","","SharedTopParityStyles.html","300","cdaSharedTopParityV6527Styles","31","10","true","1-5-0","Shared","1","color: #b42318 !important"
"2999","#tatDashboardPageV6509.cleanRemakeV6230 .tatKpiV6509 .sub .deltaV6281.neutral","","SharedTopParityStyles.html","301","cdaSharedTopParityV6527Styles","31","10","true","1-5-0","Shared","1","color: #667085 !important"
"3000","#tatDashboardPageV6509.cleanRemakeV6230 .tatStampV6509","","SharedTopParityStyles.html","302","cdaSharedTopParityV6527Styles","31","10","true","1-2-0","Shared","9","position: absolute !important; width: 1px !important; height: 1px !important; padding: 0 !important; margin: -1px !important; overflow: hidden !important; clip: rect(0,0,0,0) !important; white-space: nowrap !important; border: 0 !important"
"3001","#remakeTabFilterHostV6337.cdaIconToolbarV6527 .remakeFilter","","SharedTopParityStyles.html","305","cdaSharedTopParityV6527Styles","31","10","true","1-2-0","Shared","3","width: 32px !important; min-width: 32px !important; max-width: 32px !important"
"3002","#tatTabFilterHostV6509.cdaIconToolbarV6527 .remakeFilter","","SharedTopParityStyles.html","305","cdaSharedTopParityV6527Styles","31","10","true","1-2-0","Shared","3","width: 32px !important; min-width: 32px !important; max-width: 32px !important"
"3003","#remakeTabFilterHostV6337.cdaIconToolbarV6527 .remakeDropdownButtonV6245","","SharedTopParityStyles.html","307","cdaSharedTopParityV6527Styles","31","10","true","1-2-0","Shared","8","width: 32px !important; min-width: 32px !important; max-width: 32px !important; padding: 0 !important; color: transparent !important; font-size: 0 !important; text-shadow: none !important; overflow: hidden !important"
"3004","#tatTabFilterHostV6509.cdaIconToolbarV6527 .remakeDropdownButtonV6245","","SharedTopParityStyles.html","307","cdaSharedTopParityV6527Styles","31","10","true","1-2-0","Shared","8","width: 32px !important; min-width: 32px !important; max-width: 32px !important; padding: 0 !important; color: transparent !important; font-size: 0 !important; text-shadow: none !important; overflow: hidden !important"
"3005","#remakeTabFilterHostV6337.cdaIconToolbarV6527 .remakeDropdownButtonV6245::after","","SharedTopParityStyles.html","309","cdaSharedTopParityV6527Styles","31","10","true","1-2-1","Shared","1","display: none !important"
"3006","#tatTabFilterHostV6509.cdaIconToolbarV6527 .remakeDropdownButtonV6245::after","","SharedTopParityStyles.html","309","cdaSharedTopParityV6527Styles","31","10","true","1-2-1","Shared","1","display: none !important"
"3007","#remakeTabFilterHostV6337.cdaIconToolbarV6527 .remakeDropdownButtonV6245::before","","SharedTopParityStyles.html","311","cdaSharedTopParityV6527Styles","31","10","true","1-2-1","Shared","8","content: attr(data-cda-icon-v6527) !important; display: flex !important; align-items: center !important; justify-content: center !important; position: absolute !important; inset: 0 !important; color: #334155 !important; font: 900 14px/1 Arial,sans-serif !important"
"3008","#tatTabFilterHostV6509.cdaIconToolbarV6527 .remakeDropdownButtonV6245::before","","SharedTopParityStyles.html","311","cdaSharedTopParityV6527Styles","31","10","true","1-2-1","Shared","8","content: attr(data-cda-icon-v6527) !important; display: flex !important; align-items: center !important; justify-content: center !important; position: absolute !important; inset: 0 !important; color: #334155 !important; font: 900 14px/1 Arial,sans-serif !important"
"3009","#remakeTabFilterHostV6337.cdaIconToolbarV6527 .remakeTabResetV6337","","SharedTopParityStyles.html","313","cdaSharedTopParityV6527Styles","31","10","true","1-2-0","Shared","5","width: 32px !important; min-width: 32px !important; max-width: 32px !important; padding: 0 !important; gap: 0 !important"
"3010","#tatTabFilterHostV6509.cdaIconToolbarV6527 .remakeTabResetV6337","","SharedTopParityStyles.html","313","cdaSharedTopParityV6527Styles","31","10","true","1-2-0","Shared","5","width: 32px !important; min-width: 32px !important; max-width: 32px !important; padding: 0 !important; gap: 0 !important"
"3011","#remakeTabFilterHostV6337.cdaIconToolbarV6527 .remakeCacheActionBarV6338 .remakeButton","","SharedTopParityStyles.html","313","cdaSharedTopParityV6527Styles","31","10","true","1-3-0","Shared","5","width: 32px !important; min-width: 32px !important; max-width: 32px !important; padding: 0 !important; gap: 0 !important"
"3012","#tatTabFilterHostV6509.cdaIconToolbarV6527 .remakeCacheActionBarV6338 .remakeButton","","SharedTopParityStyles.html","313","cdaSharedTopParityV6527Styles","31","10","true","1-3-0","Shared","5","width: 32px !important; min-width: 32px !important; max-width: 32px !important; padding: 0 !important; gap: 0 !important"
"3013","#remakeTabFilterHostV6337.cdaIconToolbarV6527 .remakeTabResetV6337","","SharedTopParityStyles.html","317","cdaSharedTopParityV6527Styles","31","10","true","1-2-0","Shared","3","color: transparent !important; font-size: 0 !important; position: relative !important"
"3014","#tatTabFilterHostV6509.cdaIconToolbarV6527 .remakeTabResetV6337","","SharedTopParityStyles.html","317","cdaSharedTopParityV6527Styles","31","10","true","1-2-0","Shared","3","color: transparent !important; font-size: 0 !important; position: relative !important"
"3015","#remakeTabFilterHostV6337.cdaIconToolbarV6527 .remakeTabResetV6337::before","","SharedTopParityStyles.html","319","cdaSharedTopParityV6527Styles","31","10","true","1-2-1","Shared","3","content: '↺' !important; color: #334155 !important; font: 900 17px/1 Arial,sans-serif !important"
"3016","#tatTabFilterHostV6509.cdaIconToolbarV6527 .remakeTabResetV6337::before","","SharedTopParityStyles.html","319","cdaSharedTopParityV6527Styles","31","10","true","1-2-1","Shared","3","content: '↺' !important; color: #334155 !important; font: 900 17px/1 Arial,sans-serif !important"
"3017","#remakeTabFilterHostV6337.cdaIconToolbarV6527 .remakeCacheActionLabelV6338","","SharedTopParityStyles.html","321","cdaSharedTopParityV6527Styles","31","10","true","1-2-0","Shared","1","display: none !important"
"3018","#tatTabFilterHostV6509.cdaIconToolbarV6527 .remakeCacheActionLabelV6338","","SharedTopParityStyles.html","321","cdaSharedTopParityV6527Styles","31","10","true","1-2-0","Shared","1","display: none !important"
"3019","#tatDashboardPageV6509.cleanRemakeV6230 .tatKpisV6509","@media(max-width:760px)","SharedTopParityStyles.html","325","cdaSharedTopParityV6527Styles","31","10","true","1-2-0","Shared","3","grid-template-columns: repeat(2,minmax(0,1fr)) !important; max-width: none !important; gap: 8px !important"
"3020","html","","Index.html","4682","cdaTatDropdownTabRepairV6525","32","0","false","0-0-1","Shared","2","max-width: 100% !important; overflow-x: clip !important"
"3021","body","","Index.html","4682","cdaTatDropdownTabRepairV6525","32","0","false","0-0-1","Shared","2","max-width: 100% !important; overflow-x: clip !important"
"3022",".managerTabs","","Index.html","4683","cdaTatDropdownTabRepairV6525","32","0","false","0-1-0","Shared","2","max-width: 100vw !important; box-sizing: border-box !important"
"3023","#tatDashboardPageV6509","","Index.html","4684","cdaTatDropdownTabRepairV6525","32","0","false","1-0-0","TAT","2","max-width: 100% !important; overflow-x: hidden !important"
"3024","#tatTabFilterHostV6509 .remakeDropdownPanelV6245","","Index.html","4685","cdaTatDropdownTabRepairV6525","32","0","false","1-1-0","Shared","4","position: fixed !important; right: auto !important; transform: none !important; contain: layout paint style !important"
"3025","#tatDashboardPageV6509.cleanRemakeV6230 #tatCoverageV6509[hidden]","","Index.html","4686","cdaTatDropdownTabRepairV6525","32","0","false","2-2-0","TAT","1","display: none !important"
"3026","#tatDashboardPageV6509.cleanRemakeV6230 .tatProductDetailRowV6523 td","","Index.html","4687","cdaTatDropdownTabRepairV6525","32","0","false","1-2-1","TAT","4","background: #fffdf3 !important; color: #475467 !important; font-weight: 700 !important; border-top-color: #f3e5a8 !important"
"3027","#tatDashboardPageV6509.cleanRemakeV6230 .tatProductDetailRowV6523:hover td","","Index.html","4688","cdaTatDropdownTabRepairV6525","32","0","false","1-3-1","TAT","1","background: #fff8dc !important"
"3028","#tatDashboardPageV6509.cleanRemakeV6230 .tatProductDetailRowV6523 td:first-child","","Index.html","4689","cdaTatDropdownTabRepairV6525","32","0","false","1-3-1","TAT","1","padding-left: 18px !important"
"3029","#tatDashboardPageV6509.cleanRemakeV6230 .tatProductIndentV6523","","Index.html","4690","cdaTatDropdownTabRepairV6525","32","0","false","1-2-0","TAT","0","display: inline-block; width: 18px; color: #b77900; font-weight: 900"
"3030","#tatDashboardPageV6509.cleanRemakeV6230 #tatDepartmentTableV6509 tr.clickable","","Index.html","4691","cdaTatDropdownTabRepairV6525","32","0","false","2-2-1","TAT","0","transition: background-color 90ms ease,color 90ms ease"
"3031","#tatDashboardPageV6509.cleanRemakeV6230 #tatCustomerTableV6509 tr.clickable","","Index.html","4691","cdaTatDropdownTabRepairV6525","32","0","false","2-2-1","TAT","0","transition: background-color 90ms ease,color 90ms ease"
"3032","#tatDashboardPageV6509.cleanRemakeV6230 #tatDepartmentTableV6509 tr.selected td","","Index.html","4693","cdaTatDropdownTabRepairV6525","32","0","false","2-2-2","TAT","1","background: #fff7d6 !important"
"3033","#tatDashboardPageV6509.cleanRemakeV6230 #tatCustomerTableV6509 tr.selected td","","Index.html","4693","cdaTatDropdownTabRepairV6525","32","0","false","2-2-2","TAT","1","background: #fff7d6 !important"
"3034","#tatTabFilterHostV6509 .remakeDropdownPanelV6245.open","","Index.html","4695","cdaTatDropdownTabRepairV6525","32","0","false","1-2-0","Shared","4","display: flex !important; flex-direction: column !important; max-height: min(430px,calc(100vh - 16px)) !important; overflow: hidden !important"
"3035","#tatTabFilterHostV6509 .remakeDropdownListV6245","","Index.html","4696","cdaTatDropdownTabRepairV6525","32","0","false","1-1-0","Shared","6","flex: 1 1 auto !important; min-height: 120px !important; overflow-y: auto !important; overflow-x: hidden !important; overscroll-behavior: contain !important; -webkit-overflow-scrolling: touch !important"
"3036","#tatTabFilterHostV6509 .remakeDropdownSearchV6245","","Index.html","4697","cdaTatDropdownTabRepairV6525","32","0","false","1-1-0","Shared","1","flex: 0 0 auto !important"
"3037","#tatSettingsPanelV6509 .tatSettingsNoteV6524","","Index.html","4698","cdaTatDropdownTabRepairV6525","32","0","false","1-1-0","TAT","0","padding: 14px; color: #475467; font: 700 11px/1.45 Roboto,Arial,sans-serif"
"3038","#tatDashboardPageV6509.cleanRemakeV6230 #tatDepartmentTableV6509 tr.clickable","@media(prefers-reduced-motion:reduce)","Index.html","4699","cdaTatDropdownTabRepairV6525","32","0","false","2-2-1","TAT","1","transition: none !important"
"3039","#tatDashboardPageV6509.cleanRemakeV6230 #tatCustomerTableV6509 tr.clickable","@media(prefers-reduced-motion:reduce)","Index.html","4699","cdaTatDropdownTabRepairV6525","32","0","false","2-2-1","TAT","1","transition: none !important"
