"selector","context","specificity","ownership","occurrenceCount","firstDefinition","laterOverrides","files","importantDeclarationCount","afterDocumentClose","runtimeReferenceCount","likelyObsoleteReview","movementRisk","movementRiskScore","movementRiskReasons"
"th","","0-0-1","Shared","10","DashboardBaseStyles.html:367","DashboardBaseStyles.html:674; DashboardBaseStyles.html:902; DashboardBaseStyles.html:1073; DashboardBaseStyles.html:1152; DashboardBaseStyles.html:1422; DashboardBaseStyles.html:1627; DashboardBaseStyles.html:1824; TatDashboardControllerScript.html:641; TatDashboardControllerScript.html:641","DashboardBaseStyles.html; TatDashboardControllerScript.html","14","true","0","false","High","14","repeated selector; cross-file cascade; uses !important; shared or cross-dashboard ownership; loaded after closing HTML; same selector appears in multiple at-rule contexts"
"body","","0-0-1","Shared","9","DashboardBaseStyles.html:28","DashboardBaseStyles.html:534; DashboardBaseStyles.html:820; DashboardBaseStyles.html:1107; DashboardBaseStyles.html:1207; DashboardBaseStyles.html:1480; DashboardBaseStyles.html:1673; TatDashboardControllerScript.html:641; Index.html:4682","DashboardBaseStyles.html; TatDashboardControllerScript.html; Index.html","11","true","0","false","High","14","repeated selector; cross-file cascade; uses !important; shared or cross-dashboard ownership; loaded after closing HTML; same selector appears in multiple at-rule contexts"
"td","","0-0-1","Shared","5","DashboardBaseStyles.html:384","DashboardBaseStyles.html:1435; DashboardBaseStyles.html:1635; DashboardBaseStyles.html:1832; TatDashboardControllerScript.html:641","DashboardBaseStyles.html; TatDashboardControllerScript.html","4","true","0","false","High","14","repeated selector; cross-file cascade; uses !important; shared or cross-dashboard ownership; loaded after closing HTML; same selector appears in multiple at-rule contexts"
"#tatTabFilterHostV6509 .remakeCacheActionBarV6338 .remakeButton","","1-2-0","Shared","4","UnifiedControlsStyles.html:87","TatRemakeAliasStyles.html:242; SharedTopParityStyles.html:217; SharedTopParityStyles.html:251","UnifiedControlsStyles.html; TatRemakeAliasStyles.html; SharedTopParityStyles.html","17","true","41","false","High","14","repeated selector; cross-file cascade; uses !important; shared or cross-dashboard ownership; loaded after closing HTML; same selector appears in multiple at-rule contexts"
"#tatTabFilterHostV6509 .remakeDropdownHeaderV6245","","1-1-0","Shared","4","UnifiedControlsStyles.html:65","TatRemakeAliasStyles.html:142; TatRemakeAliasStyles.html:1067; SharedTopParityStyles.html:141","UnifiedControlsStyles.html; TatRemakeAliasStyles.html; SharedTopParityStyles.html","32","true","12","false","High","14","repeated selector; cross-file cascade; uses !important; shared or cross-dashboard ownership; loaded after closing HTML; same selector appears in multiple at-rule contexts"
"#remakeTabFilterHostV6337","","1-0-0","Shared","3","Index.html:1439","UnifiedControlsStyles.html:3; SharedTopParityStyles.html:8","Index.html; UnifiedControlsStyles.html; SharedTopParityStyles.html","14","true","9","false","High","14","repeated selector; cross-file cascade; uses !important; shared or cross-dashboard ownership; loaded after closing HTML; same selector appears in multiple at-rule contexts"
"#remakeTabFilterHostV6337 .remakeCacheActionBarV6338 .remakeButton","","1-2-0","Shared","3","Index.html:1653","SharedTopParityStyles.html:217; SharedTopParityStyles.html:251","Index.html; SharedTopParityStyles.html","17","true","43","false","High","14","repeated selector; cross-file cascade; uses !important; shared or cross-dashboard ownership; loaded after closing HTML; same selector appears in multiple at-rule contexts"
"#remakeTabFilterHostV6337 .remakeDropdownHeaderV6245","","1-1-0","Shared","3","Index.html:1534","Index.html:3041; SharedTopParityStyles.html:141","Index.html; SharedTopParityStyles.html","22","true","14","false","High","14","repeated selector; cross-file cascade; uses !important; shared or cross-dashboard ownership; loaded after closing HTML; same selector appears in multiple at-rule contexts"
"#remakeTabFilterHostV6337 .remakeDropdownHeaderV6245 button","","1-1-1","Shared","3","Index.html:1542","Index.html:3053; SharedTopParityStyles.html:180","Index.html; SharedTopParityStyles.html","18","true","14","false","High","14","repeated selector; cross-file cascade; uses !important; shared or cross-dashboard ownership; loaded after closing HTML; same selector appears in multiple at-rule contexts"
"#tatDashboardPageV6509.cleanRemakeV6230 .tatKpisV6509","","1-2-0","Shared","3","TatRemakeAliasStyles.html:1363","Index.html:4632; SharedTopParityStyles.html:272","TatRemakeAliasStyles.html; Index.html; SharedTopParityStyles.html","16","true","597","false","High","14","repeated selector; cross-file cascade; uses !important; shared or cross-dashboard ownership; loaded after closing HTML; same selector appears in multiple at-rule contexts"
"#tatTabFilterHostV6509","","1-0-0","Shared","3","UnifiedControlsStyles.html:3","TatRemakeAliasStyles.html:66; SharedTopParityStyles.html:8","UnifiedControlsStyles.html; TatRemakeAliasStyles.html; SharedTopParityStyles.html","14","true","7","false","High","14","repeated selector; cross-file cascade; uses !important; shared or cross-dashboard ownership; loaded after closing HTML; same selector appears in multiple at-rule contexts"
"#tatTabFilterHostV6509 .remakeDropdownHeaderV6245 button","","1-1-1","Shared","3","TatRemakeAliasStyles.html:149","TatRemakeAliasStyles.html:1077; SharedTopParityStyles.html:180","TatRemakeAliasStyles.html; SharedTopParityStyles.html","18","true","12","false","High","14","repeated selector; cross-file cascade; uses !important; shared or cross-dashboard ownership; loaded after closing HTML; same selector appears in multiple at-rule contexts"
"table","","0-0-1","Shared","3","DashboardBaseStyles.html:361","DashboardBaseStyles.html:1430; TatDashboardControllerScript.html:641","DashboardBaseStyles.html; TatDashboardControllerScript.html","2","true","0","false","High","14","repeated selector; cross-file cascade; uses !important; shared or cross-dashboard ownership; loaded after closing HTML; same selector appears in multiple at-rule contexts"
"#remakeCompactToolbarV6382 .remakeCompactToolV6382 svg","","1-1-1","Shared","2","Index.html:2785","TatRemakeAliasStyles.html:950","Index.html; TatRemakeAliasStyles.html","22","true","10","false","High","14","repeated selector; cross-file cascade; uses !important; shared or cross-dashboard ownership; loaded after closing HTML; same selector appears in multiple at-rule contexts"
"#remakeTabFilterHostV6337 [data-filter-kind=""customer""]","","1-1-0","Shared","2","UnifiedControlsStyles.html:56","SharedTopParityStyles.html:70","UnifiedControlsStyles.html; SharedTopParityStyles.html","1","true","9","false","High","14","repeated selector; cross-file cascade; uses !important; shared or cross-dashboard ownership; loaded after closing HTML; same selector appears in multiple at-rule contexts"
"#remakeTabFilterHostV6337 [data-filter-kind=""department""]","","1-1-0","Shared","2","UnifiedControlsStyles.html:50","SharedTopParityStyles.html:64","UnifiedControlsStyles.html; SharedTopParityStyles.html","1","true","9","false","High","14","repeated selector; cross-file cascade; uses !important; shared or cross-dashboard ownership; loaded after closing HTML; same selector appears in multiple at-rule contexts"
"#remakeTabFilterHostV6337 [data-filter-kind=""product""]","","1-1-0","Shared","2","UnifiedControlsStyles.html:52","SharedTopParityStyles.html:66","UnifiedControlsStyles.html; SharedTopParityStyles.html","1","true","9","false","High","14","repeated selector; cross-file cascade; uses !important; shared or cross-dashboard ownership; loaded after closing HTML; same selector appears in multiple at-rule contexts"
"#remakeTabFilterHostV6337 [data-filter-kind=""productGroup""]","","1-1-0","Shared","2","UnifiedControlsStyles.html:54","SharedTopParityStyles.html:68","UnifiedControlsStyles.html; SharedTopParityStyles.html","1","true","9","false","High","14","repeated selector; cross-file cascade; uses !important; shared or cross-dashboard ownership; loaded after closing HTML; same selector appears in multiple at-rule contexts"
"#remakeTabFilterHostV6337 [data-filter-kind=""reason""]","","1-1-0","Shared","2","UnifiedControlsStyles.html:58","SharedTopParityStyles.html:72","UnifiedControlsStyles.html; SharedTopParityStyles.html","1","true","9","false","High","14","repeated selector; cross-file cascade; uses !important; shared or cross-dashboard ownership; loaded after closing HTML; same selector appears in multiple at-rule contexts"
"#tatTabFilterHostV6509 [data-filter-kind=""customer""]","","1-1-0","Shared","2","UnifiedControlsStyles.html:56","SharedTopParityStyles.html:70","UnifiedControlsStyles.html; SharedTopParityStyles.html","1","true","7","false","High","14","repeated selector; cross-file cascade; uses !important; shared or cross-dashboard ownership; loaded after closing HTML; same selector appears in multiple at-rule contexts"
"#tatTabFilterHostV6509 [data-filter-kind=""department""]","","1-1-0","Shared","2","UnifiedControlsStyles.html:50","SharedTopParityStyles.html:64","UnifiedControlsStyles.html; SharedTopParityStyles.html","1","true","7","false","High","14","repeated selector; cross-file cascade; uses !important; shared or cross-dashboard ownership; loaded after closing HTML; same selector appears in multiple at-rule contexts"
"#tatTabFilterHostV6509 [data-filter-kind=""product""]","","1-1-0","Shared","2","UnifiedControlsStyles.html:52","SharedTopParityStyles.html:66","UnifiedControlsStyles.html; SharedTopParityStyles.html","1","true","7","false","High","14","repeated selector; cross-file cascade; uses !important; shared or cross-dashboard ownership; loaded after closing HTML; same selector appears in multiple at-rule contexts"
"#tatTabFilterHostV6509 [data-filter-kind=""productGroup""]","","1-1-0","Shared","2","UnifiedControlsStyles.html:54","SharedTopParityStyles.html:68","UnifiedControlsStyles.html; SharedTopParityStyles.html","1","true","7","false","High","14","repeated selector; cross-file cascade; uses !important; shared or cross-dashboard ownership; loaded after closing HTML; same selector appears in multiple at-rule contexts"
"#tatTabFilterHostV6509 [data-filter-kind=""reason""]","","1-1-0","Shared","2","UnifiedControlsStyles.html:58","SharedTopParityStyles.html:72","UnifiedControlsStyles.html; SharedTopParityStyles.html","1","true","7","false","High","14","repeated selector; cross-file cascade; uses !important; shared or cross-dashboard ownership; loaded after closing HTML; same selector appears in multiple at-rule contexts"
"#remakeTabFilterHostV6337 .remakeDropdownButtonV6245.active","","1-2-0","Shared","4","Index.html:1506","Index.html:1511; SharedTopParityStyles.html:108; SharedTopParityStyles.html:115","Index.html; SharedTopParityStyles.html","6","true","620","false","High","13","repeated selector; cross-file cascade; uses !important; shared or cross-dashboard ownership; loaded after closing HTML"
"#tatTabFilterHostV6509 .remakeDropdownButtonV6245.active","","1-2-0","Shared","4","TatRemakeAliasStyles.html:120","TatRemakeAliasStyles.html:124; SharedTopParityStyles.html:108; SharedTopParityStyles.html:115","TatRemakeAliasStyles.html; SharedTopParityStyles.html","6","true","618","false","High","13","repeated selector; cross-file cascade; uses !important; shared or cross-dashboard ownership; loaded after closing HTML"
"#tatTabFilterHostV6509 .remakeDropdownCountV6245","","1-1-0","Shared","4","UnifiedControlsStyles.html:77","TatRemakeAliasStyles.html:158; TatRemakeAliasStyles.html:1081; SharedTopParityStyles.html:184","UnifiedControlsStyles.html; TatRemakeAliasStyles.html; SharedTopParityStyles.html","30","true","11","false","High","13","repeated selector; cross-file cascade; uses !important; shared or cross-dashboard ownership; loaded after closing HTML"
"#tatTabFilterHostV6509 .remakeDropdownPanelV6245","","1-1-0","Shared","4","UnifiedControlsStyles.html:60","TatRemakeAliasStyles.html:126; SharedTopParityStyles.html:121; Index.html:4685","UnifiedControlsStyles.html; TatRemakeAliasStyles.html; SharedTopParityStyles.html; Index.html","15","true","16","false","High","13","repeated selector; cross-file cascade; uses !important; shared or cross-dashboard ownership; loaded after closing HTML"
"#tatTabFilterHostV6509 .remakeDropdownPanelV6245.open","","1-2-0","Shared","4","UnifiedControlsStyles.html:64","TatRemakeAliasStyles.html:142; SharedTopParityStyles.html:138; Index.html:4695","UnifiedControlsStyles.html; TatRemakeAliasStyles.html; SharedTopParityStyles.html; Index.html","9","true","328","false","High","13","repeated selector; cross-file cascade; uses !important; shared or cross-dashboard ownership; loaded after closing HTML"
"#tatTabFilterHostV6509 .remakeTabToolButtonV6337","","1-1-0","Shared","4","UnifiedControlsStyles.html:79","TatRemakeAliasStyles.html:217; SharedTopParityStyles.html:217; SharedTopParityStyles.html:233","UnifiedControlsStyles.html; TatRemakeAliasStyles.html; SharedTopParityStyles.html","15","true","13","false","High","13","repeated selector; cross-file cascade; uses !important; shared or cross-dashboard ownership; loaded after closing HTML"
"#remakeTabFilterHostV6337 .remakeDropdownCountV6245","","1-1-0","Shared","3","Index.html:1552","Index.html:3059; SharedTopParityStyles.html:184","Index.html; SharedTopParityStyles.html","21","true","13","false","High","13","repeated selector; cross-file cascade; uses !important; shared or cross-dashboard ownership; loaded after closing HTML"
"#remakeTabFilterHostV6337 .remakeFilter","","1-1-0","Shared","3","Index.html:1471","UnifiedControlsStyles.html:33; SharedTopParityStyles.html:44","Index.html; UnifiedControlsStyles.html; SharedTopParityStyles.html","35","true","54","false","High","13","repeated selector; cross-file cascade; uses !important; shared or cross-dashboard ownership; loaded after closing HTML"
"#remakeTabFilterHostV6337 .remakeFilterBarV6230","","1-1-0","Shared","3","Index.html:1458","UnifiedControlsStyles.html:20; SharedTopParityStyles.html:28","Index.html; UnifiedControlsStyles.html; SharedTopParityStyles.html","33","true","21","false","High","13","repeated selector; cross-file cascade; uses !important; shared or cross-dashboard ownership; loaded after closing HTML"
"#remakeTabFilterHostV6337 .remakeTabToolButtonV6337","","1-1-0","Shared","3","Index.html:1622","SharedTopParityStyles.html:217; SharedTopParityStyles.html:233","Index.html; SharedTopParityStyles.html","15","true","15","false","High","13","repeated selector; cross-file cascade; uses !important; shared or cross-dashboard ownership; loaded after closing HTML"
"#tatDashboardPageV6509.cleanRemakeV6230 .tatKpiStageV6509","","1-2-0","Shared","3","TatRemakeAliasStyles.html:1362","Index.html:4631; SharedTopParityStyles.html:259","TatRemakeAliasStyles.html; Index.html; SharedTopParityStyles.html","17","true","595","false","High","13","repeated selector; cross-file cascade; uses !important; shared or cross-dashboard ownership; loaded after closing HTML"
"#tatTabFilterHostV6509 .remakeCacheActionBarV6338","","1-1-0","Shared","3","UnifiedControlsStyles.html:86","TatRemakeAliasStyles.html:236; SharedTopParityStyles.html:249","UnifiedControlsStyles.html; TatRemakeAliasStyles.html; SharedTopParityStyles.html","6","true","14","false","High","13","repeated selector; cross-file cascade; uses !important; shared or cross-dashboard ownership; loaded after closing HTML"
"#tatTabFilterHostV6509 .remakeCacheActionBarV6338 .remakeButton.secondary","","1-3-0","Shared","3","UnifiedControlsStyles.html:88","TatRemakeAliasStyles.html:258; SharedTopParityStyles.html:253","UnifiedControlsStyles.html; TatRemakeAliasStyles.html; SharedTopParityStyles.html","3","true","48","false","High","13","repeated selector; cross-file cascade; uses !important; shared or cross-dashboard ownership; loaded after closing HTML"
"#tatTabFilterHostV6509 .remakeDropdownEmptyV6245","","1-1-0","Shared","3","UnifiedControlsStyles.html:78","TatRemakeAliasStyles.html:213; SharedTopParityStyles.html:214","UnifiedControlsStyles.html; TatRemakeAliasStyles.html; SharedTopParityStyles.html","9","true","12","false","High","13","repeated selector; cross-file cascade; uses !important; shared or cross-dashboard ownership; loaded after closing HTML"
"#tatTabFilterHostV6509 .remakeDropdownListV6245","","1-1-0","Shared","3","TatRemakeAliasStyles.html:176","SharedTopParityStyles.html:194; Index.html:4696","TatRemakeAliasStyles.html; SharedTopParityStyles.html; Index.html","17","true","11","false","High","13","repeated selector; cross-file cascade; uses !important; shared or cross-dashboard ownership; loaded after closing HTML"
"#tatTabFilterHostV6509 .remakeDropdownSearchV6245","","1-1-0","Shared","3","TatRemakeAliasStyles.html:163","SharedTopParityStyles.html:188; Index.html:4697","TatRemakeAliasStyles.html; SharedTopParityStyles.html; Index.html","21","true","12","false","High","13","repeated selector; cross-file cascade; uses !important; shared or cross-dashboard ownership; loaded after closing HTML"
"#tatTabFilterHostV6509 .remakeFilter","","1-1-0","Shared","3","UnifiedControlsStyles.html:33","TatRemakeAliasStyles.html:90; SharedTopParityStyles.html:44","UnifiedControlsStyles.html; TatRemakeAliasStyles.html; SharedTopParityStyles.html","35","true","52","false","High","13","repeated selector; cross-file cascade; uses !important; shared or cross-dashboard ownership; loaded after closing HTML"
"#tatTabFilterHostV6509 .remakeFilterBarV6230","","1-1-0","Shared","3","UnifiedControlsStyles.html:20","TatRemakeAliasStyles.html:78; SharedTopParityStyles.html:28","UnifiedControlsStyles.html; TatRemakeAliasStyles.html; SharedTopParityStyles.html","33","true","19","false","High","13","repeated selector; cross-file cascade; uses !important; shared or cross-dashboard ownership; loaded after closing HTML"
"#tatTabFilterHostV6509 .remakeTabResetV6337","","1-1-0","Shared","3","UnifiedControlsStyles.html:85","TatRemakeAliasStyles.html:236; SharedTopParityStyles.html:247","UnifiedControlsStyles.html; TatRemakeAliasStyles.html; SharedTopParityStyles.html","1","true","11","false","High","13","repeated selector; cross-file cascade; uses !important; shared or cross-dashboard ownership; loaded after closing HTML"
"#tatTabFilterHostV6509 .remakeTabSearchProxyV6337","","1-1-0","Shared","3","UnifiedControlsStyles.html:82","TatRemakeAliasStyles.html:236; SharedTopParityStyles.html:241","UnifiedControlsStyles.html; TatRemakeAliasStyles.html; SharedTopParityStyles.html","3","true","13","false","High","13","repeated selector; cross-file cascade; uses !important; shared or cross-dashboard ownership; loaded after closing HTML"
"#tatTabFilterHostV6509 .remakeTabSearchProxyV6337 svg","","1-1-1","Shared","3","UnifiedControlsStyles.html:83","TatRemakeAliasStyles.html:236; SharedTopParityStyles.html:243","UnifiedControlsStyles.html; TatRemakeAliasStyles.html; SharedTopParityStyles.html","7","true","13","false","High","13","repeated selector; cross-file cascade; uses !important; shared or cross-dashboard ownership; loaded after closing HTML"
"#tatTabFilterHostV6509 .remakeTabToolButtonV6337:hover","","1-2-0","Shared","3","UnifiedControlsStyles.html:80","TatRemakeAliasStyles.html:231; SharedTopParityStyles.html:237","UnifiedControlsStyles.html; TatRemakeAliasStyles.html; SharedTopParityStyles.html","3","true","13","false","High","13","repeated selector; cross-file cascade; uses !important; shared or cross-dashboard ownership; loaded after closing HTML"
"#tatTabFilterHostV6509 .remakeTabToolButtonV6337[aria-expanded=""true""]","","1-2-0","Shared","3","UnifiedControlsStyles.html:80","TatRemakeAliasStyles.html:231; SharedTopParityStyles.html:237","UnifiedControlsStyles.html; TatRemakeAliasStyles.html; SharedTopParityStyles.html","3","true","13","false","High","13","repeated selector; cross-file cascade; uses !important; shared or cross-dashboard ownership; loaded after closing HTML"
"#tatTabFilterHostV6509[hidden]","","1-1-0","Shared","3","UnifiedControlsStyles.html:17","TatRemakeAliasStyles.html:66; SharedTopParityStyles.html:25","UnifiedControlsStyles.html; TatRemakeAliasStyles.html; SharedTopParityStyles.html","3","true","7","false","High","13","repeated selector; cross-file cascade; uses !important; shared or cross-dashboard ownership; loaded after closing HTML"
"#remakeTabFilterHostV6337 .remakeCacheActionBarV6338","","1-1-0","Shared","2","Index.html:1646","SharedTopParityStyles.html:249","Index.html; SharedTopParityStyles.html","6","true","16","false","High","13","repeated selector; cross-file cascade; uses !important; shared or cross-dashboard ownership; loaded after closing HTML"
"#remakeTabFilterHostV6337 .remakeCacheActionBarV6338 .remakeButton.secondary","","1-3-0","Shared","2","Index.html:1670","SharedTopParityStyles.html:253","Index.html; SharedTopParityStyles.html","3","true","50","false","High","13","repeated selector; cross-file cascade; uses !important; shared or cross-dashboard ownership; loaded after closing HTML"
"#remakeTabFilterHostV6337 .remakeCacheActionIconV6338","","1-1-0","Shared","2","Index.html:1677","SharedTopParityStyles.html:255","Index.html; SharedTopParityStyles.html","1","true","14","false","High","13","repeated selector; cross-file cascade; uses !important; shared or cross-dashboard ownership; loaded after closing HTML"
"#remakeTabFilterHostV6337 .remakeDropdownButtonV6245::after","","1-1-1","Shared","2","Index.html:1497","SharedTopParityStyles.html:98","Index.html; SharedTopParityStyles.html","7","true","21","false","High","13","repeated selector; cross-file cascade; uses !important; shared or cross-dashboard ownership; loaded after closing HTML"
"#remakeTabFilterHostV6337 .remakeDropdownButtonV6245:hover","","1-2-0","Shared","2","Index.html:1506","SharedTopParityStyles.html:108","Index.html; SharedTopParityStyles.html","4","true","21","false","High","13","repeated selector; cross-file cascade; uses !important; shared or cross-dashboard ownership; loaded after closing HTML"
"#remakeTabFilterHostV6337 .remakeDropdownEmptyV6245","","1-1-0","Shared","2","Index.html:1617","SharedTopParityStyles.html:214","Index.html; SharedTopParityStyles.html","6","true","14","false","High","13","repeated selector; cross-file cascade; uses !important; shared or cross-dashboard ownership; loaded after closing HTML"
"#remakeTabFilterHostV6337 .remakeDropdownLabelV6245","","1-1-0","Shared","2","Index.html:1596","SharedTopParityStyles.html:208","Index.html; SharedTopParityStyles.html","10","true","12","false","High","13","repeated selector; cross-file cascade; uses !important; shared or cross-dashboard ownership; loaded after closing HTML"
"#remakeTabFilterHostV6337 .remakeDropdownListV6245","","1-1-0","Shared","2","Index.html:1573","SharedTopParityStyles.html:194","Index.html; SharedTopParityStyles.html","11","true","13","false","High","13","repeated selector; cross-file cascade; uses !important; shared or cross-dashboard ownership; loaded after closing HTML"
"#remakeTabFilterHostV6337 .remakeDropdownMetaV6245","","1-1-0","Shared","2","Index.html:1603","SharedTopParityStyles.html:210","Index.html; SharedTopParityStyles.html","6","true","10","false","High","13","repeated selector; cross-file cascade; uses !important; shared or cross-dashboard ownership; loaded after closing HTML"
"#remakeTabFilterHostV6337 .remakeDropdownOnlyV6245","","1-1-0","Shared","2","Index.html:1608","SharedTopParityStyles.html:212","Index.html; SharedTopParityStyles.html","14","true","12","false","High","13","repeated selector; cross-file cascade; uses !important; shared or cross-dashboard ownership; loaded after closing HTML"
"#remakeTabFilterHostV6337 .remakeDropdownPanelV6245","","1-1-0","Shared","2","Index.html:1514","SharedTopParityStyles.html:121","Index.html; SharedTopParityStyles.html","11","true","18","false","High","13","repeated selector; cross-file cascade; uses !important; shared or cross-dashboard ownership; loaded after closing HTML"
"#remakeTabFilterHostV6337 .remakeDropdownPanelV6245.open","","1-2-0","Shared","2","Index.html:1533","SharedTopParityStyles.html:138","Index.html; SharedTopParityStyles.html","3","true","330","false","High","13","repeated selector; cross-file cascade; uses !important; shared or cross-dashboard ownership; loaded after closing HTML"
"#remakeTabFilterHostV6337 .remakeDropdownRowV6245","","1-1-0","Shared","2","Index.html:1578","SharedTopParityStyles.html:198","Index.html; SharedTopParityStyles.html","16","true","16","false","High","13","repeated selector; cross-file cascade; uses !important; shared or cross-dashboard ownership; loaded after closing HTML"
"#remakeTabFilterHostV6337 .remakeDropdownRowV6245 input","","1-1-1","Shared","2","Index.html:1590","SharedTopParityStyles.html:206","Index.html; SharedTopParityStyles.html","8","true","16","false","High","13","repeated selector; cross-file cascade; uses !important; shared or cross-dashboard ownership; loaded after closing HTML"
"#remakeTabFilterHostV6337 .remakeDropdownRowV6245:hover","","1-2-0","Shared","2","Index.html:1588","SharedTopParityStyles.html:202","Index.html; SharedTopParityStyles.html","2","true","16","false","High","13","repeated selector; cross-file cascade; uses !important; shared or cross-dashboard ownership; loaded after closing HTML"
"#remakeTabFilterHostV6337 .remakeDropdownRowV6245.active","","1-2-0","Shared","2","Index.html:1588","SharedTopParityStyles.html:202","Index.html; SharedTopParityStyles.html","2","true","615","false","High","13","repeated selector; cross-file cascade; uses !important; shared or cross-dashboard ownership; loaded after closing HTML"
"#remakeTabFilterHostV6337 .remakeDropdownSearchV6245","","1-1-0","Shared","2","Index.html:1558","SharedTopParityStyles.html:188","Index.html; SharedTopParityStyles.html","20","true","14","false","High","13","repeated selector; cross-file cascade; uses !important; shared or cross-dashboard ownership; loaded after closing HTML"
"#remakeTabFilterHostV6337 .remakeDropdownSearchV6245:focus","","1-2-0","Shared","2","Index.html:1569","SharedTopParityStyles.html:192","Index.html; SharedTopParityStyles.html","4","true","14","false","High","13","repeated selector; cross-file cascade; uses !important; shared or cross-dashboard ownership; loaded after closing HTML"
"#remakeTabFilterHostV6337 .remakeTabResetV6337","","1-1-0","Shared","2","Index.html:1645","SharedTopParityStyles.html:247","Index.html; SharedTopParityStyles.html","1","true","13","false","High","13","repeated selector; cross-file cascade; uses !important; shared or cross-dashboard ownership; loaded after closing HTML"
"#remakeTabFilterHostV6337 .remakeTabSearchProxyV6337","","1-1-0","Shared","2","Index.html:1643","SharedTopParityStyles.html:241","Index.html; SharedTopParityStyles.html","3","true","15","false","High","13","repeated selector; cross-file cascade; uses !important; shared or cross-dashboard ownership; loaded after closing HTML"
"#remakeTabFilterHostV6337 .remakeTabSearchProxyV6337 svg","","1-1-1","Shared","2","Index.html:1644","SharedTopParityStyles.html:243","Index.html; SharedTopParityStyles.html","7","true","15","false","High","13","repeated selector; cross-file cascade; uses !important; shared or cross-dashboard ownership; loaded after closing HTML"
"#remakeTabFilterHostV6337 .remakeTabToolButtonV6337:hover","","1-2-0","Shared","2","Index.html:1637","SharedTopParityStyles.html:237","Index.html; SharedTopParityStyles.html","3","true","15","false","High","13","repeated selector; cross-file cascade; uses !important; shared or cross-dashboard ownership; loaded after closing HTML"
"#remakeTabFilterHostV6337 .remakeTabToolButtonV6337[aria-expanded=""true""]","","1-2-0","Shared","2","Index.html:1637","SharedTopParityStyles.html:237","Index.html; SharedTopParityStyles.html","3","true","15","false","High","13","repeated selector; cross-file cascade; uses !important; shared or cross-dashboard ownership; loaded after closing HTML"
"#remakeTabFilterHostV6337 .remakeVisibleToggleV6502:has(input:checked)","","1-2-1","Shared","2","Index.html:300","SharedTopParityStyles.html:174","Index.html; SharedTopParityStyles.html","6","true","13","false","High","13","repeated selector; cross-file cascade; uses !important; shared or cross-dashboard ownership; loaded after closing HTML"
"#remakeTabFilterHostV6337 .remakeVisibleToggleV6502:has(input:indeterminate)","","1-2-1","Shared","2","Index.html:300","SharedTopParityStyles.html:174","Index.html; SharedTopParityStyles.html","6","true","13","false","High","13","repeated selector; cross-file cascade; uses !important; shared or cross-dashboard ownership; loaded after closing HTML"
"#remakeTabFilterHostV6337 [data-filter-kind=""year""]","","1-1-0","Shared","2","UnifiedControlsStyles.html:48","SharedTopParityStyles.html:62","UnifiedControlsStyles.html; SharedTopParityStyles.html","1","true","9","false","High","13","repeated selector; cross-file cascade; uses !important; shared or cross-dashboard ownership; loaded after closing HTML"
"#remakeTabFilterHostV6337 [data-filter-kind=""year""] .remakeDropdownPanelV6245","","1-2-0","Shared","2","Index.html:1530","SharedTopParityStyles.html:136","Index.html; SharedTopParityStyles.html","2","true","18","false","High","13","repeated selector; cross-file cascade; uses !important; shared or cross-dashboard ownership; loaded after closing HTML"
"#remakeTabFilterHostV6337 #remakeTabViewsV6382 svg","","2-0-1","Shared","2","Index.html:2785","SharedTopParityStyles.html:243","Index.html; SharedTopParityStyles.html","18","true","16","false","High","13","repeated selector; cross-file cascade; uses !important; shared or cross-dashboard ownership; loaded after closing HTML"
"#remakeTabFilterHostV6337[hidden]","","1-1-0","Shared","2","Index.html:1438","SharedTopParityStyles.html:25","Index.html; SharedTopParityStyles.html","2","true","9","false","High","13","repeated selector; cross-file cascade; uses !important; shared or cross-dashboard ownership; loaded after closing HTML"
"#tatDashboardPageV6509","","1-0-0","Shared","2","UnifiedControlsStyles.html:121","Index.html:4684","UnifiedControlsStyles.html; Index.html","3","true","8","false","High","13","repeated selector; cross-file cascade; uses !important; shared or cross-dashboard ownership; loaded after closing HTML"
"#tatDashboardPageV6509.cleanRemakeV6230 .tatKpiV6509","","1-2-0","Shared","2","Index.html:4633","SharedTopParityStyles.html:284","Index.html; SharedTopParityStyles.html","10","true","601","false","High","13","repeated selector; cross-file cascade; uses !important; shared or cross-dashboard ownership; loaded after closing HTML"
"#tatTabFilterHostV6509 .remakeCacheActionIconV6338","","1-1-0","Shared","2","TatRemakeAliasStyles.html:262","SharedTopParityStyles.html:255","TatRemakeAliasStyles.html; SharedTopParityStyles.html","1","true","12","false","High","13","repeated selector; cross-file cascade; uses !important; shared or cross-dashboard ownership; loaded after closing HTML"
"#tatTabFilterHostV6509 .remakeDropdownButtonV6245::after","","1-1-1","Shared","2","TatRemakeAliasStyles.html:112","SharedTopParityStyles.html:98","TatRemakeAliasStyles.html; SharedTopParityStyles.html","7","true","19","false","High","13","repeated selector; cross-file cascade; uses !important; shared or cross-dashboard ownership; loaded after closing HTML"
"#tatTabFilterHostV6509 .remakeDropdownButtonV6245:hover","","1-2-0","Shared","2","TatRemakeAliasStyles.html:120","SharedTopParityStyles.html:108","TatRemakeAliasStyles.html; SharedTopParityStyles.html","4","true","19","false","High","13","repeated selector; cross-file cascade; uses !important; shared or cross-dashboard ownership; loaded after closing HTML"
"#tatTabFilterHostV6509 .remakeDropdownLabelV6245","","1-1-0","Shared","2","TatRemakeAliasStyles.html:195","SharedTopParityStyles.html:208","TatRemakeAliasStyles.html; SharedTopParityStyles.html","10","true","10","false","High","13","repeated selector; cross-file cascade; uses !important; shared or cross-dashboard ownership; loaded after closing HTML"
"#tatTabFilterHostV6509 .remakeDropdownMetaV6245","","1-1-0","Shared","2","TatRemakeAliasStyles.html:201","SharedTopParityStyles.html:210","TatRemakeAliasStyles.html; SharedTopParityStyles.html","6","true","8","false","High","13","repeated selector; cross-file cascade; uses !important; shared or cross-dashboard ownership; loaded after closing HTML"
"#tatTabFilterHostV6509 .remakeDropdownOnlyV6245","","1-1-0","Shared","2","TatRemakeAliasStyles.html:205","SharedTopParityStyles.html:212","TatRemakeAliasStyles.html; SharedTopParityStyles.html","14","true","10","false","High","13","repeated selector; cross-file cascade; uses !important; shared or cross-dashboard ownership; loaded after closing HTML"
"#tatTabFilterHostV6509 .remakeDropdownRowV6245","","1-1-0","Shared","2","TatRemakeAliasStyles.html:180","SharedTopParityStyles.html:198","TatRemakeAliasStyles.html; SharedTopParityStyles.html","16","true","14","false","High","13","repeated selector; cross-file cascade; uses !important; shared or cross-dashboard ownership; loaded after closing HTML"
"#tatTabFilterHostV6509 .remakeDropdownRowV6245 input","","1-1-1","Shared","2","TatRemakeAliasStyles.html:190","SharedTopParityStyles.html:206","TatRemakeAliasStyles.html; SharedTopParityStyles.html","8","true","14","false","High","13","repeated selector; cross-file cascade; uses !important; shared or cross-dashboard ownership; loaded after closing HTML"
"#tatTabFilterHostV6509 .remakeDropdownRowV6245:hover","","1-2-0","Shared","2","TatRemakeAliasStyles.html:189","SharedTopParityStyles.html:202","TatRemakeAliasStyles.html; SharedTopParityStyles.html","2","true","14","false","High","13","repeated selector; cross-file cascade; uses !important; shared or cross-dashboard ownership; loaded after closing HTML"
"#tatTabFilterHostV6509 .remakeDropdownRowV6245.active","","1-2-0","Shared","2","TatRemakeAliasStyles.html:189","SharedTopParityStyles.html:202","TatRemakeAliasStyles.html; SharedTopParityStyles.html","2","true","613","false","High","13","repeated selector; cross-file cascade; uses !important; shared or cross-dashboard ownership; loaded after closing HTML"
"#tatTabFilterHostV6509 .remakeDropdownSearchV6245:focus","","1-2-0","Shared","2","TatRemakeAliasStyles.html:173","SharedTopParityStyles.html:192","TatRemakeAliasStyles.html; SharedTopParityStyles.html","4","true","12","false","High","13","repeated selector; cross-file cascade; uses !important; shared or cross-dashboard ownership; loaded after closing HTML"
"#tatTabFilterHostV6509 .remakeVisibleToggleV6502","","1-1-0","Shared","2","UnifiedControlsStyles.html:69","SharedTopParityStyles.html:152","UnifiedControlsStyles.html; SharedTopParityStyles.html","30","true","11","false","High","13","repeated selector; cross-file cascade; uses !important; shared or cross-dashboard ownership; loaded after closing HTML"
"#tatTabFilterHostV6509 .remakeVisibleToggleV6502 input","","1-1-1","Shared","2","UnifiedControlsStyles.html:74","SharedTopParityStyles.html:170","UnifiedControlsStyles.html; SharedTopParityStyles.html","10","true","11","false","High","13","repeated selector; cross-file cascade; uses !important; shared or cross-dashboard ownership; loaded after closing HTML"
"#tatTabFilterHostV6509 .remakeVisibleToggleV6502:has(input:checked)","","1-2-1","Shared","2","UnifiedControlsStyles.html:75","SharedTopParityStyles.html:174","UnifiedControlsStyles.html; SharedTopParityStyles.html","6","true","11","false","High","13","repeated selector; cross-file cascade; uses !important; shared or cross-dashboard ownership; loaded after closing HTML"
"#tatTabFilterHostV6509 .remakeVisibleToggleV6502:has(input:indeterminate)","","1-2-1","Shared","2","UnifiedControlsStyles.html:75","SharedTopParityStyles.html:174","UnifiedControlsStyles.html; SharedTopParityStyles.html","6","true","11","false","High","13","repeated selector; cross-file cascade; uses !important; shared or cross-dashboard ownership; loaded after closing HTML"
"#tatTabFilterHostV6509 .tatSettingsButtonV6509 svg","","1-1-1","Shared","2","UnifiedControlsStyles.html:83","SharedTopParityStyles.html:243","UnifiedControlsStyles.html; SharedTopParityStyles.html","7","true","12","false","High","13","repeated selector; cross-file cascade; uses !important; shared or cross-dashboard ownership; loaded after closing HTML"
"#tatTabFilterHostV6509 [data-filter-kind=""year""]","","1-1-0","Shared","2","UnifiedControlsStyles.html:48","SharedTopParityStyles.html:62","UnifiedControlsStyles.html; SharedTopParityStyles.html","1","true","7","false","High","13","repeated selector; cross-file cascade; uses !important; shared or cross-dashboard ownership; loaded after closing HTML"
"#tatTabFilterHostV6509 [data-filter-kind=""year""] .remakeDropdownPanelV6245","","1-2-0","Shared","2","TatRemakeAliasStyles.html:141","SharedTopParityStyles.html:136","TatRemakeAliasStyles.html; SharedTopParityStyles.html","2","true","16","false","High","13","repeated selector; cross-file cascade; uses !important; shared or cross-dashboard ownership; loaded after closing HTML"
":root","","0-1-0","Shared","5","DashboardBaseStyles.html:2","DashboardBaseStyles.html:519; DashboardBaseStyles.html:806; DashboardBaseStyles.html:1661; SharedTopParityStyles.html:2","DashboardBaseStyles.html; SharedTopParityStyles.html","0","true","0","false","High","11","repeated selector; cross-file cascade; shared or cross-dashboard ownership; loaded after closing HTML"
"html","","0-0-1","Shared","5","DashboardBaseStyles.html:1207","DashboardBaseStyles.html:1480; DashboardBaseStyles.html:1673; Index.html:4006; Index.html:4682","DashboardBaseStyles.html; Index.html","11","false","0","false","High","11","repeated selector; cross-file cascade; uses !important; shared or cross-dashboard ownership; same selector appears in multiple at-rule contexts"
".managerTabs","","0-1-0","Shared","4","DashboardBaseStyles.html:4433","DashboardBaseStyles.html:4690; DashboardBaseStyles.html:5423; Index.html:4683","DashboardBaseStyles.html; Index.html","8","false","20","false","High","11","repeated selector; cross-file cascade; uses !important; shared or cross-dashboard ownership; same selector appears in multiple at-rule contexts"
".tabPage","","0-1-0","Shared","3","DashboardBaseStyles.html:62","DashboardBaseStyles.html:1239; Index.html:4007","DashboardBaseStyles.html; Index.html","3","false","7","false","High","11","repeated selector; cross-file cascade; uses !important; shared or cross-dashboard ownership; same selector appears in multiple at-rule contexts"
"#tatDashboardPageV6509.cleanRemakeV6230 .remakeCardTitle","","1-2-0","Shared","2","TatRemakeAliasStyles.html:315","TatRemakeAliasStyles.html:403","TatRemakeAliasStyles.html","4","true","618","false","High","11","repeated selector; uses !important; shared or cross-dashboard ownership; loaded after closing HTML; same selector appears in multiple at-rule contexts"
"#tatDashboardPageV6509.cleanRemakeV6230 .remakeStickyTopV6245","@media (max-width:1279px)","1-2-0","Shared","2","TatRemakeAliasStyles.html:628","TatRemakeAliasStyles.html:641","TatRemakeAliasStyles.html","14","true","605","false","High","11","repeated selector; uses !important; shared or cross-dashboard ownership; loaded after closing HTML; same selector appears in multiple at-rule contexts"
"#tatDashboardPageV6509.cleanRemakeV6230 .remakeTableWrap","@media (max-width:1279px)","1-2-0","Shared","2","TatRemakeAliasStyles.html:881","TatRemakeAliasStyles.html:975","TatRemakeAliasStyles.html","22","true","617","false","High","11","repeated selector; uses !important; shared or cross-dashboard ownership; loaded after closing HTML; same selector appears in multiple at-rule contexts"
"#tatDashboardPageV6509.cleanRemakeV6230 #remakeCeramistTableV6342","","2-1-0","Shared","2","TatRemakeAliasStyles.html:273","TatRemakeAliasStyles.html:1106","TatRemakeAliasStyles.html","7","true","615","false","High","11","repeated selector; uses !important; shared or cross-dashboard ownership; loaded after closing HTML; same selector appears in multiple at-rule contexts"
"#tatTabFilterHostV6509 .remakeCacheActionBarV6338 .remakeButton:disabled","","1-3-0","Shared","2","UnifiedControlsStyles.html:89","TatRemakeAliasStyles.html:262","UnifiedControlsStyles.html; TatRemakeAliasStyles.html","0","true","41","false","High","11","repeated selector; cross-file cascade; shared or cross-dashboard ownership; loaded after closing HTML"
"#singleShellDebugBanner","","1-0-0","Shared","3","DashboardBaseStyles.html:4890","DashboardBaseStyles.html:8369; Index.html:257","DashboardBaseStyles.html; Index.html","4","false","33","false","High","10","repeated selector; cross-file cascade; uses !important; shared or cross-dashboard ownership"
"#remakeTabFilterHostV6337.cdaIconToolbarV6527 .remakeTabResetV6337","","1-2-0","Shared","2","SharedTopParityStyles.html:313","SharedTopParityStyles.html:317","SharedTopParityStyles.html","8","true","15","false","High","10","repeated selector; uses !important; shared or cross-dashboard ownership; loaded after closing HTML"
"#singleShellClientError","","1-0-0","Shared","2","DashboardBaseStyles.html:4901","Index.html:257","DashboardBaseStyles.html; Index.html","3","false","10","false","High","10","repeated selector; cross-file cascade; uses !important; shared or cross-dashboard ownership"
"#tatDashboardPageV6509.cleanRemakeV6230 .remakeChartModeBarV6230 button.active","","1-3-1","Shared","2","TatRemakeAliasStyles.html:2","TatRemakeAliasStyles.html:9","TatRemakeAliasStyles.html","8","true","1207","false","High","10","repeated selector; uses !important; shared or cross-dashboard ownership; loaded after closing HTML"
"#tatDashboardPageV6509.cleanRemakeV6230 .remakeChartModeBarV6230 button[aria-pressed=""true""]","","1-3-1","Shared","2","TatRemakeAliasStyles.html:2","TatRemakeAliasStyles.html:9","TatRemakeAliasStyles.html","8","true","608","false","High","10","repeated selector; uses !important; shared or cross-dashboard ownership; loaded after closing HTML"
"#tatDashboardPageV6509.cleanRemakeV6230 .remakeCustomerTableWrapV6230","@media (max-width:1279px)","1-2-0","Shared","2","TatRemakeAliasStyles.html:881","TatRemakeAliasStyles.html:975","TatRemakeAliasStyles.html","22","true","601","false","High","10","repeated selector; uses !important; shared or cross-dashboard ownership; loaded after closing HTML"
"#tatDashboardPageV6509.cleanRemakeV6230 .remakeDepartmentTableWrapV6230","@media (max-width:1279px)","1-2-0","Shared","2","TatRemakeAliasStyles.html:881","TatRemakeAliasStyles.html:975","TatRemakeAliasStyles.html","22","true","596","false","High","10","repeated selector; uses !important; shared or cross-dashboard ownership; loaded after closing HTML"
"#tatDashboardPageV6509.cleanRemakeV6230 .remakeProductTableWrapV6230","@media (max-width:1279px)","1-2-0","Shared","2","TatRemakeAliasStyles.html:881","TatRemakeAliasStyles.html:975","TatRemakeAliasStyles.html","22","true","598","false","High","10","repeated selector; uses !important; shared or cross-dashboard ownership; loaded after closing HTML"
"#tatDashboardPageV6509.cleanRemakeV6230 .tatShellV6509","","1-2-0","TAT","2","TatRemakeAliasStyles.html:1361","Index.html:4635","TatRemakeAliasStyles.html; Index.html","6","true","595","false","High","10","repeated selector; cross-file cascade; uses !important; loaded after closing HTML"
"#tatDashboardPageV6509.cleanRemakeV6230 #remakeCeramistDetailTableV6343 tbody tr.ceramistDetailClickableV6368","","2-2-2","Shared","2","TatRemakeAliasStyles.html:65","TatRemakeAliasStyles.html:583","TatRemakeAliasStyles.html","1","true","613","false","High","10","repeated selector; uses !important; shared or cross-dashboard ownership; loaded after closing HTML"
"#tatDashboardPageV6509.cleanRemakeV6230 #remakeCeramistTableV6342 tbody tr.selectedPinnedV6311 td","","2-2-3","Shared","2","TatRemakeAliasStyles.html:351","TatRemakeAliasStyles.html:355","TatRemakeAliasStyles.html","3","true","622","false","High","10","repeated selector; uses !important; shared or cross-dashboard ownership; loaded after closing HTML"
"#tatDashboardPageV6509.cleanRemakeV6230 #remakeCeramistTableV6342 td:nth-child(1)","","2-2-1","Shared","2","TatRemakeAliasStyles.html:290","TatRemakeAliasStyles.html:1110","TatRemakeAliasStyles.html","5","true","615","false","High","10","repeated selector; uses !important; shared or cross-dashboard ownership; loaded after closing HTML"
"#tatDashboardPageV6509.cleanRemakeV6230 #remakeCeramistTableV6342 td:nth-child(2)","","2-2-1","Shared","2","TatRemakeAliasStyles.html:291","TatRemakeAliasStyles.html:1115","TatRemakeAliasStyles.html","5","true","615","false","High","10","repeated selector; uses !important; shared or cross-dashboard ownership; loaded after closing HTML"
"#tatDashboardPageV6509.cleanRemakeV6230 #remakeCeramistTableV6342 td:nth-child(3)","","2-2-1","Shared","2","TatRemakeAliasStyles.html:292","TatRemakeAliasStyles.html:1120","TatRemakeAliasStyles.html","5","true","615","false","High","10","repeated selector; uses !important; shared or cross-dashboard ownership; loaded after closing HTML"
"#tatDashboardPageV6509.cleanRemakeV6230 #remakeCeramistTableV6342 td:nth-child(4)","","2-2-1","Shared","2","TatRemakeAliasStyles.html:293","TatRemakeAliasStyles.html:1125","TatRemakeAliasStyles.html","5","true","615","false","High","10","repeated selector; uses !important; shared or cross-dashboard ownership; loaded after closing HTML"
"#tatDashboardPageV6509.cleanRemakeV6230 #remakeCeramistTableV6342 td:nth-child(5)","","2-2-1","Shared","2","TatRemakeAliasStyles.html:294","TatRemakeAliasStyles.html:1130","TatRemakeAliasStyles.html","5","true","615","false","High","10","repeated selector; uses !important; shared or cross-dashboard ownership; loaded after closing HTML"
"#tatDashboardPageV6509.cleanRemakeV6230 #remakeCeramistTableV6342 td:nth-child(6)","","2-2-1","Shared","2","TatRemakeAliasStyles.html:295","TatRemakeAliasStyles.html:1135","TatRemakeAliasStyles.html","5","true","615","false","High","10","repeated selector; uses !important; shared or cross-dashboard ownership; loaded after closing HTML"
"#tatDashboardPageV6509.cleanRemakeV6230 #remakeCeramistTableV6342 th:nth-child(1)","","2-2-1","Shared","2","TatRemakeAliasStyles.html:290","TatRemakeAliasStyles.html:1110","TatRemakeAliasStyles.html","5","true","615","false","High","10","repeated selector; uses !important; shared or cross-dashboard ownership; loaded after closing HTML"
"#tatDashboardPageV6509.cleanRemakeV6230 #remakeCeramistTableV6342 th:nth-child(2)","","2-2-1","Shared","2","TatRemakeAliasStyles.html:291","TatRemakeAliasStyles.html:1115","TatRemakeAliasStyles.html","5","true","615","false","High","10","repeated selector; uses !important; shared or cross-dashboard ownership; loaded after closing HTML"
"#tatDashboardPageV6509.cleanRemakeV6230 #remakeCeramistTableV6342 th:nth-child(3)","","2-2-1","Shared","2","TatRemakeAliasStyles.html:292","TatRemakeAliasStyles.html:1120","TatRemakeAliasStyles.html","5","true","615","false","High","10","repeated selector; uses !important; shared or cross-dashboard ownership; loaded after closing HTML"
"#tatDashboardPageV6509.cleanRemakeV6230 #remakeCeramistTableV6342 th:nth-child(4)","","2-2-1","Shared","2","TatRemakeAliasStyles.html:293","TatRemakeAliasStyles.html:1125","TatRemakeAliasStyles.html","5","true","615","false","High","10","repeated selector; uses !important; shared or cross-dashboard ownership; loaded after closing HTML"
"#tatDashboardPageV6509.cleanRemakeV6230 #remakeCeramistTableV6342 th:nth-child(5)","","2-2-1","Shared","2","TatRemakeAliasStyles.html:294","TatRemakeAliasStyles.html:1130","TatRemakeAliasStyles.html","5","true","615","false","High","10","repeated selector; uses !important; shared or cross-dashboard ownership; loaded after closing HTML"
"#tatDashboardPageV6509.cleanRemakeV6230 #remakeCeramistTableV6342 th:nth-child(6)","","2-2-1","Shared","2","TatRemakeAliasStyles.html:295","TatRemakeAliasStyles.html:1135","TatRemakeAliasStyles.html","5","true","615","false","High","10","repeated selector; uses !important; shared or cross-dashboard ownership; loaded after closing HTML"
"#tatTabFilterHostV6509:not([hidden]) #remakeTabViewsV6382","@media (min-width:1280px)","2-1-0","Shared","2","TatRemakeAliasStyles.html:615","TatRemakeAliasStyles.html:963","TatRemakeAliasStyles.html","12","true","14","false","High","10","repeated selector; uses !important; shared or cross-dashboard ownership; loaded after closing HTML"
"#tatTabFilterHostV6509.cdaIconToolbarV6527 .remakeTabResetV6337","","1-2-0","Shared","2","SharedTopParityStyles.html:313","SharedTopParityStyles.html:317","SharedTopParityStyles.html","8","true","13","false","High","10","repeated selector; uses !important; shared or cross-dashboard ownership; loaded after closing HTML"
"body.remakeCompactActiveV6382 #tatDashboardPageV6509.cleanRemakeV6230 #remakeCustomerTable:not(.compareColumnsV6301)","@media (max-width:1279px)","2-3-1","Shared","2","TatRemakeAliasStyles.html:990","TatRemakeAliasStyles.html:1007","TatRemakeAliasStyles.html","6","true","904","false","High","10","repeated selector; uses !important; shared or cross-dashboard ownership; loaded after closing HTML"
"body.remakeCompactActiveV6382 #tatDashboardPageV6509.cleanRemakeV6230 #remakeDepartmentTable:not(.compareColumnsV6301)","@media (max-width:1279px)","2-3-1","Shared","2","TatRemakeAliasStyles.html:990","TatRemakeAliasStyles.html:1001","TatRemakeAliasStyles.html","6","true","889","false","High","10","repeated selector; uses !important; shared or cross-dashboard ownership; loaded after closing HTML"
"body.remakeCompactActiveV6382 #tatDashboardPageV6509.cleanRemakeV6230 #remakeProductTable:not(.compareColumnsV6301)","@media (max-width:1279px)","2-3-1","Shared","2","TatRemakeAliasStyles.html:990","TatRemakeAliasStyles.html:1004","TatRemakeAliasStyles.html","6","true","911","false","High","10","repeated selector; uses !important; shared or cross-dashboard ownership; loaded after closing HTML"
"body.remakeCompactActiveV6382 #tatDashboardPageV6509.cleanRemakeV6230 #remakeReasonTable:not(.compareColumnsV6301)","@media (max-width:1279px)","2-3-1","Shared","2","TatRemakeAliasStyles.html:990","TatRemakeAliasStyles.html:998","TatRemakeAliasStyles.html","6","true","828","false","High","10","repeated selector; uses !important; shared or cross-dashboard ownership; loaded after closing HTML"
"#remakeTabFilterHostV6337 [data-filter-kind=""customer""]","@media(max-width:1450px)","1-1-0","Shared","1","UnifiedControlsStyles.html:179","","UnifiedControlsStyles.html","1","true","9","false","High","9","uses !important; shared or cross-dashboard ownership; loaded after closing HTML; same selector appears in multiple at-rule contexts"
"#remakeTabFilterHostV6337 [data-filter-kind=""department""]","@media(max-width:1450px)","1-1-0","Shared","1","UnifiedControlsStyles.html:180","","UnifiedControlsStyles.html","1","true","9","false","High","9","uses !important; shared or cross-dashboard ownership; loaded after closing HTML; same selector appears in multiple at-rule contexts"
"#remakeTabFilterHostV6337 [data-filter-kind=""product""]","@media(max-width:1450px)","1-1-0","Shared","1","UnifiedControlsStyles.html:178","","UnifiedControlsStyles.html","1","true","9","false","High","9","uses !important; shared or cross-dashboard ownership; loaded after closing HTML; same selector appears in multiple at-rule contexts"
"#remakeTabFilterHostV6337 [data-filter-kind=""productGroup""]","@media(max-width:1450px)","1-1-0","Shared","1","UnifiedControlsStyles.html:180","","UnifiedControlsStyles.html","1","true","9","false","High","9","uses !important; shared or cross-dashboard ownership; loaded after closing HTML; same selector appears in multiple at-rule contexts"
"#remakeTabFilterHostV6337 [data-filter-kind=""reason""]","@media(max-width:1450px)","1-1-0","Shared","1","UnifiedControlsStyles.html:180","","UnifiedControlsStyles.html","1","true","9","false","High","9","uses !important; shared or cross-dashboard ownership; loaded after closing HTML; same selector appears in multiple at-rule contexts"
"#tatDashboardPageV6509.cleanRemakeV6230 .remakeCardTitle","@media (max-width:1279px)","1-2-0","Shared","1","TatRemakeAliasStyles.html:842","","TatRemakeAliasStyles.html","4","true","618","false","High","9","uses !important; shared or cross-dashboard ownership; loaded after closing HTML; same selector appears in multiple at-rule contexts"
"#tatDashboardPageV6509.cleanRemakeV6230 .remakeDropdownHeaderV6245","","1-2-0","Shared","1","TatRemakeAliasStyles.html:1067","","TatRemakeAliasStyles.html","8","true","599","false","High","9","uses !important; shared or cross-dashboard ownership; loaded after closing HTML; same selector appears in multiple at-rule contexts"
"#tatDashboardPageV6509.cleanRemakeV6230 .remakeDropdownHeaderV6245","@media (max-width: 430px)","1-2-0","Shared","1","TatRemakeAliasStyles.html:1096","","TatRemakeAliasStyles.html","3","true","599","false","High","9","uses !important; shared or cross-dashboard ownership; loaded after closing HTML; same selector appears in multiple at-rule contexts"
"#tatDashboardPageV6509.cleanRemakeV6230 .remakeDropdownHeaderV6245 button","","1-2-1","Shared","1","TatRemakeAliasStyles.html:1077","","TatRemakeAliasStyles.html","2","true","599","false","High","9","uses !important; shared or cross-dashboard ownership; loaded after closing HTML; same selector appears in multiple at-rule contexts"
"#tatDashboardPageV6509.cleanRemakeV6230 .remakeDropdownHeaderV6245 button","@media (max-width: 430px)","1-2-1","Shared","1","TatRemakeAliasStyles.html:1101","","TatRemakeAliasStyles.html","2","true","599","false","High","9","uses !important; shared or cross-dashboard ownership; loaded after closing HTML; same selector appears in multiple at-rule contexts"
"#tatDashboardPageV6509.cleanRemakeV6230 .remakeFilterBarV6230","@media (max-width:1279px)","1-2-0","Shared","1","TatRemakeAliasStyles.html:667","","TatRemakeAliasStyles.html","1","true","606","false","High","9","uses !important; shared or cross-dashboard ownership; loaded after closing HTML; same selector appears in multiple at-rule contexts"
"#tatDashboardPageV6509.cleanRemakeV6230 .remakeFilterBarV6230","@media (min-width: 981px)","1-2-0","Shared","1","TatRemakeAliasStyles.html:20","","TatRemakeAliasStyles.html","6","true","606","false","High","9","uses !important; shared or cross-dashboard ownership; loaded after closing HTML; same selector appears in multiple at-rule contexts"
"#tatDashboardPageV6509.cleanRemakeV6230 .remakeFilterBarV6230","@media (min-width: 981px) and (max-width: 1250px)","1-2-0","Shared","1","TatRemakeAliasStyles.html:62","","TatRemakeAliasStyles.html","1","true","606","false","High","9","uses !important; shared or cross-dashboard ownership; loaded after closing HTML; same selector appears in multiple at-rule contexts"
"#tatDashboardPageV6509.cleanRemakeV6230 .remakeGlobalSearchBarV6304","@media (max-width:1279px)","1-2-0","Shared","1","TatRemakeAliasStyles.html:645","","TatRemakeAliasStyles.html","7","true","598","false","High","9","uses !important; shared or cross-dashboard ownership; loaded after closing HTML; same selector appears in multiple at-rule contexts"
"#tatDashboardPageV6509.cleanRemakeV6230 .remakeGlobalSearchBarV6304","@media (min-width: 981px)","1-2-0","Shared","1","TatRemakeAliasStyles.html:54","","TatRemakeAliasStyles.html","2","true","598","false","High","9","uses !important; shared or cross-dashboard ownership; loaded after closing HTML; same selector appears in multiple at-rule contexts"
"#tatDashboardPageV6509.cleanRemakeV6230 .remakeKpi","@media (max-width:1279px)","1-2-0","Shared","1","TatRemakeAliasStyles.html:781","","TatRemakeAliasStyles.html","7","true","690","false","High","9","uses !important; shared or cross-dashboard ownership; loaded after closing HTML; same selector appears in multiple at-rule contexts"
"#tatDashboardPageV6509.cleanRemakeV6230 .remakeKpi","@media (min-width: 1280px)","1-2-0","Shared","1","TatRemakeAliasStyles.html:1234","","TatRemakeAliasStyles.html","2","true","690","false","High","9","uses !important; shared or cross-dashboard ownership; loaded after closing HTML; same selector appears in multiple at-rule contexts"
"#tatDashboardPageV6509.cleanRemakeV6230 .remakeKpi .label","@media (max-width:1279px)","1-3-0","Shared","1","TatRemakeAliasStyles.html:791","","TatRemakeAliasStyles.html","4","true","1647","false","High","9","uses !important; shared or cross-dashboard ownership; loaded after closing HTML; same selector appears in multiple at-rule contexts"
"#tatDashboardPageV6509.cleanRemakeV6230 .remakeKpi .label","@media (min-width: 1280px)","1-3-0","Shared","1","TatRemakeAliasStyles.html:1237","","TatRemakeAliasStyles.html","1","true","1647","false","High","9","uses !important; shared or cross-dashboard ownership; loaded after closing HTML; same selector appears in multiple at-rule contexts"
"#tatDashboardPageV6509.cleanRemakeV6230 .remakeKpiAreaV6406","","1-2-0","Shared","1","TatRemakeAliasStyles.html:1245","","TatRemakeAliasStyles.html","9","true","597","false","High","9","uses !important; shared or cross-dashboard ownership; loaded after closing HTML; same selector appears in multiple at-rule contexts"
"#tatDashboardPageV6509.cleanRemakeV6230 .remakeKpiAreaV6406","@media (max-width: 760px)","1-2-0","Shared","1","TatRemakeAliasStyles.html:1309","","TatRemakeAliasStyles.html","1","true","597","false","High","9","uses !important; shared or cross-dashboard ownership; loaded after closing HTML; same selector appears in multiple at-rule contexts"
"#tatDashboardPageV6509.cleanRemakeV6230 .remakeKpiAreaV6406 .remakeKpisV6230","","1-3-0","Shared","1","TatRemakeAliasStyles.html:1304","","TatRemakeAliasStyles.html","1","true","604","false","High","9","uses !important; shared or cross-dashboard ownership; loaded after closing HTML; same selector appears in multiple at-rule contexts"
"#tatDashboardPageV6509.cleanRemakeV6230 .remakeKpiAreaV6406 .remakeKpisV6230","@media (min-width: 1280px)","1-3-0","Shared","1","TatRemakeAliasStyles.html:1306","","TatRemakeAliasStyles.html","2","true","604","false","High","9","uses !important; shared or cross-dashboard ownership; loaded after closing HTML; same selector appears in multiple at-rule contexts"
"#tatDashboardPageV6509.cleanRemakeV6230 .remakeKpisV6230","","1-2-0","Shared","1","TatRemakeAliasStyles.html:1227","","TatRemakeAliasStyles.html","2","true","601","false","High","9","uses !important; shared or cross-dashboard ownership; loaded after closing HTML; same selector appears in multiple at-rule contexts"
"#tatDashboardPageV6509.cleanRemakeV6230 .remakeKpisV6230","@media (max-width: 760px)","1-2-0","Shared","1","TatRemakeAliasStyles.html:1243","","TatRemakeAliasStyles.html","1","true","601","false","High","9","uses !important; shared or cross-dashboard ownership; loaded after closing HTML; same selector appears in multiple at-rule contexts"
"#tatDashboardPageV6509.cleanRemakeV6230 .remakeKpisV6230","@media (max-width:1279px)","1-2-0","Shared","1","TatRemakeAliasStyles.html:768","","TatRemakeAliasStyles.html","12","true","601","false","High","9","uses !important; shared or cross-dashboard ownership; loaded after closing HTML; same selector appears in multiple at-rule contexts"
"#tatDashboardPageV6509.cleanRemakeV6230 .remakeKpisV6230","@media (min-width: 1280px)","1-2-0","Shared","1","TatRemakeAliasStyles.html:1230","","TatRemakeAliasStyles.html","3","true","601","false","High","9","uses !important; shared or cross-dashboard ownership; loaded after closing HTML; same selector appears in multiple at-rule contexts"
"#tatDashboardPageV6509.cleanRemakeV6230 .remakePillsV6230:not(:empty)","@media (max-width:1279px)","1-3-0","Shared","1","TatRemakeAliasStyles.html:751","","TatRemakeAliasStyles.html","9","true","601","false","High","9","uses !important; shared or cross-dashboard ownership; loaded after closing HTML; same selector appears in multiple at-rule contexts"
"#tatDashboardPageV6509.cleanRemakeV6230 .remakePillsV6230:not(:empty)","@media (min-width: 981px)","1-3-0","Shared","1","TatRemakeAliasStyles.html:60","","TatRemakeAliasStyles.html","1","true","601","false","High","9","uses !important; shared or cross-dashboard ownership; loaded after closing HTML; same selector appears in multiple at-rule contexts"
"#tatDashboardPageV6509.cleanRemakeV6230 .remakeSectionToggleV6402","","1-2-0","Shared","1","TatRemakeAliasStyles.html:1144","","TatRemakeAliasStyles.html","15","true","595","false","High","9","uses !important; shared or cross-dashboard ownership; loaded after closing HTML; same selector appears in multiple at-rule contexts"
"#tatDashboardPageV6509.cleanRemakeV6230 .remakeSectionToggleV6402","@media (max-width: 760px)","1-2-0","Shared","1","TatRemakeAliasStyles.html:1196","","TatRemakeAliasStyles.html","4","true","595","false","High","9","uses !important; shared or cross-dashboard ownership; loaded after closing HTML; same selector appears in multiple at-rule contexts"
"#tatDashboardPageV6509.cleanRemakeV6230 .remakeShellV6230 > #remakePillsV6230.remakePillsV6230","","2-3-0","Shared","1","TatRemakeAliasStyles.html:1312","","TatRemakeAliasStyles.html","15","true","605","false","High","9","uses !important; shared or cross-dashboard ownership; loaded after closing HTML; same selector appears in multiple at-rule contexts"
"#tatDashboardPageV6509.cleanRemakeV6230 .remakeShellV6230 > #remakePillsV6230.remakePillsV6230","@media (max-width: 760px)","2-3-0","Shared","1","TatRemakeAliasStyles.html:1340","","TatRemakeAliasStyles.html","5","true","605","false","High","9","uses !important; shared or cross-dashboard ownership; loaded after closing HTML; same selector appears in multiple at-rule contexts"
"#tatDashboardPageV6509.cleanRemakeV6230 .remakeStickyTopV6245","@media (min-width: 981px)","1-2-0","Shared","1","TatRemakeAliasStyles.html:18","","TatRemakeAliasStyles.html","1","true","605","false","High","9","uses !important; shared or cross-dashboard ownership; loaded after closing HTML; same selector appears in multiple at-rule contexts"
"#tatDashboardPageV6509.cleanRemakeV6230 .remakeTable","","1-2-0","Shared","1","TatRemakeAliasStyles.html:407","","TatRemakeAliasStyles.html","2","true","710","false","High","9","uses !important; shared or cross-dashboard ownership; loaded after closing HTML; same selector appears in multiple at-rule contexts"
"#tatDashboardPageV6509.cleanRemakeV6230 .remakeTable","@media (max-width:1279px)","1-2-0","Shared","1","TatRemakeAliasStyles.html:898","","TatRemakeAliasStyles.html","4","true","710","false","High","9","uses !important; shared or cross-dashboard ownership; loaded after closing HTML; same selector appears in multiple at-rule contexts"
"#tatDashboardPageV6509.cleanRemakeV6230 .remakeTableWrap","@media(max-width:980px)","1-2-0","Shared","1","TatRemakeAliasStyles.html:400","","TatRemakeAliasStyles.html","1","true","617","false","High","9","uses !important; shared or cross-dashboard ownership; loaded after closing HTML; same selector appears in multiple at-rule contexts"
"#tatDashboardPageV6509.cleanRemakeV6230 .remakeTableWrap","@media(min-width:981px)","1-2-0","Shared","1","TatRemakeAliasStyles.html:452","","TatRemakeAliasStyles.html","1","true","617","false","High","9","uses !important; shared or cross-dashboard ownership; loaded after closing HTML; same selector appears in multiple at-rule contexts"
"#tatDashboardPageV6509.cleanRemakeV6230 .tatKpisV6509","@media(max-width:760px)","1-2-0","Shared","1","SharedTopParityStyles.html:325","","SharedTopParityStyles.html","3","true","597","false","High","9","uses !important; shared or cross-dashboard ownership; loaded after closing HTML; same selector appears in multiple at-rule contexts"
"#tatDashboardPageV6509.cleanRemakeV6230 #remakeCeramistDetailTableV6343","","2-1-0","Shared","1","TatRemakeAliasStyles.html:273","","TatRemakeAliasStyles.html","4","true","607","false","High","9","uses !important; shared or cross-dashboard ownership; loaded after closing HTML; same selector appears in multiple at-rule contexts"
"#tatDashboardPageV6509.cleanRemakeV6230 #remakeCeramistDetailTableV6343","@media (max-width:1279px)","2-1-0","Shared","1","TatRemakeAliasStyles.html:905","","TatRemakeAliasStyles.html","1","true","607","false","High","9","uses !important; shared or cross-dashboard ownership; loaded after closing HTML; same selector appears in multiple at-rule contexts"
"#tatDashboardPageV6509.cleanRemakeV6230 #remakeCeramistTableV6342","@media (max-width:1279px)","2-1-0","Shared","1","TatRemakeAliasStyles.html:903","","TatRemakeAliasStyles.html","1","true","615","false","High","9","uses !important; shared or cross-dashboard ownership; loaded after closing HTML; same selector appears in multiple at-rule contexts"
"#tatDashboardPageV6509.cleanRemakeV6230 #remakeCeramistTableV6342 tbody tr.ceramistPinnedWorkerV6361 > td","@media (max-width:760px)","2-2-3","Shared","1","TatRemakeAliasStyles.html:508","","TatRemakeAliasStyles.html","4","true","616","false","High","9","uses !important; shared or cross-dashboard ownership; loaded after closing HTML; same selector appears in multiple at-rule contexts"
"#tatDashboardPageV6509.cleanRemakeV6230 #remakeCeramistTableV6342 tbody tr.ceramistPinnedWorkerV6361 > td","@media (min-width:761px)","2-2-3","Shared","1","TatRemakeAliasStyles.html:486","","TatRemakeAliasStyles.html","5","true","616","false","High","9","uses !important; shared or cross-dashboard ownership; loaded after closing HTML; same selector appears in multiple at-rule contexts"
"#tatDashboardPageV6509.cleanRemakeV6230 #remakeCeramistTableV6342 tbody tr.ceramistSectionRowV6348","","2-2-2","Shared","1","TatRemakeAliasStyles.html:456","","TatRemakeAliasStyles.html","2","true","618","false","High","9","uses !important; shared or cross-dashboard ownership; loaded after closing HTML; same selector appears in multiple at-rule contexts"
"#tatDashboardPageV6509.cleanRemakeV6230 #remakeCeramistTableV6342 tbody tr.ceramistSectionRowV6348","@media (min-width:761px)","2-2-2","Shared","1","TatRemakeAliasStyles.html:498","","TatRemakeAliasStyles.html","6","true","618","false","High","9","uses !important; shared or cross-dashboard ownership; loaded after closing HTML; same selector appears in multiple at-rule contexts"
"#tatDashboardPageV6509.cleanRemakeV6230 #remakeCeramistTableV6342 tbody tr.ceramistSectionRowV6348 > td","","2-2-3","Shared","1","TatRemakeAliasStyles.html:460","","TatRemakeAliasStyles.html","11","true","618","false","High","9","uses !important; shared or cross-dashboard ownership; loaded after closing HTML; same selector appears in multiple at-rule contexts"
"#tatDashboardPageV6509.cleanRemakeV6230 #remakeCeramistTableV6342 tbody tr.ceramistSectionRowV6348 > td","@media (min-width:761px)","2-2-3","Shared","1","TatRemakeAliasStyles.html:498","","TatRemakeAliasStyles.html","6","true","618","false","High","9","uses !important; shared or cross-dashboard ownership; loaded after closing HTML; same selector appears in multiple at-rule contexts"
"#tatDashboardPageV6509.cleanRemakeV6230 #remakeCeramistTableV6342 thead th","","2-1-2","Shared","1","TatRemakeAliasStyles.html:1140","","TatRemakeAliasStyles.html","2","true","615","false","High","9","uses !important; shared or cross-dashboard ownership; loaded after closing HTML; same selector appears in multiple at-rule contexts"
"#tatDashboardPageV6509.cleanRemakeV6230 #remakeCeramistTableV6342 thead th","@media (min-width:761px)","2-1-2","Shared","1","TatRemakeAliasStyles.html:479","","TatRemakeAliasStyles.html","4","true","615","false","High","9","uses !important; shared or cross-dashboard ownership; loaded after closing HTML; same selector appears in multiple at-rule contexts"
"#tatTabFilterHostV6509","@media(max-width:1279px)","1-0-0","Shared","1","UnifiedControlsStyles.html:183","","UnifiedControlsStyles.html","1","true","7","false","High","9","uses !important; shared or cross-dashboard ownership; loaded after closing HTML; same selector appears in multiple at-rule contexts"
"#tatTabFilterHostV6509 .remakeDropdownHeaderV6245","@media (max-width: 430px)","1-1-0","Shared","1","TatRemakeAliasStyles.html:1096","","TatRemakeAliasStyles.html","3","true","12","false","High","9","uses !important; shared or cross-dashboard ownership; loaded after closing HTML; same selector appears in multiple at-rule contexts"
"#tatTabFilterHostV6509 .remakeDropdownHeaderV6245 button","@media (max-width: 430px)","1-1-1","Shared","1","TatRemakeAliasStyles.html:1101","","TatRemakeAliasStyles.html","2","true","12","false","High","9","uses !important; shared or cross-dashboard ownership; loaded after closing HTML; same selector appears in multiple at-rule contexts"
"#tatTabFilterHostV6509 [data-filter-kind=""customer""]","@media(max-width:1450px)","1-1-0","Shared","1","UnifiedControlsStyles.html:179","","UnifiedControlsStyles.html","1","true","7","false","High","9","uses !important; shared or cross-dashboard ownership; loaded after closing HTML; same selector appears in multiple at-rule contexts"
"#tatTabFilterHostV6509 [data-filter-kind=""department""]","@media(max-width:1450px)","1-1-0","Shared","1","UnifiedControlsStyles.html:180","","UnifiedControlsStyles.html","1","true","7","false","High","9","uses !important; shared or cross-dashboard ownership; loaded after closing HTML; same selector appears in multiple at-rule contexts"
"#tatTabFilterHostV6509 [data-filter-kind=""product""]","@media(max-width:1450px)","1-1-0","Shared","1","UnifiedControlsStyles.html:178","","UnifiedControlsStyles.html","1","true","7","false","High","9","uses !important; shared or cross-dashboard ownership; loaded after closing HTML; same selector appears in multiple at-rule contexts"
"#tatTabFilterHostV6509 [data-filter-kind=""productGroup""]","@media(max-width:1450px)","1-1-0","Shared","1","UnifiedControlsStyles.html:180","","UnifiedControlsStyles.html","1","true","7","false","High","9","uses !important; shared or cross-dashboard ownership; loaded after closing HTML; same selector appears in multiple at-rule contexts"
"#tatTabFilterHostV6509 [data-filter-kind=""reason""]","@media(max-width:1450px)","1-1-0","Shared","1","UnifiedControlsStyles.html:180","","UnifiedControlsStyles.html","1","true","7","false","High","9","uses !important; shared or cross-dashboard ownership; loaded after closing HTML; same selector appears in multiple at-rule contexts"
"body.remakeCompactFiltersOpenV6382 #tatDashboardPageV6509.cleanRemakeV6230 .remakeFilterBarV6230","@media (max-width:1279px)","1-3-1","Shared","1","TatRemakeAliasStyles.html:669","","TatRemakeAliasStyles.html","20","true","608","false","High","9","uses !important; shared or cross-dashboard ownership; loaded after closing HTML; same selector appears in multiple at-rule contexts"
"body.remakeCompactFiltersOpenV6382 #tatDashboardPageV6509.cleanRemakeV6230 .remakeFilterBarV6230","@media (max-width:600px)","1-3-1","Shared","1","TatRemakeAliasStyles.html:947","","TatRemakeAliasStyles.html","1","true","608","false","High","9","uses !important; shared or cross-dashboard ownership; loaded after closing HTML; same selector appears in multiple at-rule contexts"
".card","","0-1-0","Shared","14","DashboardBaseStyles.html:283","DashboardBaseStyles.html:562; DashboardBaseStyles.html:668; DashboardBaseStyles.html:894; DashboardBaseStyles.html:946; DashboardBaseStyles.html:1033; DashboardBaseStyles.html:1128; DashboardBaseStyles.html:1257; DashboardBaseStyles.html:1398; DashboardBaseStyles.html:1511; DashboardBaseStyles.html:1605; DashboardBaseStyles.html:1706; DashboardBaseStyles.html:2414; DashboardBaseStyles.html:3222","DashboardBaseStyles.html","23","false","276","false","High","8","repeated selector; uses !important; shared or cross-dashboard ownership; same selector appears in multiple at-rule contexts"
".kpiMini","","0-1-0","Shared","12","DashboardBaseStyles.html:128","DashboardBaseStyles.html:562; DashboardBaseStyles.html:679; DashboardBaseStyles.html:857; DashboardBaseStyles.html:1022; DashboardBaseStyles.html:1118; DashboardBaseStyles.html:1257; DashboardBaseStyles.html:1300; DashboardBaseStyles.html:1511; DashboardBaseStyles.html:1536; DashboardBaseStyles.html:1706; DashboardBaseStyles.html:1731","DashboardBaseStyles.html","20","false","5","false","High","8","repeated selector; uses !important; shared or cross-dashboard ownership; same selector appears in multiple at-rule contexts"
".resetBtn","","0-1-0","Shared","12","DashboardBaseStyles.html:97","DashboardBaseStyles.html:116; DashboardBaseStyles.html:562; DashboardBaseStyles.html:894; DashboardBaseStyles.html:1128; DashboardBaseStyles.html:1257; DashboardBaseStyles.html:1274; DashboardBaseStyles.html:1291; DashboardBaseStyles.html:1511; DashboardBaseStyles.html:1522; DashboardBaseStyles.html:1706; DashboardBaseStyles.html:1717","DashboardBaseStyles.html","32","false","14","false","High","8","repeated selector; uses !important; shared or cross-dashboard ownership; same selector appears in multiple at-rule contexts"
".chip","","0-1-0","Shared","9","DashboardBaseStyles.html:169","DashboardBaseStyles.html:689; DashboardBaseStyles.html:793; DashboardBaseStyles.html:962; DashboardBaseStyles.html:1058; DashboardBaseStyles.html:1163; DashboardBaseStyles.html:1337; DashboardBaseStyles.html:1557; DashboardBaseStyles.html:1756","DashboardBaseStyles.html","22","false","61","false","High","8","repeated selector; uses !important; shared or cross-dashboard ownership; same selector appears in multiple at-rule contexts"
".filterCard","","0-1-0","Shared","9","DashboardBaseStyles.html:562","DashboardBaseStyles.html:583; DashboardBaseStyles.html:894; DashboardBaseStyles.html:1078; DashboardBaseStyles.html:1128; DashboardBaseStyles.html:1257; DashboardBaseStyles.html:1353; DashboardBaseStyles.html:1511; DashboardBaseStyles.html:1706","DashboardBaseStyles.html","17","false","19","false","High","8","repeated selector; uses !important; shared or cross-dashboard ownership; same selector appears in multiple at-rule contexts"
".areaCustomerTable","","0-1-0","Shared","8","DashboardBaseStyles.html:295","DashboardBaseStyles.html:1039; DashboardBaseStyles.html:1137; DashboardBaseStyles.html:1404; DashboardBaseStyles.html:1611; DashboardBaseStyles.html:1808; DashboardBaseStyles.html:2414; DashboardBaseStyles.html:2421","DashboardBaseStyles.html","8","false","5","false","High","8","repeated selector; uses !important; shared or cross-dashboard ownership; same selector appears in multiple at-rule contexts"
".areaProductTable","","0-1-0","Shared","8","DashboardBaseStyles.html:299","DashboardBaseStyles.html:1039; DashboardBaseStyles.html:1137; DashboardBaseStyles.html:1404; DashboardBaseStyles.html:1611; DashboardBaseStyles.html:1808; DashboardBaseStyles.html:2414; DashboardBaseStyles.html:2421","DashboardBaseStyles.html","8","false","15","false","High","8","repeated selector; uses !important; shared or cross-dashboard ownership; same selector appears in multiple at-rule contexts"
".areaRevenue","","0-1-0","Shared","8","DashboardBaseStyles.html:293","DashboardBaseStyles.html:927; DashboardBaseStyles.html:1039; DashboardBaseStyles.html:1137; DashboardBaseStyles.html:1404; DashboardBaseStyles.html:1611; DashboardBaseStyles.html:1808; DashboardBaseStyles.html:1860","DashboardBaseStyles.html","10","false","6","false","High","8","repeated selector; uses !important; shared or cross-dashboard ownership; same selector appears in multiple at-rule contexts"
".dashboardShell","","0-1-0","Shared","8","DashboardBaseStyles.html:71","DashboardBaseStyles.html:538; DashboardBaseStyles.html:824; DashboardBaseStyles.html:1011; DashboardBaseStyles.html:1111; DashboardBaseStyles.html:1243; DashboardBaseStyles.html:1504; DashboardBaseStyles.html:1699","DashboardBaseStyles.html","18","false","5","false","High","8","repeated selector; uses !important; shared or cross-dashboard ownership; same selector appears in multiple at-rule contexts"
".segGroup","","0-1-0","Shared","8","DashboardBaseStyles.html:87","DashboardBaseStyles.html:562; DashboardBaseStyles.html:894; DashboardBaseStyles.html:1128; DashboardBaseStyles.html:1257; DashboardBaseStyles.html:1268; DashboardBaseStyles.html:1511; DashboardBaseStyles.html:1706","DashboardBaseStyles.html","18","false","2","false","High","8","repeated selector; uses !important; shared or cross-dashboard ownership; same selector appears in multiple at-rule contexts"
".areaAvg","","0-1-0","Shared","6","DashboardBaseStyles.html:298","DashboardBaseStyles.html:1039; DashboardBaseStyles.html:1137; DashboardBaseStyles.html:1404; DashboardBaseStyles.html:1611; DashboardBaseStyles.html:1808","DashboardBaseStyles.html","4","false","4","false","High","8","repeated selector; uses !important; shared or cross-dashboard ownership; same selector appears in multiple at-rule contexts"
".areaCustomers","","0-1-0","Shared","6","DashboardBaseStyles.html:294","DashboardBaseStyles.html:1039; DashboardBaseStyles.html:1137; DashboardBaseStyles.html:1404; DashboardBaseStyles.html:1611; DashboardBaseStyles.html:1808","DashboardBaseStyles.html","4","false","4","false","High","8","repeated selector; uses !important; shared or cross-dashboard ownership; same selector appears in multiple at-rule contexts"
".areaRpac","","0-1-0","Shared","6","DashboardBaseStyles.html:297","DashboardBaseStyles.html:1039; DashboardBaseStyles.html:1137; DashboardBaseStyles.html:1404; DashboardBaseStyles.html:1611; DashboardBaseStyles.html:1808","DashboardBaseStyles.html","4","false","4","false","High","8","repeated selector; uses !important; shared or cross-dashboard ownership; same selector appears in multiple at-rule contexts"
".areaUnits","","0-1-0","Shared","6","DashboardBaseStyles.html:296","DashboardBaseStyles.html:1039; DashboardBaseStyles.html:1137; DashboardBaseStyles.html:1404; DashboardBaseStyles.html:1611; DashboardBaseStyles.html:1808","DashboardBaseStyles.html","4","false","4","false","High","8","repeated selector; uses !important; shared or cross-dashboard ownership; same selector appears in multiple at-rule contexts"
".dropdownPanel","","0-1-0","Shared","6","DashboardBaseStyles.html:732","DashboardBaseStyles.html:988; DashboardBaseStyles.html:1380; DashboardBaseStyles.html:1579; DashboardBaseStyles.html:1782; DashboardBaseStyles.html:2331","DashboardBaseStyles.html","9","false","33","false","High","8","repeated selector; uses !important; shared or cross-dashboard ownership; same selector appears in multiple at-rule contexts"
".kpiMini .value","","0-2-0","Shared","6","DashboardBaseStyles.html:145","DashboardBaseStyles.html:685; DashboardBaseStyles.html:876; DashboardBaseStyles.html:1318; DashboardBaseStyles.html:1544; DashboardBaseStyles.html:1743","DashboardBaseStyles.html","7","false","1616","false","High","8","repeated selector; uses !important; shared or cross-dashboard ownership; same selector appears in multiple at-rule contexts"
".tabs","","0-1-0","Shared","6","DashboardBaseStyles.html:35","DashboardBaseStyles.html:546; DashboardBaseStyles.html:832; DashboardBaseStyles.html:1215; DashboardBaseStyles.html:1487; DashboardBaseStyles.html:1680","DashboardBaseStyles.html","11","false","43","false","High","8","repeated selector; uses !important; shared or cross-dashboard ownership; same selector appears in multiple at-rule contexts"
".areaProductTable .tableScroll","","0-2-0","Shared","5","DashboardBaseStyles.html:357","DashboardBaseStyles.html:664; DashboardBaseStyles.html:942; DashboardBaseStyles.html:2397; DashboardBaseStyles.html:2433","DashboardBaseStyles.html","10","false","23","false","High","8","repeated selector; uses !important; shared or cross-dashboard ownership; same selector appears in multiple at-rule contexts"
".dropdownPanelHeader","","0-1-0","Shared","5","DashboardBaseStyles.html:751","DashboardBaseStyles.html:1585; DashboardBaseStyles.html:1788; DashboardBaseStyles.html:2335; DashboardBaseStyles.html:3255","DashboardBaseStyles.html","10","false","8","false","High","8","repeated selector; uses !important; shared or cross-dashboard ownership; same selector appears in multiple at-rule contexts"
".dropdownPanelHeader button","","0-1-1","Shared","5","DashboardBaseStyles.html:759","DashboardBaseStyles.html:1386; DashboardBaseStyles.html:1590; DashboardBaseStyles.html:1793; DashboardBaseStyles.html:3264","DashboardBaseStyles.html","25","false","8","false","High","8","repeated selector; uses !important; shared or cross-dashboard ownership; same selector appears in multiple at-rule contexts"
".grid","","0-1-0","Shared","5","DashboardBaseStyles.html:191","DashboardBaseStyles.html:640; DashboardBaseStyles.html:908; DashboardBaseStyles.html:1394; DashboardBaseStyles.html:2414","DashboardBaseStyles.html","2","false","177","false","High","8","repeated selector; uses !important; shared or cross-dashboard ownership; same selector appears in multiple at-rule contexts"
".tableScroll","","0-1-0","Shared","5","DashboardBaseStyles.html:351","DashboardBaseStyles.html:660; DashboardBaseStyles.html:938; DashboardBaseStyles.html:2351; DashboardBaseStyles.html:2391","DashboardBaseStyles.html","2","false","8","false","High","8","repeated selector; uses !important; shared or cross-dashboard ownership; same selector appears in multiple at-rule contexts"
".topBar.executiveTop","","0-2-0","Shared","5","DashboardBaseStyles.html:555","DashboardBaseStyles.html:847; DashboardBaseStyles.html:1252; DashboardBaseStyles.html:2815; DashboardBaseStyles.html:2952","DashboardBaseStyles.html","8","false","257","false","High","8","repeated selector; uses !important; shared or cross-dashboard ownership; same selector appears in multiple at-rule contexts"
".segBtn","","0-1-0","Shared","4","DashboardBaseStyles.html:97","DashboardBaseStyles.html:1274; DashboardBaseStyles.html:1522; DashboardBaseStyles.html:1717","DashboardBaseStyles.html","15","false","4","false","High","8","repeated selector; uses !important; shared or cross-dashboard ownership; same selector appears in multiple at-rule contexts"
".tabBtn","","0-1-0","Shared","4","DashboardBaseStyles.html:45","DashboardBaseStyles.html:1223; DashboardBaseStyles.html:1493; DashboardBaseStyles.html:1686","DashboardBaseStyles.html","13","false","13","false","High","8","repeated selector; uses !important; shared or cross-dashboard ownership; same selector appears in multiple at-rule contexts"
".areaCustomerTable","@media (max-width: 1250px)","0-1-0","Shared","3","DashboardBaseStyles.html:2525","DashboardBaseStyles.html:2533; DashboardBaseStyles.html:2799","DashboardBaseStyles.html","7","false","5","false","High","8","repeated selector; uses !important; shared or cross-dashboard ownership; same selector appears in multiple at-rule contexts"
".areaProductTable","@media (max-width: 1250px)","0-1-0","Shared","3","DashboardBaseStyles.html:2525","DashboardBaseStyles.html:2538; DashboardBaseStyles.html:2800","DashboardBaseStyles.html","7","false","15","false","High","8","repeated selector; uses !important; shared or cross-dashboard ownership; same selector appears in multiple at-rule contexts"
".areaRevenue .chartBox","","0-2-0","Shared","3","DashboardBaseStyles.html:923","DashboardBaseStyles.html:1049; DashboardBaseStyles.html:1873","DashboardBaseStyles.html","2","false","17","false","High","8","repeated selector; uses !important; shared or cross-dashboard ownership; same selector appears in multiple at-rule contexts"
".chipRow","","0-1-0","Shared","3","DashboardBaseStyles.html:160","DashboardBaseStyles.html:789; DashboardBaseStyles.html:1332","DashboardBaseStyles.html","2","false","13","false","High","8","repeated selector; uses !important; shared or cross-dashboard ownership; same selector appears in multiple at-rule contexts"
".controlButtonStrip","","0-1-0","Shared","3","DashboardBaseStyles.html:2864","DashboardBaseStyles.html:3028; DashboardBaseStyles.html:3132","DashboardBaseStyles.html","2","false","1","false","High","8","repeated selector; uses !important; shared or cross-dashboard ownership; same selector appears in multiple at-rule contexts"
".controlFilterRow","","0-1-0","Shared","3","DashboardBaseStyles.html:2855","DashboardBaseStyles.html:3022; DashboardBaseStyles.html:3125","DashboardBaseStyles.html","7","false","18","false","High","8","repeated selector; uses !important; shared or cross-dashboard ownership; same selector appears in multiple at-rule contexts"
".filterDeck.dropdownDeck","","0-2-0","Shared","3","DashboardBaseStyles.html:697","DashboardBaseStyles.html:888; DashboardBaseStyles.html:1348","DashboardBaseStyles.html","2","false","2","false","High","8","repeated selector; uses !important; shared or cross-dashboard ownership; same selector appears in multiple at-rule contexts"
".kpiMini .label","","0-2-0","Shared","3","DashboardBaseStyles.html:136","DashboardBaseStyles.html:1310; DashboardBaseStyles.html:1739","DashboardBaseStyles.html","6","false","962","false","High","8","repeated selector; uses !important; shared or cross-dashboard ownership; same selector appears in multiple at-rule contexts"
".kpiStrip","","0-1-0","Shared","3","DashboardBaseStyles.html:122","DashboardBaseStyles.html:853; DashboardBaseStyles.html:1296","DashboardBaseStyles.html","1","false","26","false","High","8","repeated selector; uses !important; shared or cross-dashboard ownership; same selector appears in multiple at-rule contexts"
".topBar.executiveTop .comparisonKpi","","0-3-0","Shared","3","DashboardBaseStyles.html:2830","DashboardBaseStyles.html:2961; DashboardBaseStyles.html:3121","DashboardBaseStyles.html","13","false","306","false","High","8","repeated selector; uses !important; shared or cross-dashboard ownership; same selector appears in multiple at-rule contexts"
".areaCustomerTable","@media (max-width: 900px)","0-1-0","Shared","2","DashboardBaseStyles.html:2556","DashboardBaseStyles.html:2809","DashboardBaseStyles.html","3","false","5","false","High","8","repeated selector; uses !important; shared or cross-dashboard ownership; same selector appears in multiple at-rule contexts"
".areaCustomerTable .tableScroll","","0-2-0","Shared","2","DashboardBaseStyles.html:2397","DashboardBaseStyles.html:2433","DashboardBaseStyles.html","10","false","13","false","High","8","repeated selector; uses !important; shared or cross-dashboard ownership; same selector appears in multiple at-rule contexts"
".areaProductTable","@media (max-width: 900px)","0-1-0","Shared","2","DashboardBaseStyles.html:2561","DashboardBaseStyles.html:2810","DashboardBaseStyles.html","3","false","15","false","High","8","repeated selector; uses !important; shared or cross-dashboard ownership; same selector appears in multiple at-rule contexts"
".areaRevenue","@media (max-width: 900px)","0-1-0","Shared","2","DashboardBaseStyles.html:2263","DashboardBaseStyles.html:2804","DashboardBaseStyles.html","3","false","6","false","High","8","repeated selector; uses !important; shared or cross-dashboard ownership; same selector appears in multiple at-rule contexts"
".areaRevenue .chartBox","@media (max-width: 900px)","0-2-0","Shared","2","DashboardBaseStyles.html:2268","DashboardBaseStyles.html:3236","DashboardBaseStyles.html","2","false","17","false","High","8","repeated selector; uses !important; shared or cross-dashboard ownership; same selector appears in multiple at-rule contexts"
".areaUnits .chartBox","@media (max-width: 900px)","0-2-0","Shared","2","DashboardBaseStyles.html:2272","DashboardBaseStyles.html:3240","DashboardBaseStyles.html","2","false","15","false","High","8","repeated selector; uses !important; shared or cross-dashboard ownership; same selector appears in multiple at-rule contexts"
".chartBox","@media (max-width: 900px)","0-1-0","Shared","2","DashboardBaseStyles.html:2272","DashboardBaseStyles.html:3240","DashboardBaseStyles.html","2","false","11","false","High","8","repeated selector; uses !important; shared or cross-dashboard ownership; same selector appears in multiple at-rule contexts"
".controlButtonStrip","@media (max-width: 900px)","0-1-0","Shared","2","DashboardBaseStyles.html:2938","DashboardBaseStyles.html:3153","DashboardBaseStyles.html","4","false","1","false","High","8","repeated selector; uses !important; shared or cross-dashboard ownership; same selector appears in multiple at-rule contexts"
".controlFilterRow","@media (max-width: 900px)","0-1-0","Shared","2","DashboardBaseStyles.html:2934","DashboardBaseStyles.html:3149","DashboardBaseStyles.html","2","false","18","false","High","8","repeated selector; uses !important; shared or cross-dashboard ownership; same selector appears in multiple at-rule contexts"
".controlFilterRow .chipRow","","0-2-0","Shared","2","DashboardBaseStyles.html:2887","DashboardBaseStyles.html:3136","DashboardBaseStyles.html","11","false","31","false","High","8","repeated selector; uses !important; shared or cross-dashboard ownership; same selector appears in multiple at-rule contexts"
".controlFilterRow .chipRow","@media (max-width: 900px)","0-2-0","Shared","2","DashboardBaseStyles.html:2944","DashboardBaseStyles.html:3153","DashboardBaseStyles.html","4","false","31","false","High","8","repeated selector; uses !important; shared or cross-dashboard ownership; same selector appears in multiple at-rule contexts"
".controlFilterRow .chipRow::before","","0-2-1","Shared","2","DashboardBaseStyles.html:3065","DashboardBaseStyles.html:3144","DashboardBaseStyles.html","1","false","31","false","High","8","repeated selector; uses !important; shared or cross-dashboard ownership; same selector appears in multiple at-rule contexts"
".tatSettingsBodyV6509","","0-1-0","Shared","2","UnifiedControlsStyles.html:100","UnifiedControlsStyles.html:102","UnifiedControlsStyles.html","0","true","1","false","High","8","repeated selector; shared or cross-dashboard ownership; loaded after closing HTML"
".topBar.executiveTop .comparisonKpi .value","","0-4-0","Shared","2","DashboardBaseStyles.html:2843","DashboardBaseStyles.html:2992","DashboardBaseStyles.html","9","false","1917","false","High","8","repeated selector; uses !important; shared or cross-dashboard ownership; same selector appears in multiple at-rule contexts"
".topBar.executiveTop .comparisonKpi .value","@media (max-width: 1180px)","0-4-0","Shared","2","DashboardBaseStyles.html:2920","DashboardBaseStyles.html:3097","DashboardBaseStyles.html","2","false","1917","false","High","8","repeated selector; uses !important; shared or cross-dashboard ownership; same selector appears in multiple at-rule contexts"
".topBar.executiveTop .comparisonKpis","","0-3-0","Shared","2","DashboardBaseStyles.html:2823","DashboardBaseStyles.html:2956","DashboardBaseStyles.html","6","false","282","false","High","8","repeated selector; uses !important; shared or cross-dashboard ownership; same selector appears in multiple at-rule contexts"
".topBar.executiveTop .comparisonKpis","@media (max-width: 1180px)","0-3-0","Shared","2","DashboardBaseStyles.html:2916","DashboardBaseStyles.html:3094","DashboardBaseStyles.html","2","false","282","false","High","8","repeated selector; uses !important; shared or cross-dashboard ownership; same selector appears in multiple at-rule contexts"
".topBar.executiveTop .comparisonKpis","@media (max-width: 900px)","0-3-0","Shared","2","DashboardBaseStyles.html:2930","DashboardBaseStyles.html:3103","DashboardBaseStyles.html","2","false","282","false","High","8","repeated selector; uses !important; shared or cross-dashboard ownership; same selector appears in multiple at-rule contexts"
".topBar.executiveTop .kpiSub","","0-3-0","Shared","2","DashboardBaseStyles.html:2849","DashboardBaseStyles.html:3001","DashboardBaseStyles.html","11","false","267","false","High","8","repeated selector; uses !important; shared or cross-dashboard ownership; same selector appears in multiple at-rule contexts"
"#remakeFactorPage.cleanRemakeV6230 .ceramistPreviewTableWrapV6342","@media (max-width:1279px)","1-2-0","Remake","2","RemakeResponsiveStyles.html:734","Index.html:2878","RemakeResponsiveStyles.html; Index.html","22","false","1320","false","High","8","repeated selector; cross-file cascade; uses !important; same selector appears in multiple at-rule contexts"
"#remakeFactorPage.cleanRemakeV6230 .remakeTableWrap","@media (max-width:1279px)","1-2-0","Remake","2","RemakeResponsiveStyles.html:734","Index.html:2878","RemakeResponsiveStyles.html; Index.html","22","false","1336","false","High","8","repeated selector; cross-file cascade; uses !important; same selector appears in multiple at-rule contexts"
"#remakeTabFilterHostV6337","@media (max-width:1279px)","1-0-0","Remake","2","Index.html:1702","RemakeResponsiveStyles.html:396","Index.html; RemakeResponsiveStyles.html","2","false","9","false","High","8","repeated selector; cross-file cascade; uses !important; same selector appears in multiple at-rule contexts"
"#tatDashboardPageV6509.cleanRemakeV6230 .ceramistPanelV6343.detailOpenV6368 .ceramistPreviewTableWrapV6342","","1-4-0","TAT","2","TatRemakeAliasStyles.html:605","TatRemakeAliasStyles.html:614","TatRemakeAliasStyles.html","2","true","663","false","High","8","repeated selector; uses !important; loaded after closing HTML; same selector appears in multiple at-rule contexts"
"#tatDashboardPageV6509.cleanRemakeV6230 .ceramistPreviewTableWrapV6342","@media (max-width:1279px)","1-2-0","TAT","2","TatRemakeAliasStyles.html:881","TatRemakeAliasStyles.html:975","TatRemakeAliasStyles.html","22","true","601","false","High","8","repeated selector; uses !important; loaded after closing HTML; same selector appears in multiple at-rule contexts"
"#tatDashboardPageV6509.cleanRemakeV6230 .ceramistPreviewTableWrapV6342","@media(min-width:981px)","1-2-0","TAT","2","TatRemakeAliasStyles.html:357","TatRemakeAliasStyles.html:452","TatRemakeAliasStyles.html","2","true","601","false","High","8","repeated selector; uses !important; loaded after closing HTML; same selector appears in multiple at-rule contexts"
"#tatTabFilterHostV6509","@media (max-width:1279px)","1-0-0","TAT","2","TatRemakeAliasStyles.html:262","TatRemakeAliasStyles.html:617","TatRemakeAliasStyles.html","2","true","7","false","High","8","repeated selector; uses !important; loaded after closing HTML; same selector appears in multiple at-rule contexts"
"body.remakeCompactActiveV6382 #remakeCompactToolbarV6382","@media (max-width:1279px)","1-1-1","Remake","2","RemakeResponsiveStyles.html:290","Index.html:2817","RemakeResponsiveStyles.html; Index.html","35","false","5","false","High","8","repeated selector; cross-file cascade; uses !important; same selector appears in multiple at-rule contexts"
".managerTabs.cdaTatActiveV6509","","0-2-0","Shared","1","UnifiedControlsStyles.html:18","","UnifiedControlsStyles.html","4","true","22","false","High","8","uses !important; shared or cross-dashboard ownership; loaded after closing HTML"
".managerTabs.cdaTatActiveV6509 #remakeTabFilterHostV6337","","1-2-0","Shared","1","UnifiedControlsStyles.html:19","","UnifiedControlsStyles.html","1","true","31","false","High","8","uses !important; shared or cross-dashboard ownership; loaded after closing HTML"
".tatCardV6509.collapsed .tatCollapsibleBodyV6509","","0-3-0","Shared","1","UnifiedControlsStyles.html:155","","UnifiedControlsStyles.html","1","true","47","false","High","8","uses !important; shared or cross-dashboard ownership; loaded after closing HTML"
".tatChartV6509 canvas","","0-1-1","Shared","1","UnifiedControlsStyles.html:158","","UnifiedControlsStyles.html","2","true","2","false","High","8","uses !important; shared or cross-dashboard ownership; loaded after closing HTML"
".tatEmptyV6509","","0-1-0","Shared","1","UnifiedControlsStyles.html:175","","UnifiedControlsStyles.html","5","true","6","false","High","8","uses !important; shared or cross-dashboard ownership; loaded after closing HTML"
"#remakeFactorPage.cleanRemakeV6230 #remakeCustomerCardV6230 .remakeCustomerChartBoxV6230","","2-2-0","Shared","1","UnifiedControlsStyles.html:109","","UnifiedControlsStyles.html","1","true","1329","false","High","8","uses !important; shared or cross-dashboard ownership; loaded after closing HTML"
"#remakeFactorPage.cleanRemakeV6230 #remakeCustomerCardV6230 .remakeCustomerDetailPanelV6503","","2-2-0","Shared","1","UnifiedControlsStyles.html:108","","UnifiedControlsStyles.html","1","true","1325","false","High","8","uses !important; shared or cross-dashboard ownership; loaded after closing HTML"
"#remakeFactorPage.cleanRemakeV6230 #remakeCustomerCardV6230 .remakeCustomerSplitV6230","","2-2-0","Shared","1","UnifiedControlsStyles.html:107","","UnifiedControlsStyles.html","5","true","1329","false","High","8","uses !important; shared or cross-dashboard ownership; loaded after closing HTML"
"#remakeFactorPage.cleanRemakeV6230 #remakeCustomerCardV6230 .remakeCustomerTableWrapV6230","","2-2-0","Shared","1","UnifiedControlsStyles.html:118","","UnifiedControlsStyles.html","4","true","1331","false","High","8","uses !important; shared or cross-dashboard ownership; loaded after closing HTML"
"#remakeFactorPage.cleanRemakeV6230 #remakeCustomerCardV6230 #remakeCustomerDetailEmptyV6503","","3-1-0","Shared","1","UnifiedControlsStyles.html:109","","UnifiedControlsStyles.html","1","true","1326","false","High","8","uses !important; shared or cross-dashboard ownership; loaded after closing HTML"
"#remakeFactorPage.cleanRemakeV6230 #remakeCustomerCardV6230.cdaCollapsedV6509 .remakeCardHeader","","2-3-0","Shared","1","UnifiedControlsStyles.html:113","","UnifiedControlsStyles.html","1","true","1351","false","High","8","uses !important; shared or cross-dashboard ownership; loaded after closing HTML"
"#remakeFactorPage.cleanRemakeV6230 #remakeCustomerCardV6230.cdaCollapsedV6509 .remakeCustomerSplitV6230","","2-3-0","Shared","1","UnifiedControlsStyles.html:111","","UnifiedControlsStyles.html","1","true","1329","false","High","8","uses !important; shared or cross-dashboard ownership; loaded after closing HTML"
"#remakeFactorPage.cleanRemakeV6230 #remakeCustomerCardV6230.remakeSectionCollapsedV6402 .remakeCardHeader","","2-3-0","Shared","1","UnifiedControlsStyles.html:113","","UnifiedControlsStyles.html","1","true","1352","false","High","8","uses !important; shared or cross-dashboard ownership; loaded after closing HTML"
"#remakeFactorPage.cleanRemakeV6230 #remakeCustomerCardV6230.remakeSectionCollapsedV6402 .remakeCustomerSplitV6230","","2-3-0","Shared","1","UnifiedControlsStyles.html:111","","UnifiedControlsStyles.html","1","true","1330","false","High","8","uses !important; shared or cross-dashboard ownership; loaded after closing HTML"
"#remakeFactorPage.cleanRemakeV6230 #remakeCustomerResponsibilitySummaryV6502","","2-1-0","Shared","1","UnifiedControlsStyles.html:115","","UnifiedControlsStyles.html","13","true","1316","false","High","8","uses !important; shared or cross-dashboard ownership; loaded after closing HTML"
"#remakeFactorPage.cleanRemakeV6230 #remakeCustomerResponsibilitySummaryV6502:has(.remakeResponsibilityEmptyV6504)","","2-2-0","Shared","1","UnifiedControlsStyles.html:116","","UnifiedControlsStyles.html","1","true","1318","false","High","8","uses !important; shared or cross-dashboard ownership; loaded after closing HTML"
"#remakeFactorPage.cleanRemakeV6230 #remakeCustomerResponsibilitySummaryV6502:has(.remakeResponsibilityMultipleV6504)","","2-2-0","Shared","1","UnifiedControlsStyles.html:116","","UnifiedControlsStyles.html","1","true","1317","false","High","8","uses !important; shared or cross-dashboard ownership; loaded after closing HTML"
"#remakeTabFilterHostV6337 .remakeDropdownButtonV6245","","1-1-0","Shared","1","SharedTopParityStyles.html:75","","SharedTopParityStyles.html","20","true","21","false","High","8","uses !important; shared or cross-dashboard ownership; loaded after closing HTML"
"#remakeTabFilterHostV6337 .remakeVisibleToggleV6502","","1-1-0","Shared","1","SharedTopParityStyles.html:152","","SharedTopParityStyles.html","15","true","13","false","High","8","uses !important; shared or cross-dashboard ownership; loaded after closing HTML"
"#remakeTabFilterHostV6337 .remakeVisibleToggleV6502 input","","1-1-1","Shared","1","SharedTopParityStyles.html:170","","SharedTopParityStyles.html","5","true","13","false","High","8","uses !important; shared or cross-dashboard ownership; loaded after closing HTML"
"#remakeTabFilterHostV6337.cdaIconToolbarV6527 .remakeCacheActionBarV6338 .remakeButton","","1-3-0","Shared","1","SharedTopParityStyles.html:313","","SharedTopParityStyles.html","5","true","45","false","High","8","uses !important; shared or cross-dashboard ownership; loaded after closing HTML"
"#remakeTabFilterHostV6337.cdaIconToolbarV6527 .remakeCacheActionLabelV6338","","1-2-0","Shared","1","SharedTopParityStyles.html:321","","SharedTopParityStyles.html","1","true","15","false","High","8","uses !important; shared or cross-dashboard ownership; loaded after closing HTML"
"#remakeTabFilterHostV6337.cdaIconToolbarV6527 .remakeDropdownButtonV6245","","1-2-0","Shared","1","SharedTopParityStyles.html:307","","SharedTopParityStyles.html","8","true","23","false","High","8","uses !important; shared or cross-dashboard ownership; loaded after closing HTML"
"#remakeTabFilterHostV6337.cdaIconToolbarV6527 .remakeDropdownButtonV6245::after","","1-2-1","Shared","1","SharedTopParityStyles.html:309","","SharedTopParityStyles.html","1","true","23","false","High","8","uses !important; shared or cross-dashboard ownership; loaded after closing HTML"
"#remakeTabFilterHostV6337.cdaIconToolbarV6527 .remakeDropdownButtonV6245::before","","1-2-1","Shared","1","SharedTopParityStyles.html:311","","SharedTopParityStyles.html","8","true","23","false","High","8","uses !important; shared or cross-dashboard ownership; loaded after closing HTML"
"#remakeTabFilterHostV6337.cdaIconToolbarV6527 .remakeFilter","","1-2-0","Shared","1","SharedTopParityStyles.html:305","","SharedTopParityStyles.html","3","true","56","false","High","8","uses !important; shared or cross-dashboard ownership; loaded after closing HTML"
"#remakeTabFilterHostV6337.cdaIconToolbarV6527 .remakeTabResetV6337::before","","1-2-1","Shared","1","SharedTopParityStyles.html:319","","SharedTopParityStyles.html","3","true","15","false","High","8","uses !important; shared or cross-dashboard ownership; loaded after closing HTML"
"#tatDashboardPageV6509.active","","1-1-0","Shared","1","UnifiedControlsStyles.html:122","","UnifiedControlsStyles.html","1","true","607","false","High","8","uses !important; shared or cross-dashboard ownership; loaded after closing HTML"
"#tatDashboardPageV6509.cleanRemakeV6230 .remakeCacheActionBarV6338","@media (max-width:1279px)","1-2-0","Shared","1","TatRemakeAliasStyles.html:937","","TatRemakeAliasStyles.html","1","true","601","false","High","8","uses !important; shared or cross-dashboard ownership; loaded after closing HTML"
"#tatDashboardPageV6509.cleanRemakeV6230 .remakeCard","@media (max-width:1279px)","1-2-0","Shared","1","TatRemakeAliasStyles.html:825","","TatRemakeAliasStyles.html","7","true","691","false","High","8","uses !important; shared or cross-dashboard ownership; loaded after closing HTML"
"#tatDashboardPageV6509.cleanRemakeV6230 .remakeCardActionsV6230","@media (max-width:1279px)","1-2-0","Shared","1","TatRemakeAliasStyles.html:847","","TatRemakeAliasStyles.html","8","true","607","false","High","8","uses !important; shared or cross-dashboard ownership; loaded after closing HTML"
"#tatDashboardPageV6509.cleanRemakeV6230 .remakeCardActionsV6230 button","@media (max-width:1279px)","1-2-1","Shared","1","TatRemakeAliasStyles.html:861","","TatRemakeAliasStyles.html","3","true","607","false","High","8","uses !important; shared or cross-dashboard ownership; loaded after closing HTML"
"#tatDashboardPageV6509.cleanRemakeV6230 .remakeCardHeader","@media (max-width:1279px)","1-2-0","Shared","1","TatRemakeAliasStyles.html:834","","TatRemakeAliasStyles.html","7","true","621","false","High","8","uses !important; shared or cross-dashboard ownership; loaded after closing HTML"
"#tatDashboardPageV6509.cleanRemakeV6230 .remakeCardTitle[data-remake-section-title-v6408]","","1-3-0","Shared","1","TatRemakeAliasStyles.html:1165","","TatRemakeAliasStyles.html","2","true","618","false","High","8","uses !important; shared or cross-dashboard ownership; loaded after closing HTML"
"#tatDashboardPageV6509.cleanRemakeV6230 .remakeCardTitle[data-remake-section-title-v6408]:focus-visible","","1-4-0","Shared","1","TatRemakeAliasStyles.html:1168","","TatRemakeAliasStyles.html","3","true","618","false","High","8","uses !important; shared or cross-dashboard ownership; loaded after closing HTML"
"#tatDashboardPageV6509.cleanRemakeV6230 .remakeChartBoxV6230","@media (max-width:1279px)","1-2-0","Shared","1","TatRemakeAliasStyles.html:868","","TatRemakeAliasStyles.html","8","true","601","false","High","8","uses !important; shared or cross-dashboard ownership; loaded after closing HTML"
"#tatDashboardPageV6509.cleanRemakeV6230 .remakeChartModeBarV6230","@media (max-width:1279px)","1-2-0","Shared","1","TatRemakeAliasStyles.html:847","","TatRemakeAliasStyles.html","8","true","608","false","High","8","uses !important; shared or cross-dashboard ownership; loaded after closing HTML"
"#tatDashboardPageV6509.cleanRemakeV6230 .remakeChartModeBarV6230 button","@media (max-width:1279px)","1-2-1","Shared","1","TatRemakeAliasStyles.html:861","","TatRemakeAliasStyles.html","3","true","608","false","High","8","uses !important; shared or cross-dashboard ownership; loaded after closing HTML"
"#tatDashboardPageV6509.cleanRemakeV6230 .remakeClearAllV6230","@media (max-width:1279px)","1-2-0","Shared","1","TatRemakeAliasStyles.html:763","","TatRemakeAliasStyles.html","3","true","598","false","High","8","uses !important; shared or cross-dashboard ownership; loaded after closing HTML"
"#tatDashboardPageV6509.cleanRemakeV6230 .remakeColumnChooserButtonV6357","","1-2-0","Shared","1","TatRemakeAliasStyles.html:437","","TatRemakeAliasStyles.html","10","true","595","false","High","8","uses !important; shared or cross-dashboard ownership; loaded after closing HTML"
"#tatDashboardPageV6509.cleanRemakeV6230 .remakeColumnChooserButtonV6357.hasHiddenColumnsV6357","","1-3-0","Shared","1","TatRemakeAliasStyles.html:448","","TatRemakeAliasStyles.html","3","true","596","false","High","8","uses !important; shared or cross-dashboard ownership; loaded after closing HTML"
"#tatDashboardPageV6509.cleanRemakeV6230 .remakeCustomerSplitV6230","@media (max-width:1279px)","1-2-0","Shared","1","TatRemakeAliasStyles.html:814","","TatRemakeAliasStyles.html","8","true","599","false","High","8","uses !important; shared or cross-dashboard ownership; loaded after closing HTML"
"#tatDashboardPageV6509.cleanRemakeV6230 .remakeDropdownButtonV6245","@media (min-width: 981px)","1-2-0","Shared","1","TatRemakeAliasStyles.html:43","","TatRemakeAliasStyles.html","8","true","606","false","High","8","uses !important; shared or cross-dashboard ownership; loaded after closing HTML"
"#tatDashboardPageV6509.cleanRemakeV6230 .remakeDropdownButtonV6245.active","@media (min-width: 981px)","1-3-0","Shared","1","TatRemakeAliasStyles.html:52","","TatRemakeAliasStyles.html","1","true","1205","false","High","8","uses !important; shared or cross-dashboard ownership; loaded after closing HTML"
"#tatDashboardPageV6509.cleanRemakeV6230 .remakeDropdownCountV6245","","1-2-0","Shared","1","TatRemakeAliasStyles.html:1081","","TatRemakeAliasStyles.html","13","true","598","false","High","8","uses !important; shared or cross-dashboard ownership; loaded after closing HTML"
"#tatDashboardPageV6509.cleanRemakeV6230 .remakeDropdownListV6245","@media (max-width:1279px)","1-2-0","Shared","1","TatRemakeAliasStyles.html:742","","TatRemakeAliasStyles.html","2","true","598","false","High","8","uses !important; shared or cross-dashboard ownership; loaded after closing HTML"
"#tatDashboardPageV6509.cleanRemakeV6230 .remakeDropdownPanelV6245","@media (max-width:1279px)","1-2-0","Shared","1","TatRemakeAliasStyles.html:729","","TatRemakeAliasStyles.html","12","true","603","false","High","8","uses !important; shared or cross-dashboard ownership; loaded after closing HTML"
"#tatDashboardPageV6509.cleanRemakeV6230 .remakeDropdownRowV6245","@media (max-width:1279px)","1-2-0","Shared","1","TatRemakeAliasStyles.html:745","","TatRemakeAliasStyles.html","2","true","601","false","High","8","uses !important; shared or cross-dashboard ownership; loaded after closing HTML"
"#tatDashboardPageV6509.cleanRemakeV6230 .remakeFilter","@media (min-width: 981px)","1-2-0","Shared","1","TatRemakeAliasStyles.html:27","","TatRemakeAliasStyles.html","5","true","639","false","High","8","uses !important; shared or cross-dashboard ownership; loaded after closing HTML"
"#tatDashboardPageV6509.cleanRemakeV6230 .remakeFilter label","@media (min-width: 981px)","1-2-1","Shared","1","TatRemakeAliasStyles.html:33","","TatRemakeAliasStyles.html","9","true","639","false","High","8","uses !important; shared or cross-dashboard ownership; loaded after closing HTML"
"#tatDashboardPageV6509.cleanRemakeV6230 .remakeFooterStampV6338","@media (max-width:1279px)","1-2-0","Shared","1","TatRemakeAliasStyles.html:939","","TatRemakeAliasStyles.html","7","true","597","false","High","8","uses !important; shared or cross-dashboard ownership; loaded after closing HTML"
"#tatDashboardPageV6509.cleanRemakeV6230 .remakeGlobalSearchBarV6304 > .remakeGlobalSearchButtonV6304","@media (max-width:1279px)","1-3-0","Shared","1","TatRemakeAliasStyles.html:653","","TatRemakeAliasStyles.html","1","true","609","false","High","8","uses !important; shared or cross-dashboard ownership; loaded after closing HTML"
"#tatDashboardPageV6509.cleanRemakeV6230 .remakeGlobalSearchButtonV6304","@media (min-width: 981px)","1-2-0","Shared","1","TatRemakeAliasStyles.html:57","","TatRemakeAliasStyles.html","2","true","605","false","High","8","uses !important; shared or cross-dashboard ownership; loaded after closing HTML"
"#tatDashboardPageV6509.cleanRemakeV6230 .remakeGlobalSearchPanelV6304","@media (max-width:1279px)","1-2-0","Shared","1","TatRemakeAliasStyles.html:655","","TatRemakeAliasStyles.html","11","true","603","false","High","8","uses !important; shared or cross-dashboard ownership; loaded after closing HTML"
"#tatDashboardPageV6509.cleanRemakeV6230 .remakeGridV6230","@media (max-width:1279px)","1-2-0","Shared","1","TatRemakeAliasStyles.html:814","","TatRemakeAliasStyles.html","8","true","603","false","High","8","uses !important; shared or cross-dashboard ownership; loaded after closing HTML"
"#tatDashboardPageV6509.cleanRemakeV6230 .remakeKpi .sub","@media (max-width:1279px)","1-3-0","Shared","1","TatRemakeAliasStyles.html:800","","TatRemakeAliasStyles.html","7","true","784","false","High","8","uses !important; shared or cross-dashboard ownership; loaded after closing HTML"
"#tatDashboardPageV6509.cleanRemakeV6230 .remakeKpi .value","@media (max-width:1279px)","1-3-0","Shared","1","TatRemakeAliasStyles.html:796","","TatRemakeAliasStyles.html","3","true","2301","false","High","8","uses !important; shared or cross-dashboard ownership; loaded after closing HTML"
"#tatDashboardPageV6509.cleanRemakeV6230 .remakeKpiAreaV6406 .remakeKpiChooserButtonV6403","","1-3-0","Shared","1","TatRemakeAliasStyles.html:1268","","TatRemakeAliasStyles.html","14","true","600","false","High","8","uses !important; shared or cross-dashboard ownership; loaded after closing HTML"
"#tatDashboardPageV6509.cleanRemakeV6230 .remakeKpiAreaV6406 .remakeKpiChooserButtonV6403:focus-visible","","1-4-0","Shared","1","TatRemakeAliasStyles.html:1283","","TatRemakeAliasStyles.html","4","true","600","false","High","8","uses !important; shared or cross-dashboard ownership; loaded after closing HTML"
"#tatDashboardPageV6509.cleanRemakeV6230 .remakeKpiAreaV6406 .remakeKpiChooserButtonV6403:hover","","1-4-0","Shared","1","TatRemakeAliasStyles.html:1283","","TatRemakeAliasStyles.html","4","true","600","false","High","8","uses !important; shared or cross-dashboard ownership; loaded after closing HTML"
"#tatDashboardPageV6509.cleanRemakeV6230 .remakeKpiAreaV6406 .remakeKpiChooserButtonV6403.hasHiddenKpisV6403","","1-4-0","Shared","1","TatRemakeAliasStyles.html:1289","","TatRemakeAliasStyles.html","3","true","602","false","High","8","uses !important; shared or cross-dashboard ownership; loaded after closing HTML"
"#tatDashboardPageV6509.cleanRemakeV6230 .remakeKpiAreaV6406 .remakeKpiChooserButtonV6403.hasHiddenKpisV6403::after","","1-4-1","Shared","1","TatRemakeAliasStyles.html:1293","","TatRemakeAliasStyles.html","10","true","602","false","High","8","uses !important; shared or cross-dashboard ownership; loaded after closing HTML"
"#tatDashboardPageV6509.cleanRemakeV6230 .remakeKpiAreaV6406 .remakeKpiToolbarV6403","","1-3-0","Shared","1","TatRemakeAliasStyles.html:1255","","TatRemakeAliasStyles.html","12","true","600","false","High","8","uses !important; shared or cross-dashboard ownership; loaded after closing HTML"
"#tatDashboardPageV6509.cleanRemakeV6230 .remakeKpiChooserButtonV6403","","1-2-0","Shared","1","TatRemakeAliasStyles.html:1208","","TatRemakeAliasStyles.html","9","true","597","false","High","8","uses !important; shared or cross-dashboard ownership; loaded after closing HTML"
"#tatDashboardPageV6509.cleanRemakeV6230 .remakeKpiChooserButtonV6403:focus-visible","","1-3-0","Shared","1","TatRemakeAliasStyles.html:1218","","TatRemakeAliasStyles.html","3","true","597","false","High","8","uses !important; shared or cross-dashboard ownership; loaded after closing HTML"
"#tatDashboardPageV6509.cleanRemakeV6230 .remakeKpiChooserButtonV6403:hover","","1-3-0","Shared","1","TatRemakeAliasStyles.html:1218","","TatRemakeAliasStyles.html","3","true","597","false","High","8","uses !important; shared or cross-dashboard ownership; loaded after closing HTML"
"#tatDashboardPageV6509.cleanRemakeV6230 .remakeKpiChooserButtonV6403.hasHiddenKpisV6403","","1-3-0","Shared","1","TatRemakeAliasStyles.html:1223","","TatRemakeAliasStyles.html","3","true","599","false","High","8","uses !important; shared or cross-dashboard ownership; loaded after closing HTML"
"#tatDashboardPageV6509.cleanRemakeV6230 .remakeKpiControlsV6279","@media (max-width:1279px)","1-2-0","Shared","1","TatRemakeAliasStyles.html:808","","TatRemakeAliasStyles.html","5","true","604","false","High","8","uses !important; shared or cross-dashboard ownership; loaded after closing HTML"
"#tatDashboardPageV6509.cleanRemakeV6230 .remakeKpiHiddenV6403","","1-2-0","Shared","1","TatRemakeAliasStyles.html:1239","","TatRemakeAliasStyles.html","1","true","596","false","High","8","uses !important; shared or cross-dashboard ownership; loaded after closing HTML"
"#tatDashboardPageV6509.cleanRemakeV6230 .remakeKpisAllHiddenV6403","","1-2-0","Shared","1","TatRemakeAliasStyles.html:1241","","TatRemakeAliasStyles.html","1","true","596","false","High","8","uses !important; shared or cross-dashboard ownership; loaded after closing HTML"
"#tatDashboardPageV6509.cleanRemakeV6230 .remakeKpisV6230 > .remakeKpi:last-of-type","@media (max-width:1279px)","1-4-0","Shared","1","TatRemakeAliasStyles.html:789","","TatRemakeAliasStyles.html","1","true","697","false","High","8","uses !important; shared or cross-dashboard ownership; loaded after closing HTML"
"#tatDashboardPageV6509.cleanRemakeV6230 .remakeKpiToolbarV6403","","1-2-0","Shared","1","TatRemakeAliasStyles.html:1202","","TatRemakeAliasStyles.html","5","true","597","false","High","8","uses !important; shared or cross-dashboard ownership; loaded after closing HTML"
"#tatDashboardPageV6509.cleanRemakeV6230 .remakeOverviewChartBox","@media (max-width:1279px)","1-2-0","Shared","1","TatRemakeAliasStyles.html:868","","TatRemakeAliasStyles.html","8","true","598","false","High","8","uses !important; shared or cross-dashboard ownership; loaded after closing HTML"
"#tatDashboardPageV6509.cleanRemakeV6230 .remakePageFooterV6338","@media (max-width:1279px)","1-2-0","Shared","1","TatRemakeAliasStyles.html:928","","TatRemakeAliasStyles.html","8","true","597","false","High","8","uses !important; shared or cross-dashboard ownership; loaded after closing HTML"
"#tatDashboardPageV6509.cleanRemakeV6230 .remakePillsV6230:empty","@media (max-width:1279px)","1-3-0","Shared","1","TatRemakeAliasStyles.html:748","","TatRemakeAliasStyles.html","1","true","601","false","High","8","uses !important; shared or cross-dashboard ownership; loaded after closing HTML"
"#tatDashboardPageV6509.cleanRemakeV6230 .remakePillV6230","@media (max-width:1279px)","1-2-0","Shared","1","TatRemakeAliasStyles.html:763","","TatRemakeAliasStyles.html","3","true","601","false","High","8","uses !important; shared or cross-dashboard ownership; loaded after closing HTML"
"#tatDashboardPageV6509.cleanRemakeV6230 .remakeSectionChevronV6402","","1-2-0","Shared","1","TatRemakeAliasStyles.html:1172","","TatRemakeAliasStyles.html","6","true","595","false","High","8","uses !important; shared or cross-dashboard ownership; loaded after closing HTML"
"#tatDashboardPageV6509.cleanRemakeV6230 .remakeSectionCollapsedV6402","","1-2-0","Shared","1","TatRemakeAliasStyles.html:1180","","TatRemakeAliasStyles.html","4","true","595","false","High","8","uses !important; shared or cross-dashboard ownership; loaded after closing HTML"
"#tatDashboardPageV6509.cleanRemakeV6230 .remakeSectionCollapsedV6402 .remakeSectionChevronV6402","","1-3-0","Shared","1","TatRemakeAliasStyles.html:1194","","TatRemakeAliasStyles.html","1","true","596","false","High","8","uses !important; shared or cross-dashboard ownership; loaded after closing HTML"
"#tatDashboardPageV6509.cleanRemakeV6230 .remakeSectionCollapsedV6402 > :not(.remakeCardHeader)","","1-3-0","Shared","1","TatRemakeAliasStyles.html:1190","","TatRemakeAliasStyles.html","1","true","622","false","High","8","uses !important; shared or cross-dashboard ownership; loaded after closing HTML"
"#tatDashboardPageV6509.cleanRemakeV6230 .remakeSectionCollapsedV6402 > .remakeCardHeader","","1-3-0","Shared","1","TatRemakeAliasStyles.html:1192","","TatRemakeAliasStyles.html","1","true","622","false","High","8","uses !important; shared or cross-dashboard ownership; loaded after closing HTML"
"#tatDashboardPageV6509.cleanRemakeV6230 .remakeSectionToggleV6402:focus-visible","","1-3-0","Shared","1","TatRemakeAliasStyles.html:1160","","TatRemakeAliasStyles.html","3","true","595","false","High","8","uses !important; shared or cross-dashboard ownership; loaded after closing HTML"
"#tatDashboardPageV6509.cleanRemakeV6230 .remakeSectionToggleV6402:hover","","1-3-0","Shared","1","TatRemakeAliasStyles.html:1160","","TatRemakeAliasStyles.html","3","true","595","false","High","8","uses !important; shared or cross-dashboard ownership; loaded after closing HTML"
"#tatDashboardPageV6509.cleanRemakeV6230 .remakeShellV6230","@media (max-width:1279px)","1-2-0","Shared","1","TatRemakeAliasStyles.html:628","","TatRemakeAliasStyles.html","11","true","598","false","High","8","uses !important; shared or cross-dashboard ownership; loaded after closing HTML"
"#tatDashboardPageV6509.cleanRemakeV6230 .remakeShellV6230 > #remakePillsV6230 .remakeClearAllV6230","","2-3-0","Shared","1","TatRemakeAliasStyles.html:1332","","TatRemakeAliasStyles.html","1","true","609","false","High","8","uses !important; shared or cross-dashboard ownership; loaded after closing HTML"
"#tatDashboardPageV6509.cleanRemakeV6230 .remakeShellV6230 > #remakePillsV6230 .remakePillV6230","","2-3-0","Shared","1","TatRemakeAliasStyles.html:1332","","TatRemakeAliasStyles.html","1","true","612","false","High","8","uses !important; shared or cross-dashboard ownership; loaded after closing HTML"
"#tatDashboardPageV6509.cleanRemakeV6230 .remakeShellV6230 > #remakePillsV6230.remakePillsV6230:empty","","2-4-0","Shared","1","TatRemakeAliasStyles.html:1328","","TatRemakeAliasStyles.html","3","true","605","false","High","8","uses !important; shared or cross-dashboard ownership; loaded after closing HTML"
"#tatDashboardPageV6509.cleanRemakeV6230 .remakeTable .ceramistNoteBadgeV6343","","1-3-0","Shared","1","TatRemakeAliasStyles.html:431","","TatRemakeAliasStyles.html","2","true","713","false","High","8","uses !important; shared or cross-dashboard ownership; loaded after closing HTML"
"#tatDashboardPageV6509.cleanRemakeV6230 .remakeTable .customerNameText","","1-3-0","Shared","1","TatRemakeAliasStyles.html:426","","TatRemakeAliasStyles.html","2","true","721","false","High","8","uses !important; shared or cross-dashboard ownership; loaded after closing HTML"
"#tatDashboardPageV6509.cleanRemakeV6230 .remakeTable .inactiveBadge","","1-3-0","Shared","1","TatRemakeAliasStyles.html:431","","TatRemakeAliasStyles.html","2","true","727","false","High","8","uses !important; shared or cross-dashboard ownership; loaded after closing HTML"
"#tatDashboardPageV6509.cleanRemakeV6230 .remakeTable .productNameText","","1-3-0","Shared","1","TatRemakeAliasStyles.html:426","","TatRemakeAliasStyles.html","2","true","710","false","High","8","uses !important; shared or cross-dashboard ownership; loaded after closing HTML"
"#tatDashboardPageV6509.cleanRemakeV6230 .remakeTable .remakeNameText","","1-3-0","Shared","1","TatRemakeAliasStyles.html:426","","TatRemakeAliasStyles.html","2","true","710","false","High","8","uses !important; shared or cross-dashboard ownership; loaded after closing HTML"
"#tatDashboardPageV6509.cleanRemakeV6230 .remakeTable tbody td","","1-2-2","Shared","1","TatRemakeAliasStyles.html:419","","TatRemakeAliasStyles.html","6","true","710","false","High","8","uses !important; shared or cross-dashboard ownership; loaded after closing HTML"
"#tatDashboardPageV6509.cleanRemakeV6230 .remakeTable tbody tr:nth-child(even) td:first-child","@media (max-width:1279px)","1-4-3","Shared","1","TatRemakeAliasStyles.html:926","","TatRemakeAliasStyles.html","1","true","710","false","High","8","uses !important; shared or cross-dashboard ownership; loaded after closing HTML"
"#tatDashboardPageV6509.cleanRemakeV6230 .remakeTable tbody tr:nth-child(odd) td:first-child","@media (max-width:1279px)","1-4-3","Shared","1","TatRemakeAliasStyles.html:924","","TatRemakeAliasStyles.html","1","true","710","false","High","8","uses !important; shared or cross-dashboard ownership; loaded after closing HTML"
"#tatDashboardPageV6509.cleanRemakeV6230 .remakeTable tbody tr.clickable:hover > td","","1-4-3","Shared","1","TatRemakeAliasStyles.html:1347","","TatRemakeAliasStyles.html","2","true","737","false","High","8","uses !important; shared or cross-dashboard ownership; loaded after closing HTML"
"#tatDashboardPageV6509.cleanRemakeV6230 .remakeTable tbody tr.clickable:hover > td:first-child","","1-5-3","Shared","1","TatRemakeAliasStyles.html:1347","","TatRemakeAliasStyles.html","2","true","737","false","High","8","uses !important; shared or cross-dashboard ownership; loaded after closing HTML"
"#tatDashboardPageV6509.cleanRemakeV6230 .remakeTable tbody tr.dimmedV6266:hover > td","","1-4-3","Shared","1","TatRemakeAliasStyles.html:1356","","TatRemakeAliasStyles.html","1","true","718","false","High","8","uses !important; shared or cross-dashboard ownership; loaded after closing HTML"
"#tatDashboardPageV6509.cleanRemakeV6230 .remakeTable tbody tr.dimmedV6266:hover > td:first-child","","1-5-3","Shared","1","TatRemakeAliasStyles.html:1356","","TatRemakeAliasStyles.html","1","true","718","false","High","8","uses !important; shared or cross-dashboard ownership; loaded after closing HTML"
"#tatDashboardPageV6509.cleanRemakeV6230 .remakeTable tbody tr.selectedPinnedV6311:hover > td","","1-4-3","Shared","1","TatRemakeAliasStyles.html:1351","","TatRemakeAliasStyles.html","1","true","717","false","High","8","uses !important; shared or cross-dashboard ownership; loaded after closing HTML"
"#tatDashboardPageV6509.cleanRemakeV6230 .remakeTable tbody tr.selectedPinnedV6311:hover > td:first-child","","1-5-3","Shared","1","TatRemakeAliasStyles.html:1351","","TatRemakeAliasStyles.html","1","true","717","false","High","8","uses !important; shared or cross-dashboard ownership; loaded after closing HTML"
"#tatDashboardPageV6509.cleanRemakeV6230 .remakeTable tbody tr.selectedV6230:hover > td","","1-4-3","Shared","1","TatRemakeAliasStyles.html:1351","","TatRemakeAliasStyles.html","1","true","725","false","High","8","uses !important; shared or cross-dashboard ownership; loaded after closing HTML"
"#tatDashboardPageV6509.cleanRemakeV6230 .remakeTable tbody tr.selectedV6230:hover > td:first-child","","1-5-3","Shared","1","TatRemakeAliasStyles.html:1351","","TatRemakeAliasStyles.html","1","true","725","false","High","8","uses !important; shared or cross-dashboard ownership; loaded after closing HTML"
"#tatDashboardPageV6509.cleanRemakeV6230 .remakeTable td","@media (max-width:1279px)","1-2-1","Shared","1","TatRemakeAliasStyles.html:907","","TatRemakeAliasStyles.html","5","true","710","false","High","8","uses !important; shared or cross-dashboard ownership; loaded after closing HTML"
"#tatDashboardPageV6509.cleanRemakeV6230 .remakeTable td:first-child","@media (max-width:1279px)","1-3-1","Shared","1","TatRemakeAliasStyles.html:914","","TatRemakeAliasStyles.html","5","true","710","false","High","8","uses !important; shared or cross-dashboard ownership; loaded after closing HTML"
"#tatDashboardPageV6509.cleanRemakeV6230 .remakeTable th","@media (max-width:1279px)","1-2-1","Shared","1","TatRemakeAliasStyles.html:907","","TatRemakeAliasStyles.html","5","true","710","false","High","8","uses !important; shared or cross-dashboard ownership; loaded after closing HTML"
"#tatDashboardPageV6509.cleanRemakeV6230 .remakeTable th:first-child","@media (max-width:1279px)","1-3-1","Shared","1","TatRemakeAliasStyles.html:914","","TatRemakeAliasStyles.html","5","true","710","false","High","8","uses !important; shared or cross-dashboard ownership; loaded after closing HTML"
"#tatDashboardPageV6509.cleanRemakeV6230 .remakeTable thead th","","1-2-2","Shared","1","TatRemakeAliasStyles.html:410","","TatRemakeAliasStyles.html","8","true","710","false","High","8","uses !important; shared or cross-dashboard ownership; loaded after closing HTML"
"#tatDashboardPageV6509.cleanRemakeV6230 .remakeTable thead th:first-child","@media (max-width:1279px)","1-3-2","Shared","1","TatRemakeAliasStyles.html:921","","TatRemakeAliasStyles.html","2","true","710","false","High","8","uses !important; shared or cross-dashboard ownership; loaded after closing HTML"
"#tatDashboardPageV6509.cleanRemakeV6230 .remakeTable:not(.compareColumnsV6301)","","1-3-0","Shared","1","TatRemakeAliasStyles.html:319","","TatRemakeAliasStyles.html","6","true","929","false","High","8","uses !important; shared or cross-dashboard ownership; loaded after closing HTML"
"#tatDashboardPageV6509.cleanRemakeV6230 .remakeTable:not(.compareColumnsV6301) .ceramistNoteBadgeV6343","","1-4-0","Shared","1","TatRemakeAliasStyles.html:347","","TatRemakeAliasStyles.html","2","true","932","false","High","8","uses !important; shared or cross-dashboard ownership; loaded after closing HTML"
"#tatDashboardPageV6509.cleanRemakeV6230 .remakeTable:not(.compareColumnsV6301) .customerNameText","","1-4-0","Shared","1","TatRemakeAliasStyles.html:342","","TatRemakeAliasStyles.html","2","true","940","false","High","8","uses !important; shared or cross-dashboard ownership; loaded after closing HTML"
"#tatDashboardPageV6509.cleanRemakeV6230 .remakeTable:not(.compareColumnsV6301) .inactiveBadge","","1-4-0","Shared","1","TatRemakeAliasStyles.html:347","","TatRemakeAliasStyles.html","2","true","946","false","High","8","uses !important; shared or cross-dashboard ownership; loaded after closing HTML"
"#tatDashboardPageV6509.cleanRemakeV6230 .remakeTable:not(.compareColumnsV6301) .productNameText","","1-4-0","Shared","1","TatRemakeAliasStyles.html:342","","TatRemakeAliasStyles.html","2","true","929","false","High","8","uses !important; shared or cross-dashboard ownership; loaded after closing HTML"
"#tatDashboardPageV6509.cleanRemakeV6230 .remakeTable:not(.compareColumnsV6301) .remakeNameText","","1-4-0","Shared","1","TatRemakeAliasStyles.html:342","","TatRemakeAliasStyles.html","2","true","929","false","High","8","uses !important; shared or cross-dashboard ownership; loaded after closing HTML"
"#tatDashboardPageV6509.cleanRemakeV6230 .remakeTable:not(.compareColumnsV6301) tbody td","","1-3-2","Shared","1","TatRemakeAliasStyles.html:335","","TatRemakeAliasStyles.html","6","true","929","false","High","8","uses !important; shared or cross-dashboard ownership; loaded after closing HTML"
"#tatDashboardPageV6509.cleanRemakeV6230 .remakeTable:not(.compareColumnsV6301) thead th","","1-3-2","Shared","1","TatRemakeAliasStyles.html:326","","TatRemakeAliasStyles.html","8","true","929","false","High","8","uses !important; shared or cross-dashboard ownership; loaded after closing HTML"
"#tatDashboardPageV6509.cleanRemakeV6230 .remakeTableWrap:has(#remakeCustomerTable)","@media(min-width:981px)","2-2-0","Shared","1","TatRemakeAliasStyles.html:357","","TatRemakeAliasStyles.html","1","true","707","false","High","8","uses !important; shared or cross-dashboard ownership; loaded after closing HTML"
"#tatDashboardPageV6509.cleanRemakeV6230 .remakeTableWrap:has(#remakeDepartmentTable)","@media(min-width:981px)","2-2-0","Shared","1","TatRemakeAliasStyles.html:357","","TatRemakeAliasStyles.html","1","true","692","false","High","8","uses !important; shared or cross-dashboard ownership; loaded after closing HTML"
"#tatDashboardPageV6509.cleanRemakeV6230 .remakeTableWrap:has(#remakeProductTable)","@media(min-width:981px)","2-2-0","Shared","1","TatRemakeAliasStyles.html:357","","TatRemakeAliasStyles.html","1","true","714","false","High","8","uses !important; shared or cross-dashboard ownership; loaded after closing HTML"
"#tatDashboardPageV6509.cleanRemakeV6230 .remakeTableWrap:has(#remakeReasonTable)","@media(min-width:981px)","2-2-0","Shared","1","TatRemakeAliasStyles.html:357","","TatRemakeAliasStyles.html","1","true","631","false","High","8","uses !important; shared or cross-dashboard ownership; loaded after closing HTML"
"#tatDashboardPageV6509.cleanRemakeV6230 .remakeTrendCanvasWrapV6230","@media (max-width:1279px)","1-2-0","Shared","1","TatRemakeAliasStyles.html:868","","TatRemakeAliasStyles.html","8","true","596","false","High","8","uses !important; shared or cross-dashboard ownership; loaded after closing HTML"
"#tatDashboardPageV6509.cleanRemakeV6230 .tatKpiV6509 .label","","1-3-0","Shared","1","SharedTopParityStyles.html:294","","SharedTopParityStyles.html","5","true","1558","false","High","8","uses !important; shared or cross-dashboard ownership; loaded after closing HTML"
"#tatDashboardPageV6509.cleanRemakeV6230 .tatKpiV6509 .sub","","1-3-0","Shared","1","SharedTopParityStyles.html:296","","SharedTopParityStyles.html","10","true","695","false","High","8","uses !important; shared or cross-dashboard ownership; loaded after closing HTML"
"#tatDashboardPageV6509.cleanRemakeV6230 .tatKpiV6509 .sub .deltaV6281","","1-4-0","Shared","1","SharedTopParityStyles.html:298","","SharedTopParityStyles.html","1","true","701","false","High","8","uses !important; shared or cross-dashboard ownership; loaded after closing HTML"
"#tatDashboardPageV6509.cleanRemakeV6230 .tatKpiV6509 .sub .deltaV6281.bad","","1-5-0","Shared","1","SharedTopParityStyles.html:300","","SharedTopParityStyles.html","1","true","759","false","High","8","uses !important; shared or cross-dashboard ownership; loaded after closing HTML"
"#tatDashboardPageV6509.cleanRemakeV6230 .tatKpiV6509 .sub .deltaV6281.good","","1-5-0","Shared","1","SharedTopParityStyles.html:299","","SharedTopParityStyles.html","1","true","729","false","High","8","uses !important; shared or cross-dashboard ownership; loaded after closing HTML"
"#tatDashboardPageV6509.cleanRemakeV6230 .tatKpiV6509 .sub .deltaV6281.neutral","","1-5-0","Shared","1","SharedTopParityStyles.html:301","","SharedTopParityStyles.html","1","true","716","false","High","8","uses !important; shared or cross-dashboard ownership; loaded after closing HTML"
"#tatDashboardPageV6509.cleanRemakeV6230 .tatKpiV6509 .sub .priorV6281","","1-4-0","Shared","1","SharedTopParityStyles.html:297","","SharedTopParityStyles.html","1","true","698","false","High","8","uses !important; shared or cross-dashboard ownership; loaded after closing HTML"
"#tatDashboardPageV6509.cleanRemakeV6230 .tatKpiV6509 .value","","1-3-0","Shared","1","SharedTopParityStyles.html:295","","SharedTopParityStyles.html","4","true","2212","false","High","8","uses !important; shared or cross-dashboard ownership; loaded after closing HTML"
"#tatDashboardPageV6509.cleanRemakeV6230 .tatStampV6509","","1-2-0","Shared","1","SharedTopParityStyles.html:302","","SharedTopParityStyles.html","9","true","598","false","High","8","uses !important; shared or cross-dashboard ownership; loaded after closing HTML"
"#tatDashboardPageV6509.cleanRemakeV6230 #remakeCeramistCardV6342 .ceramistPreviewMetaV6342","","2-2-0","Shared","1","TatRemakeAliasStyles.html:515","","TatRemakeAliasStyles.html","1","true","610","false","High","8","uses !important; shared or cross-dashboard ownership; loaded after closing HTML"
"#tatDashboardPageV6509.cleanRemakeV6230 #remakeCeramistCardV6342 .ceramistTopControlsV6351","","2-2-0","Shared","1","TatRemakeAliasStyles.html:517","","TatRemakeAliasStyles.html","1","true","629","false","High","8","uses !important; shared or cross-dashboard ownership; loaded after closing HTML"
"#tatDashboardPageV6509.cleanRemakeV6230 #remakeCeramistCardV6342.remakeSectionCollapsedV6402","","2-2-0","Shared","1","TatRemakeAliasStyles.html:1185","","TatRemakeAliasStyles.html","3","true","604","false","High","8","uses !important; shared or cross-dashboard ownership; loaded after closing HTML"
"#tatDashboardPageV6509.cleanRemakeV6230 #remakeCeramistDetailTableV6343 tbody tr.ceramistDetailClickableV6368:nth-child(even):hover td","","2-4-3","Shared","1","TatRemakeAliasStyles.html:587","","TatRemakeAliasStyles.html","1","true","613","false","High","8","uses !important; shared or cross-dashboard ownership; loaded after closing HTML"
"#tatDashboardPageV6509.cleanRemakeV6230 #remakeCeramistDetailTableV6343 tbody tr.ceramistDetailClickableV6368:nth-child(odd):hover td","","2-4-3","Shared","1","TatRemakeAliasStyles.html:585","","TatRemakeAliasStyles.html","1","true","613","false","High","8","uses !important; shared or cross-dashboard ownership; loaded after closing HTML"
"#tatDashboardPageV6509.cleanRemakeV6230 #remakeCeramistDetailTableV6343 tbody tr.ceramistDetailSelectedV6368 td","","2-2-3","Shared","1","TatRemakeAliasStyles.html:602","","TatRemakeAliasStyles.html","2","true","608","false","High","8","uses !important; shared or cross-dashboard ownership; loaded after closing HTML"
"#tatDashboardPageV6509.cleanRemakeV6230 #remakeCeramistDetailTableV6343 td","","2-1-1","Shared","1","TatRemakeAliasStyles.html:279","","TatRemakeAliasStyles.html","7","true","607","false","High","8","uses !important; shared or cross-dashboard ownership; loaded after closing HTML"
"#tatDashboardPageV6509.cleanRemakeV6230 #remakeCeramistDetailTableV6343 td:nth-child(1)","","2-2-1","Shared","1","TatRemakeAliasStyles.html:296","","TatRemakeAliasStyles.html","2","true","607","false","High","8","uses !important; shared or cross-dashboard ownership; loaded after closing HTML"
"#tatDashboardPageV6509.cleanRemakeV6230 #remakeCeramistDetailTableV6343 td:nth-child(2)","","2-2-1","Shared","1","TatRemakeAliasStyles.html:297","","TatRemakeAliasStyles.html","2","true","607","false","High","8","uses !important; shared or cross-dashboard ownership; loaded after closing HTML"
"#tatDashboardPageV6509.cleanRemakeV6230 #remakeCeramistDetailTableV6343 td:nth-child(3)","","2-2-1","Shared","1","TatRemakeAliasStyles.html:298","","TatRemakeAliasStyles.html","2","true","607","false","High","8","uses !important; shared or cross-dashboard ownership; loaded after closing HTML"
"#tatDashboardPageV6509.cleanRemakeV6230 #remakeCeramistDetailTableV6343 td:nth-child(4)","","2-2-1","Shared","1","TatRemakeAliasStyles.html:299","","TatRemakeAliasStyles.html","2","true","607","false","High","8","uses !important; shared or cross-dashboard ownership; loaded after closing HTML"
"#tatDashboardPageV6509.cleanRemakeV6230 #remakeCeramistDetailTableV6343 td:nth-child(5)","","2-2-1","Shared","1","TatRemakeAliasStyles.html:300","","TatRemakeAliasStyles.html","2","true","607","false","High","8","uses !important; shared or cross-dashboard ownership; loaded after closing HTML"
"#tatDashboardPageV6509.cleanRemakeV6230 #remakeCeramistDetailTableV6343 th","","2-1-1","Shared","1","TatRemakeAliasStyles.html:279","","TatRemakeAliasStyles.html","7","true","607","false","High","8","uses !important; shared or cross-dashboard ownership; loaded after closing HTML"
"#tatDashboardPageV6509.cleanRemakeV6230 #remakeCeramistDetailTableV6343 th:nth-child(1)","","2-2-1","Shared","1","TatRemakeAliasStyles.html:296","","TatRemakeAliasStyles.html","2","true","607","false","High","8","uses !important; shared or cross-dashboard ownership; loaded after closing HTML"
"#tatDashboardPageV6509.cleanRemakeV6230 #remakeCeramistDetailTableV6343 th:nth-child(2)","","2-2-1","Shared","1","TatRemakeAliasStyles.html:297","","TatRemakeAliasStyles.html","2","true","607","false","High","8","uses !important; shared or cross-dashboard ownership; loaded after closing HTML"
"#tatDashboardPageV6509.cleanRemakeV6230 #remakeCeramistDetailTableV6343 th:nth-child(3)","","2-2-1","Shared","1","TatRemakeAliasStyles.html:298","","TatRemakeAliasStyles.html","2","true","607","false","High","8","uses !important; shared or cross-dashboard ownership; loaded after closing HTML"
"#tatDashboardPageV6509.cleanRemakeV6230 #remakeCeramistDetailTableV6343 th:nth-child(4)","","2-2-1","Shared","1","TatRemakeAliasStyles.html:299","","TatRemakeAliasStyles.html","2","true","607","false","High","8","uses !important; shared or cross-dashboard ownership; loaded after closing HTML"
"#tatDashboardPageV6509.cleanRemakeV6230 #remakeCeramistDetailTableV6343 th:nth-child(5)","","2-2-1","Shared","1","TatRemakeAliasStyles.html:300","","TatRemakeAliasStyles.html","2","true","607","false","High","8","uses !important; shared or cross-dashboard ownership; loaded after closing HTML"
"#tatDashboardPageV6509.cleanRemakeV6230 #remakeCeramistTableV6342 tbody tr.ceramistPinnedWorkerV6361 > td:first-child","@media (min-width:761px)","2-3-3","Shared","1","TatRemakeAliasStyles.html:493","","TatRemakeAliasStyles.html","3","true","616","false","High","8","uses !important; shared or cross-dashboard ownership; loaded after closing HTML"
"#tatDashboardPageV6509.cleanRemakeV6230 #remakeCeramistTableV6342 tbody tr.ceramistSectionRowV6348:nth-child(even) > td","","2-3-3","Shared","1","TatRemakeAliasStyles.html:473","","TatRemakeAliasStyles.html","1","true","618","false","High","8","uses !important; shared or cross-dashboard ownership; loaded after closing HTML"
"#tatDashboardPageV6509.cleanRemakeV6230 #remakeCeramistTableV6342 tbody tr.ceramistSectionRowV6348:nth-child(odd) > td","","2-3-3","Shared","1","TatRemakeAliasStyles.html:473","","TatRemakeAliasStyles.html","1","true","618","false","High","8","uses !important; shared or cross-dashboard ownership; loaded after closing HTML"
"#tatDashboardPageV6509.cleanRemakeV6230 #remakeCeramistTableV6342 tbody tr.ceramistSelectedV6343 td","","2-2-3","Shared","1","TatRemakeAliasStyles.html:351","","TatRemakeAliasStyles.html","2","true","621","false","High","8","uses !important; shared or cross-dashboard ownership; loaded after closing HTML"
"#tatDashboardPageV6509.cleanRemakeV6230 #remakeCeramistTableV6342 td","","2-1-1","Shared","1","TatRemakeAliasStyles.html:279","","TatRemakeAliasStyles.html","7","true","615","false","High","8","uses !important; shared or cross-dashboard ownership; loaded after closing HTML"
"#tatDashboardPageV6509.cleanRemakeV6230 #remakeCeramistTableV6342 th","","2-1-1","Shared","1","TatRemakeAliasStyles.html:279","","TatRemakeAliasStyles.html","7","true","615","false","High","8","uses !important; shared or cross-dashboard ownership; loaded after closing HTML"
"#tatDashboardPageV6509.cleanRemakeV6230 #remakeCeramistTableV6342 thead th:first-child","@media (min-width:761px)","2-2-2","Shared","1","TatRemakeAliasStyles.html:484","","TatRemakeAliasStyles.html","1","true","615","false","High","8","uses !important; shared or cross-dashboard ownership; loaded after closing HTML"
"#tatDashboardPageV6509.cleanRemakeV6230 #remakeCustomerCardV6230.remakeSectionCollapsedV6402","","2-2-0","Shared","1","TatRemakeAliasStyles.html:1185","","TatRemakeAliasStyles.html","3","true","606","false","High","8","uses !important; shared or cross-dashboard ownership; loaded after closing HTML"
"#tatDashboardPageV6509.cleanRemakeV6230 #remakeCustomerTable:not(.compareColumnsV6301) td","@media(min-width:981px)","2-2-1","Shared","1","TatRemakeAliasStyles.html:363","","TatRemakeAliasStyles.html","2","true","903","false","High","8","uses !important; shared or cross-dashboard ownership; loaded after closing HTML"
"#tatDashboardPageV6509.cleanRemakeV6230 #remakeCustomerTable:not(.compareColumnsV6301) td:first-child","@media(min-width:981px)","2-3-1","Shared","1","TatRemakeAliasStyles.html:391","","TatRemakeAliasStyles.html","4","true","903","false","High","8","uses !important; shared or cross-dashboard ownership; loaded after closing HTML"
"#tatDashboardPageV6509.cleanRemakeV6230 #remakeCustomerTable:not(.compareColumnsV6301) td:not(:first-child)","@media(min-width:981px)","2-3-1","Shared","1","TatRemakeAliasStyles.html:397","","TatRemakeAliasStyles.html","1","true","903","false","High","8","uses !important; shared or cross-dashboard ownership; loaded after closing HTML"
"#tatDashboardPageV6509.cleanRemakeV6230 #remakeCustomerTable:not(.compareColumnsV6301) th","@media(min-width:981px)","2-2-1","Shared","1","TatRemakeAliasStyles.html:363","","TatRemakeAliasStyles.html","2","true","903","false","High","8","uses !important; shared or cross-dashboard ownership; loaded after closing HTML"
"#tatDashboardPageV6509.cleanRemakeV6230 #remakeCustomerTable:not(.compareColumnsV6301) th:first-child","@media(min-width:981px)","2-3-1","Shared","1","TatRemakeAliasStyles.html:391","","TatRemakeAliasStyles.html","4","true","903","false","High","8","uses !important; shared or cross-dashboard ownership; loaded after closing HTML"
"#tatDashboardPageV6509.cleanRemakeV6230 #remakeCustomerTable:not(.compareColumnsV6301) th:not(:first-child)","@media(min-width:981px)","2-3-1","Shared","1","TatRemakeAliasStyles.html:397","","TatRemakeAliasStyles.html","1","true","903","false","High","8","uses !important; shared or cross-dashboard ownership; loaded after closing HTML"
"#tatDashboardPageV6509.cleanRemakeV6230 #remakeDepartmentTable:not(.compareColumnsV6301) td","@media(min-width:981px)","2-2-1","Shared","1","TatRemakeAliasStyles.html:363","","TatRemakeAliasStyles.html","2","true","888","false","High","8","uses !important; shared or cross-dashboard ownership; loaded after closing HTML"
"#tatDashboardPageV6509.cleanRemakeV6230 #remakeDepartmentTable:not(.compareColumnsV6301) td:first-child","@media(min-width:981px)","2-3-1","Shared","1","TatRemakeAliasStyles.html:380","","TatRemakeAliasStyles.html","2","true","888","false","High","8","uses !important; shared or cross-dashboard ownership; loaded after closing HTML"
"#tatDashboardPageV6509.cleanRemakeV6230 #remakeDepartmentTable:not(.compareColumnsV6301) td:not(:first-child)","@media(min-width:981px)","2-3-1","Shared","1","TatRemakeAliasStyles.html:386","","TatRemakeAliasStyles.html","1","true","888","false","High","8","uses !important; shared or cross-dashboard ownership; loaded after closing HTML"
"#tatDashboardPageV6509.cleanRemakeV6230 #remakeDepartmentTable:not(.compareColumnsV6301) th","@media(min-width:981px)","2-2-1","Shared","1","TatRemakeAliasStyles.html:363","","TatRemakeAliasStyles.html","2","true","888","false","High","8","uses !important; shared or cross-dashboard ownership; loaded after closing HTML"
"#tatDashboardPageV6509.cleanRemakeV6230 #remakeDepartmentTable:not(.compareColumnsV6301) th:first-child","@media(min-width:981px)","2-3-1","Shared","1","TatRemakeAliasStyles.html:380","","TatRemakeAliasStyles.html","2","true","888","false","High","8","uses !important; shared or cross-dashboard ownership; loaded after closing HTML"
"#tatDashboardPageV6509.cleanRemakeV6230 #remakeDepartmentTable:not(.compareColumnsV6301) th:not(:first-child)","@media(min-width:981px)","2-3-1","Shared","1","TatRemakeAliasStyles.html:386","","TatRemakeAliasStyles.html","1","true","888","false","High","8","uses !important; shared or cross-dashboard ownership; loaded after closing HTML"
"#tatDashboardPageV6509.cleanRemakeV6230 #remakeNotice:empty","@media (max-width:1279px)","2-2-0","Shared","1","TatRemakeAliasStyles.html:748","","TatRemakeAliasStyles.html","1","true","612","false","High","8","uses !important; shared or cross-dashboard ownership; loaded after closing HTML"
"#tatDashboardPageV6509.cleanRemakeV6230 #remakeProductTable:not(.compareColumnsV6301) td","@media(min-width:981px)","2-2-1","Shared","1","TatRemakeAliasStyles.html:363","","TatRemakeAliasStyles.html","2","true","910","false","High","8","uses !important; shared or cross-dashboard ownership; loaded after closing HTML"
"#tatDashboardPageV6509.cleanRemakeV6230 #remakeProductTable:not(.compareColumnsV6301) td:first-child","@media(min-width:981px)","2-3-1","Shared","1","TatRemakeAliasStyles.html:380","","TatRemakeAliasStyles.html","2","true","910","false","High","8","uses !important; shared or cross-dashboard ownership; loaded after closing HTML"
"#tatDashboardPageV6509.cleanRemakeV6230 #remakeProductTable:not(.compareColumnsV6301) td:not(:first-child)","@media(min-width:981px)","2-3-1","Shared","1","TatRemakeAliasStyles.html:386","","TatRemakeAliasStyles.html","1","true","910","false","High","8","uses !important; shared or cross-dashboard ownership; loaded after closing HTML"
"#tatDashboardPageV6509.cleanRemakeV6230 #remakeProductTable:not(.compareColumnsV6301) th","@media(min-width:981px)","2-2-1","Shared","1","TatRemakeAliasStyles.html:363","","TatRemakeAliasStyles.html","2","true","910","false","High","8","uses !important; shared or cross-dashboard ownership; loaded after closing HTML"
"#tatDashboardPageV6509.cleanRemakeV6230 #remakeProductTable:not(.compareColumnsV6301) th:first-child","@media(min-width:981px)","2-3-1","Shared","1","TatRemakeAliasStyles.html:380","","TatRemakeAliasStyles.html","2","true","910","false","High","8","uses !important; shared or cross-dashboard ownership; loaded after closing HTML"
"#tatDashboardPageV6509.cleanRemakeV6230 #remakeProductTable:not(.compareColumnsV6301) th:not(:first-child)","@media(min-width:981px)","2-3-1","Shared","1","TatRemakeAliasStyles.html:386","","TatRemakeAliasStyles.html","1","true","910","false","High","8","uses !important; shared or cross-dashboard ownership; loaded after closing HTML"
"#tatDashboardPageV6509.cleanRemakeV6230 #remakeReasonTable:not(.compareColumnsV6301) td","@media(min-width:981px)","2-2-1","Shared","1","TatRemakeAliasStyles.html:363","","TatRemakeAliasStyles.html","2","true","827","false","High","8","uses !important; shared or cross-dashboard ownership; loaded after closing HTML"
"#tatDashboardPageV6509.cleanRemakeV6230 #remakeReasonTable:not(.compareColumnsV6301) td:first-child","@media(min-width:981px)","2-3-1","Shared","1","TatRemakeAliasStyles.html:373","","TatRemakeAliasStyles.html","2","true","827","false","High","8","uses !important; shared or cross-dashboard ownership; loaded after closing HTML"
"#tatDashboardPageV6509.cleanRemakeV6230 #remakeReasonTable:not(.compareColumnsV6301) td:not(:first-child)","@media(min-width:981px)","2-3-1","Shared","1","TatRemakeAliasStyles.html:377","","TatRemakeAliasStyles.html","1","true","827","false","High","8","uses !important; shared or cross-dashboard ownership; loaded after closing HTML"
"#tatDashboardPageV6509.cleanRemakeV6230 #remakeReasonTable:not(.compareColumnsV6301) th","@media(min-width:981px)","2-2-1","Shared","1","TatRemakeAliasStyles.html:363","","TatRemakeAliasStyles.html","2","true","827","false","High","8","uses !important; shared or cross-dashboard ownership; loaded after closing HTML"
"#tatDashboardPageV6509.cleanRemakeV6230 #remakeReasonTable:not(.compareColumnsV6301) th:first-child","@media(min-width:981px)","2-3-1","Shared","1","TatRemakeAliasStyles.html:373","","TatRemakeAliasStyles.html","2","true","827","false","High","8","uses !important; shared or cross-dashboard ownership; loaded after closing HTML"
"#tatDashboardPageV6509.cleanRemakeV6230 #remakeReasonTable:not(.compareColumnsV6301) th:not(:first-child)","@media(min-width:981px)","2-3-1","Shared","1","TatRemakeAliasStyles.html:377","","TatRemakeAliasStyles.html","1","true","827","false","High","8","uses !important; shared or cross-dashboard ownership; loaded after closing HTML"
"#tatTabFilterHostV6509 .remakeDropdownButtonV6245","","1-1-0","Shared","1","SharedTopParityStyles.html:75","","SharedTopParityStyles.html","20","true","19","false","High","8","uses !important; shared or cross-dashboard ownership; loaded after closing HTML"
"#tatTabFilterHostV6509 .remakeFilter label","","1-1-1","Shared","1","TatRemakeAliasStyles.html:102","","TatRemakeAliasStyles.html","9","true","52","false","High","8","uses !important; shared or cross-dashboard ownership; loaded after closing HTML"
"#tatTabFilterHostV6509 .remakeHiddenSelectV6245","","1-1-0","Shared","1","TatRemakeAliasStyles.html:112","","TatRemakeAliasStyles.html","1","true","9","false","High","8","uses !important; shared or cross-dashboard ownership; loaded after closing HTML"
"#tatTabFilterHostV6509 .remakeMultiFilterV6245","","1-1-0","Shared","1","TatRemakeAliasStyles.html:99","","TatRemakeAliasStyles.html","2","true","10","false","High","8","uses !important; shared or cross-dashboard ownership; loaded after closing HTML"
"#tatTabFilterHostV6509 #remakeTabViewsV6382 svg","","2-0-1","Shared","1","TatRemakeAliasStyles.html:950","","TatRemakeAliasStyles.html","11","true","14","false","High","8","uses !important; shared or cross-dashboard ownership; loaded after closing HTML"
"#tatTabFilterHostV6509.cdaIconToolbarV6527 .remakeCacheActionBarV6338 .remakeButton","","1-3-0","Shared","1","SharedTopParityStyles.html:313","","SharedTopParityStyles.html","5","true","43","false","High","8","uses !important; shared or cross-dashboard ownership; loaded after closing HTML"
"#tatTabFilterHostV6509.cdaIconToolbarV6527 .remakeCacheActionLabelV6338","","1-2-0","Shared","1","SharedTopParityStyles.html:321","","SharedTopParityStyles.html","1","true","13","false","High","8","uses !important; shared or cross-dashboard ownership; loaded after closing HTML"
"#tatTabFilterHostV6509.cdaIconToolbarV6527 .remakeDropdownButtonV6245","","1-2-0","Shared","1","SharedTopParityStyles.html:307","","SharedTopParityStyles.html","8","true","21","false","High","8","uses !important; shared or cross-dashboard ownership; loaded after closing HTML"
"#tatTabFilterHostV6509.cdaIconToolbarV6527 .remakeDropdownButtonV6245::after","","1-2-1","Shared","1","SharedTopParityStyles.html:309","","SharedTopParityStyles.html","1","true","21","false","High","8","uses !important; shared or cross-dashboard ownership; loaded after closing HTML"
"#tatTabFilterHostV6509.cdaIconToolbarV6527 .remakeDropdownButtonV6245::before","","1-2-1","Shared","1","SharedTopParityStyles.html:311","","SharedTopParityStyles.html","8","true","21","false","High","8","uses !important; shared or cross-dashboard ownership; loaded after closing HTML"
"#tatTabFilterHostV6509.cdaIconToolbarV6527 .remakeFilter","","1-2-0","Shared","1","SharedTopParityStyles.html:305","","SharedTopParityStyles.html","3","true","54","false","High","8","uses !important; shared or cross-dashboard ownership; loaded after closing HTML"
"#tatTabFilterHostV6509.cdaIconToolbarV6527 .remakeTabResetV6337::before","","1-2-1","Shared","1","SharedTopParityStyles.html:319","","SharedTopParityStyles.html","3","true","13","false","High","8","uses !important; shared or cross-dashboard ownership; loaded after closing HTML"
"body.remakeCompactActiveV6382 #tatDashboardPageV6509.cleanRemakeV6230 #remakeCustomerTable:not(.compareColumnsV6301) td:first-child","@media (max-width:1279px)","2-4-2","Shared","1","TatRemakeAliasStyles.html:1040","","TatRemakeAliasStyles.html","3","true","904","false","High","8","uses !important; shared or cross-dashboard ownership; loaded after closing HTML"
"body.remakeCompactActiveV6382 #tatDashboardPageV6509.cleanRemakeV6230 #remakeCustomerTable:not(.compareColumnsV6301) td:not(:first-child)","@media (max-width:1279px)","2-4-2","Shared","1","TatRemakeAliasStyles.html:1045","","TatRemakeAliasStyles.html","3","true","904","false","High","8","uses !important; shared or cross-dashboard ownership; loaded after closing HTML"
"body.remakeCompactActiveV6382 #tatDashboardPageV6509.cleanRemakeV6230 #remakeCustomerTable:not(.compareColumnsV6301) th:first-child","@media (max-width:1279px)","2-4-2","Shared","1","TatRemakeAliasStyles.html:1040","","TatRemakeAliasStyles.html","3","true","904","false","High","8","uses !important; shared or cross-dashboard ownership; loaded after closing HTML"
"body.remakeCompactActiveV6382 #tatDashboardPageV6509.cleanRemakeV6230 #remakeCustomerTable:not(.compareColumnsV6301) th:not(:first-child)","@media (max-width:1279px)","2-4-2","Shared","1","TatRemakeAliasStyles.html:1045","","TatRemakeAliasStyles.html","3","true","904","false","High","8","uses !important; shared or cross-dashboard ownership; loaded after closing HTML"
"body.remakeCompactActiveV6382 #tatDashboardPageV6509.cleanRemakeV6230 #remakeDepartmentTable:not(.compareColumnsV6301) td:first-child","@media (max-width:1279px)","2-4-2","Shared","1","TatRemakeAliasStyles.html:1020","","TatRemakeAliasStyles.html","3","true","889","false","High","8","uses !important; shared or cross-dashboard ownership; loaded after closing HTML"
"body.remakeCompactActiveV6382 #tatDashboardPageV6509.cleanRemakeV6230 #remakeDepartmentTable:not(.compareColumnsV6301) td:not(:first-child)","@media (max-width:1279px)","2-4-2","Shared","1","TatRemakeAliasStyles.html:1025","","TatRemakeAliasStyles.html","3","true","889","false","High","8","uses !important; shared or cross-dashboard ownership; loaded after closing HTML"
"body.remakeCompactActiveV6382 #tatDashboardPageV6509.cleanRemakeV6230 #remakeDepartmentTable:not(.compareColumnsV6301) th:first-child","@media (max-width:1279px)","2-4-2","Shared","1","TatRemakeAliasStyles.html:1020","","TatRemakeAliasStyles.html","3","true","889","false","High","8","uses !important; shared or cross-dashboard ownership; loaded after closing HTML"
"body.remakeCompactActiveV6382 #tatDashboardPageV6509.cleanRemakeV6230 #remakeDepartmentTable:not(.compareColumnsV6301) th:not(:first-child)","@media (max-width:1279px)","2-4-2","Shared","1","TatRemakeAliasStyles.html:1025","","TatRemakeAliasStyles.html","3","true","889","false","High","8","uses !important; shared or cross-dashboard ownership; loaded after closing HTML"
"body.remakeCompactActiveV6382 #tatDashboardPageV6509.cleanRemakeV6230 #remakeProductTable:not(.compareColumnsV6301) td:first-child","@media (max-width:1279px)","2-4-2","Shared","1","TatRemakeAliasStyles.html:1030","","TatRemakeAliasStyles.html","3","true","911","false","High","8","uses !important; shared or cross-dashboard ownership; loaded after closing HTML"
"body.remakeCompactActiveV6382 #tatDashboardPageV6509.cleanRemakeV6230 #remakeProductTable:not(.compareColumnsV6301) td:not(:first-child)","@media (max-width:1279px)","2-4-2","Shared","1","TatRemakeAliasStyles.html:1035","","TatRemakeAliasStyles.html","3","true","911","false","High","8","uses !important; shared or cross-dashboard ownership; loaded after closing HTML"
"body.remakeCompactActiveV6382 #tatDashboardPageV6509.cleanRemakeV6230 #remakeProductTable:not(.compareColumnsV6301) th:first-child","@media (max-width:1279px)","2-4-2","Shared","1","TatRemakeAliasStyles.html:1030","","TatRemakeAliasStyles.html","3","true","911","false","High","8","uses !important; shared or cross-dashboard ownership; loaded after closing HTML"
"body.remakeCompactActiveV6382 #tatDashboardPageV6509.cleanRemakeV6230 #remakeProductTable:not(.compareColumnsV6301) th:not(:first-child)","@media (max-width:1279px)","2-4-2","Shared","1","TatRemakeAliasStyles.html:1035","","TatRemakeAliasStyles.html","3","true","911","false","High","8","uses !important; shared or cross-dashboard ownership; loaded after closing HTML"
"body.remakeCompactActiveV6382 #tatDashboardPageV6509.cleanRemakeV6230 #remakeReasonTable:not(.compareColumnsV6301) td:first-child","@media (max-width:1279px)","2-4-2","Shared","1","TatRemakeAliasStyles.html:1010","","TatRemakeAliasStyles.html","3","true","828","false","High","8","uses !important; shared or cross-dashboard ownership; loaded after closing HTML"
"body.remakeCompactActiveV6382 #tatDashboardPageV6509.cleanRemakeV6230 #remakeReasonTable:not(.compareColumnsV6301) td:not(:first-child)","@media (max-width:1279px)","2-4-2","Shared","1","TatRemakeAliasStyles.html:1015","","TatRemakeAliasStyles.html","3","true","828","false","High","8","uses !important; shared or cross-dashboard ownership; loaded after closing HTML"
"body.remakeCompactActiveV6382 #tatDashboardPageV6509.cleanRemakeV6230 #remakeReasonTable:not(.compareColumnsV6301) th:first-child","@media (max-width:1279px)","2-4-2","Shared","1","TatRemakeAliasStyles.html:1010","","TatRemakeAliasStyles.html","3","true","828","false","High","8","uses !important; shared or cross-dashboard ownership; loaded after closing HTML"
"body.remakeCompactActiveV6382 #tatDashboardPageV6509.cleanRemakeV6230 #remakeReasonTable:not(.compareColumnsV6301) th:not(:first-child)","@media (max-width:1279px)","2-4-2","Shared","1","TatRemakeAliasStyles.html:1015","","TatRemakeAliasStyles.html","3","true","828","false","High","8","uses !important; shared or cross-dashboard ownership; loaded after closing HTML"
"body.remakeCompactActiveV6382 #tatDashboardPageV6509.cleanRemakeV6230 table.remakeTable.compareColumnsV6301","@media (max-width:1279px)","1-4-2","Shared","1","TatRemakeAliasStyles.html:1050","","TatRemakeAliasStyles.html","5","true","930","false","High","8","uses !important; shared or cross-dashboard ownership; loaded after closing HTML"
"body.remakeCompactActiveV6382 #tatDashboardPageV6509.cleanRemakeV6230 table.remakeTable.compareColumnsV6301 .deltaCellV6301","@media (max-width:1279px)","1-5-2","Shared","1","TatRemakeAliasStyles.html:1061","","TatRemakeAliasStyles.html","3","true","936","false","High","8","uses !important; shared or cross-dashboard ownership; loaded after closing HTML"
"body.remakeCompactActiveV6382 #tatDashboardPageV6509.cleanRemakeV6230 table.remakeTable.compareColumnsV6301 .deltaHeaderV6301","@media (max-width:1279px)","1-5-2","Shared","1","TatRemakeAliasStyles.html:1061","","TatRemakeAliasStyles.html","3","true","936","false","High","8","uses !important; shared or cross-dashboard ownership; loaded after closing HTML"
"body.remakeCompactActiveV6382 #tatDashboardPageV6509.cleanRemakeV6230 table.remakeTable.compareColumnsV6301 td:not(:first-child)","@media (max-width:1279px)","1-5-3","Shared","1","TatRemakeAliasStyles.html:1056","","TatRemakeAliasStyles.html","3","true","930","false","High","8","uses !important; shared or cross-dashboard ownership; loaded after closing HTML"
"body.remakeCompactActiveV6382 #tatDashboardPageV6509.cleanRemakeV6230 table.remakeTable.compareColumnsV6301 th:not(:first-child)","@media (max-width:1279px)","1-5-3","Shared","1","TatRemakeAliasStyles.html:1056","","TatRemakeAliasStyles.html","3","true","930","false","High","8","uses !important; shared or cross-dashboard ownership; loaded after closing HTML"
"body.remakeCompactFiltersOpenV6382 #tatDashboardPageV6509.cleanRemakeV6230 .remakeDropdownButtonV6245","@media (max-width:1279px)","1-3-1","Shared","1","TatRemakeAliasStyles.html:717","","TatRemakeAliasStyles.html","11","true","608","false","High","8","uses !important; shared or cross-dashboard ownership; loaded after closing HTML"
"body.remakeCompactFiltersOpenV6382 #tatDashboardPageV6509.cleanRemakeV6230 .remakeFilter","@media (max-width:1279px)","1-3-1","Shared","1","TatRemakeAliasStyles.html:690","","TatRemakeAliasStyles.html","12","true","641","false","High","8","uses !important; shared or cross-dashboard ownership; loaded after closing HTML"
"body.remakeCompactFiltersOpenV6382 #tatDashboardPageV6509.cleanRemakeV6230 .remakeFilter label","@media (max-width:1279px)","1-3-2","Shared","1","TatRemakeAliasStyles.html:703","","TatRemakeAliasStyles.html","13","true","641","false","High","8","uses !important; shared or cross-dashboard ownership; loaded after closing HTML"
".chartTitle","","0-1-0","Shared","9","DashboardBaseStyles.html:309","DashboardBaseStyles.html:956; DashboardBaseStyles.html:1069; DashboardBaseStyles.html:1101; DashboardBaseStyles.html:1170; DashboardBaseStyles.html:1414; DashboardBaseStyles.html:1621; DashboardBaseStyles.html:1818; DashboardBaseStyles.html:3231","DashboardBaseStyles.html","14","false","22","false","High","7","repeated selector; uses !important; shared or cross-dashboard ownership"
".sectionHeader","","0-1-0","Shared","8","DashboardBaseStyles.html:211","DashboardBaseStyles.html:605; DashboardBaseStyles.html:902; DashboardBaseStyles.html:1073; DashboardBaseStyles.html:1152; DashboardBaseStyles.html:1422; DashboardBaseStyles.html:1627; DashboardBaseStyles.html:1824","DashboardBaseStyles.html","14","false","7","false","High","7","repeated selector; uses !important; shared or cross-dashboard ownership"
".segBtn.active","","0-2-0","Shared","8","DashboardBaseStyles.html:110","DashboardBaseStyles.html:571; DashboardBaseStyles.html:842; DashboardBaseStyles.html:1028; DashboardBaseStyles.html:1147; DashboardBaseStyles.html:1285; DashboardBaseStyles.html:1530; DashboardBaseStyles.html:1725","DashboardBaseStyles.html","11","false","603","false","High","7","repeated selector; uses !important; shared or cross-dashboard ownership"
".tabBtn.active","","0-2-0","Shared","8","DashboardBaseStyles.html:56","DashboardBaseStyles.html:550; DashboardBaseStyles.html:837; DashboardBaseStyles.html:1064; DashboardBaseStyles.html:1158; DashboardBaseStyles.html:1233; DashboardBaseStyles.html:1498; DashboardBaseStyles.html:1693","DashboardBaseStyles.html","11","false","612","false","High","7","repeated selector; uses !important; shared or cross-dashboard ownership"
".negative","","0-1-0","Shared","7","DashboardBaseStyles.html:402","DashboardBaseStyles.html:969; DashboardBaseStyles.html:1085; DashboardBaseStyles.html:1175; DashboardBaseStyles.html:1449; DashboardBaseStyles.html:1639; DashboardBaseStyles.html:1836","DashboardBaseStyles.html","7","false","13","false","High","7","repeated selector; uses !important; shared or cross-dashboard ownership"
".positive","","0-1-0","Shared","7","DashboardBaseStyles.html:407","DashboardBaseStyles.html:974; DashboardBaseStyles.html:1090; DashboardBaseStyles.html:1180; DashboardBaseStyles.html:1454; DashboardBaseStyles.html:1644; DashboardBaseStyles.html:1841","DashboardBaseStyles.html","7","false","20","false","High","7","repeated selector; uses !important; shared or cross-dashboard ownership"
".dropdownButton","","0-1-0","Shared","6","DashboardBaseStyles.html:709","DashboardBaseStyles.html:984; DashboardBaseStyles.html:1078; DashboardBaseStyles.html:1366; DashboardBaseStyles.html:1569; DashboardBaseStyles.html:1768","DashboardBaseStyles.html","19","false","9","false","High","7","repeated selector; uses !important; shared or cross-dashboard ownership"
".kpiMini::before","","0-1-1","Shared","6","DashboardBaseStyles.html:866","DashboardBaseStyles.html:1018; DashboardBaseStyles.html:1124; DashboardBaseStyles.html:1306; DashboardBaseStyles.html:1540; DashboardBaseStyles.html:1735","DashboardBaseStyles.html","4","false","5","false","High","7","repeated selector; uses !important; shared or cross-dashboard ownership"
"tr.active td","","0-1-2","Shared","6","DashboardBaseStyles.html:396","DashboardBaseStyles.html:979; DashboardBaseStyles.html:1185; DashboardBaseStyles.html:1444; DashboardBaseStyles.html:1597; DashboardBaseStyles.html:1800","DashboardBaseStyles.html","6","false","599","false","High","7","repeated selector; uses !important; shared or cross-dashboard ownership"
"tr.clickable:hover td","","0-2-2","Shared","6","DashboardBaseStyles.html:396","DashboardBaseStyles.html:979; DashboardBaseStyles.html:1185; DashboardBaseStyles.html:1444; DashboardBaseStyles.html:1597; DashboardBaseStyles.html:1800","DashboardBaseStyles.html","6","false","27","false","High","7","repeated selector; uses !important; shared or cross-dashboard ownership"
".kpiMini .value.bad","","0-3-0","Shared","5","DashboardBaseStyles.html:156","DashboardBaseStyles.html:880; DashboardBaseStyles.html:1324; DashboardBaseStyles.html:1549; DashboardBaseStyles.html:1748","DashboardBaseStyles.html","3","false","1674","false","High","7","repeated selector; uses !important; shared or cross-dashboard ownership"
".kpiMini .value.good","","0-3-0","Shared","5","DashboardBaseStyles.html:152","DashboardBaseStyles.html:884; DashboardBaseStyles.html:1328; DashboardBaseStyles.html:1553; DashboardBaseStyles.html:1752","DashboardBaseStyles.html","3","false","1644","false","High","7","repeated selector; uses !important; shared or cross-dashboard ownership"
"input[type=""text""]","","0-1-1","Shared","5","DashboardBaseStyles.html:272","DashboardBaseStyles.html:1078; DashboardBaseStyles.html:1366; DashboardBaseStyles.html:1569; DashboardBaseStyles.html:1768","DashboardBaseStyles.html","19","false","0","false","High","7","repeated selector; uses !important; shared or cross-dashboard ownership"
"select","","0-0-1","Shared","5","DashboardBaseStyles.html:272","DashboardBaseStyles.html:1078; DashboardBaseStyles.html:1366; DashboardBaseStyles.html:1569; DashboardBaseStyles.html:1768","DashboardBaseStyles.html","19","false","0","false","High","7","repeated selector; uses !important; shared or cross-dashboard ownership"
".chip button","","0-1-1","Shared","4","DashboardBaseStyles.html:182","DashboardBaseStyles.html:1565; DashboardBaseStyles.html:1764; DashboardBaseStyles.html:2574","DashboardBaseStyles.html","10","false","61","false","High","7","repeated selector; uses !important; shared or cross-dashboard ownership"
".deptRow.active","","0-2-0","Shared","4","DashboardBaseStyles.html:245","DashboardBaseStyles.html:634; DashboardBaseStyles.html:1597; DashboardBaseStyles.html:1800","DashboardBaseStyles.html","4","false","609","false","High","7","repeated selector; uses !important; shared or cross-dashboard ownership"
".tinyBtn","","0-1-0","Shared","4","DashboardBaseStyles.html:324","DashboardBaseStyles.html:1459; DashboardBaseStyles.html:1649; DashboardBaseStyles.html:1846","DashboardBaseStyles.html","7","false","12","false","High","7","repeated selector; uses !important; shared or cross-dashboard ownership"
".tinyBtn.active","","0-2-0","Shared","4","DashboardBaseStyles.html:335","DashboardBaseStyles.html:1466; DashboardBaseStyles.html:1653; DashboardBaseStyles.html:1851","DashboardBaseStyles.html","9","false","611","false","High","7","repeated selector; uses !important; shared or cross-dashboard ownership"
".yearRow.active","","0-2-0","Shared","4","DashboardBaseStyles.html:245","DashboardBaseStyles.html:634; DashboardBaseStyles.html:1597; DashboardBaseStyles.html:1800","DashboardBaseStyles.html","4","false","610","false","High","7","repeated selector; uses !important; shared or cross-dashboard ownership"
".cardHeader","","0-1-0","Shared","3","DashboardBaseStyles.html:301","DashboardBaseStyles.html:952; DashboardBaseStyles.html:3226","DashboardBaseStyles.html","2","false","9","false","High","7","repeated selector; uses !important; shared or cross-dashboard ownership"
".controlButtonStrip .resetBtn","","0-2-0","Shared","3","DashboardBaseStyles.html:2878","DashboardBaseStyles.html:3040; DashboardBaseStyles.html:3058","DashboardBaseStyles.html","17","false","15","false","High","7","repeated selector; uses !important; shared or cross-dashboard ownership"
"#overviewOne .topBar.executiveTop","","1-2-0","Overview","3","DashboardBaseStyles.html:3482","DashboardBaseStyles.html:4798; Index.html:4116","DashboardBaseStyles.html; Index.html","15","false","544","false","High","7","repeated selector; cross-file cascade; uses !important"
".controlButtonStrip .segBtn","","0-2-0","Shared","2","DashboardBaseStyles.html:2878","DashboardBaseStyles.html:3040","DashboardBaseStyles.html","13","false","5","false","High","7","repeated selector; uses !important; shared or cross-dashboard ownership"
".controlButtonStrip .segGroup","","0-2-0","Shared","2","DashboardBaseStyles.html:2872","DashboardBaseStyles.html:3032","DashboardBaseStyles.html","8","false","3","false","High","7","repeated selector; uses !important; shared or cross-dashboard ownership"
".controlFilterRow .chip","","0-2-0","Shared","2","DashboardBaseStyles.html:2901","DashboardBaseStyles.html:3076","DashboardBaseStyles.html","11","false","79","false","High","7","repeated selector; uses !important; shared or cross-dashboard ownership"
".dropdownButton::after","","0-1-1","Shared","2","DashboardBaseStyles.html:726","DashboardBaseStyles.html:1778","DashboardBaseStyles.html","1","false","9","false","High","7","repeated selector; uses !important; shared or cross-dashboard ownership"
".dropdownCount","","0-1-0","Shared","2","DashboardBaseStyles.html:2343","DashboardBaseStyles.html:3279","DashboardBaseStyles.html","6","false","22","false","High","7","repeated selector; uses !important; shared or cross-dashboard ownership"
".footer","","0-1-0","Shared","2","DashboardBaseStyles.html:412","DashboardBaseStyles.html:1472","DashboardBaseStyles.html","3","false","17","false","High","7","repeated selector; uses !important; shared or cross-dashboard ownership"
".miniLabel","","0-1-0","Shared","2","DashboardBaseStyles.html:596","DashboardBaseStyles.html:1358","DashboardBaseStyles.html","5","false","4","false","High","7","repeated selector; uses !important; shared or cross-dashboard ownership"
".topBar.executiveTop .comparisonKpi .label","","0-4-0","Shared","2","DashboardBaseStyles.html:2837","DashboardBaseStyles.html:2984","DashboardBaseStyles.html","8","false","1263","false","High","7","repeated selector; uses !important; shared or cross-dashboard ownership"
".topBar.executiveTop .comparisonKpi::before","","0-3-1","Shared","2","DashboardBaseStyles.html:2972","DashboardBaseStyles.html:3117","DashboardBaseStyles.html","10","false","306","false","High","7","repeated selector; uses !important; shared or cross-dashboard ownership"
"#categoricalPage","","1-0-0","Shared","2","Index.html:243","Index.html:4007","Index.html","5","false","23","false","High","7","repeated selector; uses !important; shared or cross-dashboard ownership"
"#overviewOne","","1-0-0","Overview","2","DashboardBaseStyles.html:4346","Index.html:243","DashboardBaseStyles.html; Index.html","4","false","287","false","High","7","repeated selector; cross-file cascade; uses !important"
"#overviewOne .dropdownPanel","","1-1-0","Overview","2","DashboardBaseStyles.html:3688","Index.html:4258","DashboardBaseStyles.html; Index.html","5","false","320","false","High","7","repeated selector; cross-file cascade; uses !important"
"#remakeFactorPage","","1-0-0","Remake","2","DashboardBaseStyles.html:8379","Index.html:4007","DashboardBaseStyles.html; Index.html","2","false","727","false","High","7","repeated selector; cross-file cascade; uses !important"
"#remakeFactorPage.cleanRemakeV6230 .remakeCustomerTableWrapV6230","@media (max-width:1279px)","1-2-0","Remake","2","RemakeResponsiveStyles.html:734","Index.html:2878","RemakeResponsiveStyles.html; Index.html","22","false","1320","false","High","7","repeated selector; cross-file cascade; uses !important"
"#remakeFactorPage.cleanRemakeV6230 .remakeDepartmentTableWrapV6230","@media (max-width:1279px)","1-2-0","Remake","2","RemakeResponsiveStyles.html:734","Index.html:2878","RemakeResponsiveStyles.html; Index.html","22","false","1315","false","High","7","repeated selector; cross-file cascade; uses !important"
"#remakeFactorPage.cleanRemakeV6230 .remakeProductTableWrapV6230","@media (max-width:1279px)","1-2-0","Remake","2","RemakeResponsiveStyles.html:734","Index.html:2878","RemakeResponsiveStyles.html; Index.html","22","false","1317","false","High","7","repeated selector; cross-file cascade; uses !important"
"#remakeTabFilterHostV6337:not([hidden]) #remakeTabViewsV6382","@media (min-width:1280px)","2-1-0","Remake","2","RemakeResponsiveStyles.html:259","Index.html:2801","RemakeResponsiveStyles.html; Index.html","12","false","16","false","High","7","repeated selector; cross-file cascade; uses !important"
"#tatDashboardPageV6509.cleanRemakeV6230 .ceramistDetailChevronV6368","","1-2-0","TAT","2","TatRemakeAliasStyles.html:65","TatRemakeAliasStyles.html:595","TatRemakeAliasStyles.html","4","true","596","false","High","7","repeated selector; uses !important; loaded after closing HTML"
"#tatDashboardPageV6509.cleanRemakeV6230 .ceramistDetailSelectionV6368","","1-2-0","TAT","2","TatRemakeAliasStyles.html:519","TatRemakeAliasStyles.html:614","TatRemakeAliasStyles.html","6","true","597","false","High","7","repeated selector; uses !important; loaded after closing HTML"
"#tatDashboardPageV6509.cleanRemakeV6230 .ceramistPanelTitleV6343","","1-2-0","TAT","2","TatRemakeAliasStyles.html:315","TatRemakeAliasStyles.html:403","TatRemakeAliasStyles.html","4","true","598","false","High","7","repeated selector; uses !important; loaded after closing HTML"
"tr:nth-child(even) td","","0-1-2","Shared","2","DashboardBaseStyles.html:392","DashboardBaseStyles.html:1440","DashboardBaseStyles.html","1","false","0","false","High","7","repeated selector; uses !important; shared or cross-dashboard ownership"
".tatCardV6509.tatWideV6509","","0-2-0","Shared","1","UnifiedControlsStyles.html:147","","UnifiedControlsStyles.html","0","true","8","false","High","7","shared or cross-dashboard ownership; loaded after closing HTML; same selector appears in multiple at-rule contexts"
".tatCardV6509.tatWideV6509","@media(max-width:1279px)","0-2-0","Shared","1","UnifiedControlsStyles.html:183","","UnifiedControlsStyles.html","0","true","8","false","High","7","shared or cross-dashboard ownership; loaded after closing HTML; same selector appears in multiple at-rule contexts"
".tatChartV6509","","0-1-0","Shared","1","UnifiedControlsStyles.html:157","","UnifiedControlsStyles.html","0","true","2","false","High","7","shared or cross-dashboard ownership; loaded after closing HTML; same selector appears in multiple at-rule contexts"
".tatChartV6509","@media(max-width:700px)","0-1-0","Shared","1","UnifiedControlsStyles.html:184","","UnifiedControlsStyles.html","0","true","2","false","High","7","shared or cross-dashboard ownership; loaded after closing HTML; same selector appears in multiple at-rule contexts"
".tatCoverageNoteV6509","","0-1-0","Shared","1","UnifiedControlsStyles.html:138","","UnifiedControlsStyles.html","0","true","3","false","High","7","shared or cross-dashboard ownership; loaded after closing HTML; same selector appears in multiple at-rule contexts"
".tatCoverageNoteV6509","@media(max-width:1279px)","0-1-0","Shared","1","UnifiedControlsStyles.html:183","","UnifiedControlsStyles.html","0","true","3","false","High","7","shared or cross-dashboard ownership; loaded after closing HTML; same selector appears in multiple at-rule contexts"
".tatCoverageV6509","","0-1-0","Shared","1","UnifiedControlsStyles.html:133","","UnifiedControlsStyles.html","0","true","3","false","High","7","shared or cross-dashboard ownership; loaded after closing HTML; same selector appears in multiple at-rule contexts"
".tatCoverageV6509","@media(max-width:1279px)","0-1-0","Shared","1","UnifiedControlsStyles.html:183","","UnifiedControlsStyles.html","0","true","3","false","High","7","shared or cross-dashboard ownership; loaded after closing HTML; same selector appears in multiple at-rule contexts"
".tatCustomersWrapV6509","","0-1-0","Shared","1","UnifiedControlsStyles.html:160","","UnifiedControlsStyles.html","0","true","1","false","High","7","shared or cross-dashboard ownership; loaded after closing HTML; same selector appears in multiple at-rule contexts"
".tatCustomersWrapV6509","@media(max-width:700px)","0-1-0","Shared","1","UnifiedControlsStyles.html:184","","UnifiedControlsStyles.html","0","true","1","false","High","7","shared or cross-dashboard ownership; loaded after closing HTML; same selector appears in multiple at-rule contexts"
".tatGridV6509","","0-1-0","Shared","1","UnifiedControlsStyles.html:145","","UnifiedControlsStyles.html","0","true","1","false","High","7","shared or cross-dashboard ownership; loaded after closing HTML; same selector appears in multiple at-rule contexts"
".tatGridV6509","@media(max-width:1279px)","0-1-0","Shared","1","UnifiedControlsStyles.html:183","","UnifiedControlsStyles.html","0","true","1","false","High","7","shared or cross-dashboard ownership; loaded after closing HTML; same selector appears in multiple at-rule contexts"
".tatIssueSummaryV6509","","0-1-0","Shared","1","UnifiedControlsStyles.html:162","","UnifiedControlsStyles.html","0","true","3","false","High","7","shared or cross-dashboard ownership; loaded after closing HTML; same selector appears in multiple at-rule contexts"
".tatIssueSummaryV6509","@media(max-width:1279px)","0-1-0","Shared","1","UnifiedControlsStyles.html:183","","UnifiedControlsStyles.html","0","true","3","false","High","7","shared or cross-dashboard ownership; loaded after closing HTML; same selector appears in multiple at-rule contexts"
".tatIssueSummaryV6509","@media(max-width:700px)","0-1-0","Shared","1","UnifiedControlsStyles.html:184","","UnifiedControlsStyles.html","0","true","3","false","High","7","shared or cross-dashboard ownership; loaded after closing HTML; same selector appears in multiple at-rule contexts"
".tatKpisV6509","","0-1-0","Shared","1","UnifiedControlsStyles.html:125","","UnifiedControlsStyles.html","0","true","3","false","High","7","shared or cross-dashboard ownership; loaded after closing HTML; same selector appears in multiple at-rule contexts"
".tatKpisV6509","@media(max-width:1279px)","0-1-0","Shared","1","UnifiedControlsStyles.html:183","","UnifiedControlsStyles.html","0","true","3","false","High","7","shared or cross-dashboard ownership; loaded after closing HTML; same selector appears in multiple at-rule contexts"
".tatKpisV6509","@media(max-width:1450px)","0-1-0","Shared","1","UnifiedControlsStyles.html:181","","UnifiedControlsStyles.html","0","true","3","false","High","7","shared or cross-dashboard ownership; loaded after closing HTML; same selector appears in multiple at-rule contexts"
".tatKpisV6509","@media(max-width:700px)","0-1-0","Shared","1","UnifiedControlsStyles.html:184","","UnifiedControlsStyles.html","0","true","3","false","High","7","shared or cross-dashboard ownership; loaded after closing HTML; same selector appears in multiple at-rule contexts"
".tatKpiV6509 .value","","0-2-0","Shared","1","UnifiedControlsStyles.html:128","","UnifiedControlsStyles.html","0","true","1618","false","High","7","shared or cross-dashboard ownership; loaded after closing HTML; same selector appears in multiple at-rule contexts"
".tatKpiV6509 .value","@media(max-width:700px)","0-2-0","Shared","1","UnifiedControlsStyles.html:184","","UnifiedControlsStyles.html","0","true","1618","false","High","7","shared or cross-dashboard ownership; loaded after closing HTML; same selector appears in multiple at-rule contexts"
".tatQualityTableWrapV6509","","0-1-0","Shared","1","UnifiedControlsStyles.html:167","","UnifiedControlsStyles.html","0","true","1","false","High","7","shared or cross-dashboard ownership; loaded after closing HTML; same selector appears in multiple at-rule contexts"
".tatQualityTableWrapV6509","@media(max-width:700px)","0-1-0","Shared","1","UnifiedControlsStyles.html:184","","UnifiedControlsStyles.html","0","true","1","false","High","7","shared or cross-dashboard ownership; loaded after closing HTML; same selector appears in multiple at-rule contexts"
".tatSummaryTableV6509","","0-1-0","Shared","1","UnifiedControlsStyles.html:159","","UnifiedControlsStyles.html","0","true","2","false","High","7","shared or cross-dashboard ownership; loaded after closing HTML; same selector appears in multiple at-rule contexts"
".tatSummaryTableV6509","@media(max-width:700px)","0-1-0","Shared","1","UnifiedControlsStyles.html:184","","UnifiedControlsStyles.html","0","true","2","false","High","7","shared or cross-dashboard ownership; loaded after closing HTML; same selector appears in multiple at-rule contexts"
"#tatTabFilterHostV6509 .remakeCacheActionBarV6338 .remakeButton","@media (max-width:1500px) and (min-width:1280px)","1-2-0","Shared","1","TatRemakeAliasStyles.html:262","","TatRemakeAliasStyles.html","0","true","41","false","High","7","shared or cross-dashboard ownership; loaded after closing HTML; same selector appears in multiple at-rule contexts"
".areaUnits .chartBox","","0-2-0","Shared","4","DashboardBaseStyles.html:347","DashboardBaseStyles.html:651; DashboardBaseStyles.html:931; DashboardBaseStyles.html:1049","DashboardBaseStyles.html","0","false","15","false","High","6","repeated selector; shared or cross-dashboard ownership; same selector appears in multiple at-rule contexts"
".chartBox","","0-1-0","Shared","4","DashboardBaseStyles.html:341","DashboardBaseStyles.html:651; DashboardBaseStyles.html:919; DashboardBaseStyles.html:1049","DashboardBaseStyles.html","0","false","11","false","High","6","repeated selector; shared or cross-dashboard ownership; same selector appears in multiple at-rule contexts"
".areaAvg .chartBox","","0-2-0","Shared","3","DashboardBaseStyles.html:656","DashboardBaseStyles.html:931; DashboardBaseStyles.html:1049","DashboardBaseStyles.html","0","false","15","false","High","6","repeated selector; shared or cross-dashboard ownership; same selector appears in multiple at-rule contexts"
".areaCustomers .chartBox","","0-2-0","Shared","2","DashboardBaseStyles.html:931","DashboardBaseStyles.html:1049","DashboardBaseStyles.html","0","false","15","false","High","6","repeated selector; shared or cross-dashboard ownership; same selector appears in multiple at-rule contexts"
".areaProductTable .tableScroll","@media (max-width: 1150px)","0-2-0","Shared","2","DashboardBaseStyles.html:510","DashboardBaseStyles.html:997","DashboardBaseStyles.html","0","false","23","false","High","6","repeated selector; shared or cross-dashboard ownership; same selector appears in multiple at-rule contexts"
".areaRpac .chartBox","","0-2-0","Shared","2","DashboardBaseStyles.html:931","DashboardBaseStyles.html:1049","DashboardBaseStyles.html","0","false","15","false","High","6","repeated selector; shared or cross-dashboard ownership; same selector appears in multiple at-rule contexts"
".areaUnits .chartBox","@media (max-width: 1150px)","0-2-0","Shared","2","DashboardBaseStyles.html:510","DashboardBaseStyles.html:997","DashboardBaseStyles.html","0","false","15","false","High","6","repeated selector; shared or cross-dashboard ownership; same selector appears in multiple at-rule contexts"
".chartBox","@media (max-width: 1150px)","0-1-0","Shared","2","DashboardBaseStyles.html:510","DashboardBaseStyles.html:997","DashboardBaseStyles.html","0","false","11","false","High","6","repeated selector; shared or cross-dashboard ownership; same selector appears in multiple at-rule contexts"
".deptList","","0-1-0","Shared","2","DashboardBaseStyles.html:227","DashboardBaseStyles.html:610","DashboardBaseStyles.html","0","false","1","false","High","6","repeated selector; shared or cross-dashboard ownership; same selector appears in multiple at-rule contexts"
".grid","@media (max-width: 1150px)","0-1-0","Shared","2","DashboardBaseStyles.html:492","DashboardBaseStyles.html:993","DashboardBaseStyles.html","0","false","177","false","High","6","repeated selector; shared or cross-dashboard ownership; same selector appears in multiple at-rule contexts"
".multiList","","0-1-0","Shared","2","DashboardBaseStyles.html:1994","DashboardBaseStyles.html:2351","DashboardBaseStyles.html","0","false","2","false","High","6","repeated selector; shared or cross-dashboard ownership; same selector appears in multiple at-rule contexts"
".tableScroll","@media (max-width: 1150px)","0-1-0","Shared","2","DashboardBaseStyles.html:510","DashboardBaseStyles.html:997","DashboardBaseStyles.html","0","false","8","false","High","6","repeated selector; shared or cross-dashboard ownership; same selector appears in multiple at-rule contexts"
".yearList","","0-1-0","Shared","2","DashboardBaseStyles.html:227","DashboardBaseStyles.html:619","DashboardBaseStyles.html","0","false","14","false","High","6","repeated selector; shared or cross-dashboard ownership; same selector appears in multiple at-rule contexts"
".areaAvg","@media (max-width: 1250px)","0-1-0","Shared","1","DashboardBaseStyles.html:2798","","DashboardBaseStyles.html","1","false","4","false","High","6","uses !important; shared or cross-dashboard ownership; same selector appears in multiple at-rule contexts"
".areaAvg","@media (max-width: 900px)","0-1-0","Shared","1","DashboardBaseStyles.html:2808","","DashboardBaseStyles.html","1","false","4","false","High","6","uses !important; shared or cross-dashboard ownership; same selector appears in multiple at-rule contexts"
".areaAvg .chartBox","@media (max-width: 1450px) and (min-width: 901px)","0-2-0","Shared","1","DashboardBaseStyles.html:3209","","DashboardBaseStyles.html","1","false","15","false","High","6","uses !important; shared or cross-dashboard ownership; same selector appears in multiple at-rule contexts"
".areaAvg .chartBox","@media (max-width: 900px)","0-2-0","Shared","1","DashboardBaseStyles.html:3240","","DashboardBaseStyles.html","1","false","15","false","High","6","uses !important; shared or cross-dashboard ownership; same selector appears in multiple at-rule contexts"
".areaAvg .chartBox","@media (min-width: 1451px)","0-2-0","Shared","1","DashboardBaseStyles.html:3175","","DashboardBaseStyles.html","1","false","15","false","High","6","uses !important; shared or cross-dashboard ownership; same selector appears in multiple at-rule contexts"
".areaCustomers","@media (max-width: 1250px)","0-1-0","Shared","1","DashboardBaseStyles.html:2795","","DashboardBaseStyles.html","1","false","4","false","High","6","uses !important; shared or cross-dashboard ownership; same selector appears in multiple at-rule contexts"
".areaCustomers","@media (max-width: 900px)","0-1-0","Shared","1","DashboardBaseStyles.html:2805","","DashboardBaseStyles.html","1","false","4","false","High","6","uses !important; shared or cross-dashboard ownership; same selector appears in multiple at-rule contexts"
".areaCustomers .chartBox","@media (max-width: 1450px) and (min-width: 901px)","0-2-0","Shared","1","DashboardBaseStyles.html:3209","","DashboardBaseStyles.html","1","false","15","false","High","6","uses !important; shared or cross-dashboard ownership; same selector appears in multiple at-rule contexts"
".areaCustomers .chartBox","@media (max-width: 900px)","0-2-0","Shared","1","DashboardBaseStyles.html:3240","","DashboardBaseStyles.html","1","false","15","false","High","6","uses !important; shared or cross-dashboard ownership; same selector appears in multiple at-rule contexts"
".areaCustomers .chartBox","@media (min-width: 1451px)","0-2-0","Shared","1","DashboardBaseStyles.html:3175","","DashboardBaseStyles.html","1","false","15","false","High","6","uses !important; shared or cross-dashboard ownership; same selector appears in multiple at-rule contexts"
".areaCustomerTable","@media (max-width: 1100px)","0-1-0","Shared","1","DashboardBaseStyles.html:2456","","DashboardBaseStyles.html","1","false","5","false","High","6","uses !important; shared or cross-dashboard ownership; same selector appears in multiple at-rule contexts"
".areaCustomerTable .tableScroll","@media (max-width: 1250px)","0-2-0","Shared","1","DashboardBaseStyles.html:2543","","DashboardBaseStyles.html","7","false","13","false","High","6","uses !important; shared or cross-dashboard ownership; same selector appears in multiple at-rule contexts"
".areaCustomerTable table","","0-1-1","Shared","1","DashboardBaseStyles.html:2445","","DashboardBaseStyles.html","1","false","5","false","High","6","uses !important; shared or cross-dashboard ownership; same selector appears in multiple at-rule contexts"
".areaCustomerTable table","@media (max-width: 900px)","0-1-1","Shared","1","DashboardBaseStyles.html:2566","","DashboardBaseStyles.html","1","false","5","false","High","6","uses !important; shared or cross-dashboard ownership; same selector appears in multiple at-rule contexts"
".areaProductTable","@media (max-width: 1100px)","0-1-0","Shared","1","DashboardBaseStyles.html:2456","","DashboardBaseStyles.html","1","false","15","false","High","6","uses !important; shared or cross-dashboard ownership; same selector appears in multiple at-rule contexts"
".areaProductTable .tableScroll","@media (max-width: 1250px)","0-2-0","Shared","1","DashboardBaseStyles.html:2543","","DashboardBaseStyles.html","7","false","23","false","High","6","uses !important; shared or cross-dashboard ownership; same selector appears in multiple at-rule contexts"
".areaProductTable .tableScroll","@media (max-width: 1450px) and (min-width: 901px)","0-2-0","Shared","1","DashboardBaseStyles.html:3216","","DashboardBaseStyles.html","1","false","23","false","High","6","uses !important; shared or cross-dashboard ownership; same selector appears in multiple at-rule contexts"
".areaProductTable .tableScroll","@media (max-width: 900px)","0-2-0","Shared","1","DashboardBaseStyles.html:2278","","DashboardBaseStyles.html","3","false","23","false","High","6","uses !important; shared or cross-dashboard ownership; same selector appears in multiple at-rule contexts"
".areaProductTable .tableScroll","@media (min-width: 1451px)","0-2-0","Shared","1","DashboardBaseStyles.html:3186","","DashboardBaseStyles.html","1","false","23","false","High","6","uses !important; shared or cross-dashboard ownership; same selector appears in multiple at-rule contexts"
".areaProductTable table","","0-1-1","Shared","1","DashboardBaseStyles.html:2445","","DashboardBaseStyles.html","1","false","15","false","High","6","uses !important; shared or cross-dashboard ownership; same selector appears in multiple at-rule contexts"
".areaProductTable table","@media (max-width: 900px)","0-1-1","Shared","1","DashboardBaseStyles.html:2566","","DashboardBaseStyles.html","1","false","15","false","High","6","uses !important; shared or cross-dashboard ownership; same selector appears in multiple at-rule contexts"
".areaRevenue","@media (max-width: 1250px)","0-1-0","Shared","1","DashboardBaseStyles.html:2794","","DashboardBaseStyles.html","1","false","6","false","High","6","uses !important; shared or cross-dashboard ownership; same selector appears in multiple at-rule contexts"
".areaRevenue .chartBox","@media (max-width: 1450px) and (min-width: 901px)","0-2-0","Shared","1","DashboardBaseStyles.html:3205","","DashboardBaseStyles.html","1","false","17","false","High","6","uses !important; shared or cross-dashboard ownership; same selector appears in multiple at-rule contexts"
".areaRevenue .chartBox","@media (max-width: 520px)","0-2-0","Shared","1","DashboardBaseStyles.html:2316","","DashboardBaseStyles.html","1","false","17","false","High","6","uses !important; shared or cross-dashboard ownership; same selector appears in multiple at-rule contexts"
".areaRevenue .chartBox","@media (min-width: 1451px)","0-2-0","Shared","1","DashboardBaseStyles.html:3171","","DashboardBaseStyles.html","1","false","17","false","High","6","uses !important; shared or cross-dashboard ownership; same selector appears in multiple at-rule contexts"
".areaRpac","@media (max-width: 1250px)","0-1-0","Shared","1","DashboardBaseStyles.html:2797","","DashboardBaseStyles.html","1","false","4","false","High","6","uses !important; shared or cross-dashboard ownership; same selector appears in multiple at-rule contexts"
".areaRpac","@media (max-width: 900px)","0-1-0","Shared","1","DashboardBaseStyles.html:2807","","DashboardBaseStyles.html","1","false","4","false","High","6","uses !important; shared or cross-dashboard ownership; same selector appears in multiple at-rule contexts"
".areaRpac .chartBox","@media (max-width: 1450px) and (min-width: 901px)","0-2-0","Shared","1","DashboardBaseStyles.html:3209","","DashboardBaseStyles.html","1","false","15","false","High","6","uses !important; shared or cross-dashboard ownership; same selector appears in multiple at-rule contexts"
".areaRpac .chartBox","@media (max-width: 900px)","0-2-0","Shared","1","DashboardBaseStyles.html:3240","","DashboardBaseStyles.html","1","false","15","false","High","6","uses !important; shared or cross-dashboard ownership; same selector appears in multiple at-rule contexts"
".areaRpac .chartBox","@media (min-width: 1451px)","0-2-0","Shared","1","DashboardBaseStyles.html:3175","","DashboardBaseStyles.html","1","false","15","false","High","6","uses !important; shared or cross-dashboard ownership; same selector appears in multiple at-rule contexts"
".areaUnits","@media (max-width: 1250px)","0-1-0","Shared","1","DashboardBaseStyles.html:2796","","DashboardBaseStyles.html","1","false","4","false","High","6","uses !important; shared or cross-dashboard ownership; same selector appears in multiple at-rule contexts"
".areaUnits","@media (max-width: 900px)","0-1-0","Shared","1","DashboardBaseStyles.html:2806","","DashboardBaseStyles.html","1","false","4","false","High","6","uses !important; shared or cross-dashboard ownership; same selector appears in multiple at-rule contexts"
".areaUnits .chartBox","@media (max-width: 1450px) and (min-width: 901px)","0-2-0","Shared","1","DashboardBaseStyles.html:3209","","DashboardBaseStyles.html","1","false","15","false","High","6","uses !important; shared or cross-dashboard ownership; same selector appears in multiple at-rule contexts"
".areaUnits .chartBox","@media (max-width: 520px)","0-2-0","Shared","1","DashboardBaseStyles.html:2320","","DashboardBaseStyles.html","1","false","15","false","High","6","uses !important; shared or cross-dashboard ownership; same selector appears in multiple at-rule contexts"
".areaUnits .chartBox","@media (min-width: 1451px)","0-2-0","Shared","1","DashboardBaseStyles.html:3175","","DashboardBaseStyles.html","1","false","15","false","High","6","uses !important; shared or cross-dashboard ownership; same selector appears in multiple at-rule contexts"
".bigKpi","@media (max-width: 900px)","0-1-0","Shared","1","DashboardBaseStyles.html:2256","","DashboardBaseStyles.html","2","false","0","true","High","6","uses !important; shared or cross-dashboard ownership; same selector appears in multiple at-rule contexts; no static runtime token reference found"
".card","@media (max-width: 900px)","0-1-0","Shared","1","DashboardBaseStyles.html:2256","","DashboardBaseStyles.html","2","false","276","false","High","6","uses !important; shared or cross-dashboard ownership; same selector appears in multiple at-rule contexts"
".ceramistCaseDialogFooterV6369 button","","0-1-1","Shared","1","Index.html:2757","","Index.html","1","false","1","false","High","6","uses !important; shared or cross-dashboard ownership; same selector appears in multiple at-rule contexts"
".chartBox","@media (max-width: 520px)","0-1-0","Shared","1","DashboardBaseStyles.html:2320","","DashboardBaseStyles.html","1","false","11","false","High","6","uses !important; shared or cross-dashboard ownership; same selector appears in multiple at-rule contexts"
".chip","@media (max-width: 900px)","0-1-0","Shared","1","DashboardBaseStyles.html:2212","","DashboardBaseStyles.html","2","false","61","false","High","6","uses !important; shared or cross-dashboard ownership; same selector appears in multiple at-rule contexts"
".chipRow","@media (max-width: 900px)","0-1-0","Shared","1","DashboardBaseStyles.html:2204","","DashboardBaseStyles.html","5","false","13","false","High","6","uses !important; shared or cross-dashboard ownership; same selector appears in multiple at-rule contexts"
".comparisonKpi .value","","0-2-0","Shared","1","DashboardBaseStyles.html:2731","","DashboardBaseStyles.html","4","false","1660","false","High","6","uses !important; shared or cross-dashboard ownership; same selector appears in multiple at-rule contexts"
".comparisonKpi .value","@media (max-width: 520px)","0-2-0","Shared","1","DashboardBaseStyles.html:2776","","DashboardBaseStyles.html","1","false","1660","false","High","6","uses !important; shared or cross-dashboard ownership; same selector appears in multiple at-rule contexts"
".comparisonKpis","","0-1-0","Shared","1","DashboardBaseStyles.html:2710","","DashboardBaseStyles.html","2","false","25","false","High","6","uses !important; shared or cross-dashboard ownership; same selector appears in multiple at-rule contexts"
".comparisonKpis","@media (max-width: 1100px)","0-1-0","Shared","1","DashboardBaseStyles.html:2766","","DashboardBaseStyles.html","1","false","25","false","High","6","uses !important; shared or cross-dashboard ownership; same selector appears in multiple at-rule contexts"
".comparisonKpis","@media (max-width: 520px)","0-1-0","Shared","1","DashboardBaseStyles.html:2772","","DashboardBaseStyles.html","1","false","25","false","High","6","uses !important; shared or cross-dashboard ownership; same selector appears in multiple at-rule contexts"
".controlFilterRow .chipRow::before","@media (max-width: 900px)","0-2-1","Shared","1","DashboardBaseStyles.html:3109","","DashboardBaseStyles.html","1","false","31","false","High","6","uses !important; shared or cross-dashboard ownership; same selector appears in multiple at-rule contexts"
".customerDropdownPanel","@media (max-width: 560px)","0-1-0","Shared","1","DashboardBaseStyles.html:3293","","DashboardBaseStyles.html","3","false","34","false","High","6","uses !important; shared or cross-dashboard ownership; same selector appears in multiple at-rule contexts"
".customerDropdownPanel","@media (max-width: 900px)","0-1-0","Shared","1","DashboardBaseStyles.html:2231","","DashboardBaseStyles.html","2","false","34","false","High","6","uses !important; shared or cross-dashboard ownership; same selector appears in multiple at-rule contexts"
".dashboardShell","@media (max-width: 900px)","0-1-0","Shared","1","DashboardBaseStyles.html:2155","","DashboardBaseStyles.html","5","false","5","false","High","6","uses !important; shared or cross-dashboard ownership; same selector appears in multiple at-rule contexts"
".deptList","@media (max-width: 900px)","0-1-0","Shared","1","DashboardBaseStyles.html:2238","","DashboardBaseStyles.html","1","false","1","false","High","6","uses !important; shared or cross-dashboard ownership; same selector appears in multiple at-rule contexts"
".dropdownPanel","@media (max-width: 900px)","0-1-0","Shared","1","DashboardBaseStyles.html:2223","","DashboardBaseStyles.html","5","false","33","false","High","6","uses !important; shared or cross-dashboard ownership; same selector appears in multiple at-rule contexts"
".dropdownPanelHeader","@media (max-width: 560px)","0-1-0","Shared","1","DashboardBaseStyles.html:3302","","DashboardBaseStyles.html","1","false","8","false","High","6","uses !important; shared or cross-dashboard ownership; same selector appears in multiple at-rule contexts"
".dropdownPanelHeader button","@media (max-width: 560px)","0-1-1","Shared","1","DashboardBaseStyles.html:3306","","DashboardBaseStyles.html","3","false","8","false","High","6","uses !important; shared or cross-dashboard ownership; same selector appears in multiple at-rule contexts"
".filterCard","@media (max-width: 900px)","0-1-0","Shared","1","DashboardBaseStyles.html:2256","","DashboardBaseStyles.html","2","false","19","false","High","6","uses !important; shared or cross-dashboard ownership; same selector appears in multiple at-rule contexts"
".filterDeck.dropdownDeck","@media (max-width: 900px)","0-2-0","Shared","1","DashboardBaseStyles.html:2217","","DashboardBaseStyles.html","3","false","2","false","High","6","uses !important; shared or cross-dashboard ownership; same selector appears in multiple at-rule contexts"
".filterPanel","@media (max-width: 900px)","0-1-0","Shared","1","DashboardBaseStyles.html:2252","","DashboardBaseStyles.html","1","false","0","true","High","6","uses !important; shared or cross-dashboard ownership; same selector appears in multiple at-rule contexts; no static runtime token reference found"
".grid","@media (max-width: 1250px)","0-1-0","Shared","1","DashboardBaseStyles.html:2788","","DashboardBaseStyles.html","3","false","177","false","High","6","uses !important; shared or cross-dashboard ownership; same selector appears in multiple at-rule contexts"
".grid","@media (max-width: 1450px) and (min-width: 901px)","0-1-0","Shared","1","DashboardBaseStyles.html:3192","","DashboardBaseStyles.html","5","false","177","false","High","6","uses !important; shared or cross-dashboard ownership; same selector appears in multiple at-rule contexts"
".grid","@media (max-width: 900px)","0-1-0","Shared","1","DashboardBaseStyles.html:2244","","DashboardBaseStyles.html","3","false","177","false","High","6","uses !important; shared or cross-dashboard ownership; same selector appears in multiple at-rule contexts"
".grid","@media (min-width: 1451px)","0-1-0","Shared","1","DashboardBaseStyles.html:3165","","DashboardBaseStyles.html","3","false","177","false","High","6","uses !important; shared or cross-dashboard ownership; same selector appears in multiple at-rule contexts"
".kpiMini","@media (max-width: 900px)","0-1-0","Shared","1","DashboardBaseStyles.html:2194","","DashboardBaseStyles.html","2","false","5","false","High","6","uses !important; shared or cross-dashboard ownership; same selector appears in multiple at-rule contexts"
".kpiMini .label","@media (max-width: 520px)","0-2-0","Shared","1","DashboardBaseStyles.html:2308","","DashboardBaseStyles.html","1","false","962","false","High","6","uses !important; shared or cross-dashboard ownership; same selector appears in multiple at-rule contexts"
".kpiMini .value","@media (max-width: 520px)","0-2-0","Shared","1","DashboardBaseStyles.html:2312","","DashboardBaseStyles.html","1","false","1616","false","High","6","uses !important; shared or cross-dashboard ownership; same selector appears in multiple at-rule contexts"
".kpiMini .value","@media (max-width: 900px)","0-2-0","Shared","1","DashboardBaseStyles.html:2199","","DashboardBaseStyles.html","2","false","1616","false","High","6","uses !important; shared or cross-dashboard ownership; same selector appears in multiple at-rule contexts"
".kpiStrip","@media (max-width: 520px)","0-1-0","Shared","1","DashboardBaseStyles.html:2304","","DashboardBaseStyles.html","1","false","26","false","High","6","uses !important; shared or cross-dashboard ownership; same selector appears in multiple at-rule contexts"
".kpiStrip","@media (max-width: 900px)","0-1-0","Shared","1","DashboardBaseStyles.html:2187","","DashboardBaseStyles.html","4","false","26","false","High","6","uses !important; shared or cross-dashboard ownership; same selector appears in multiple at-rule contexts"
".multiList","@media (max-width: 900px)","0-1-0","Shared","1","DashboardBaseStyles.html:2238","","DashboardBaseStyles.html","1","false","2","false","High","6","uses !important; shared or cross-dashboard ownership; same selector appears in multiple at-rule contexts"
".productDropdownPanel","@media (max-width: 560px)","0-1-0","Shared","1","DashboardBaseStyles.html:3293","","DashboardBaseStyles.html","3","false","30","false","High","6","uses !important; shared or cross-dashboard ownership; same selector appears in multiple at-rule contexts"
".productDropdownPanel","@media (max-width: 900px)","0-1-0","Shared","1","DashboardBaseStyles.html:2231","","DashboardBaseStyles.html","2","false","30","false","High","6","uses !important; shared or cross-dashboard ownership; same selector appears in multiple at-rule contexts"
".resetBtn","@media (max-width: 900px)","0-1-0","Shared","1","DashboardBaseStyles.html:2180","","DashboardBaseStyles.html","3","false","14","false","High","6","uses !important; shared or cross-dashboard ownership; same selector appears in multiple at-rule contexts"
".revenueTooltip","@media (max-width: 900px)","0-1-0","Shared","1","DashboardBaseStyles.html:2295","","DashboardBaseStyles.html","4","false","7","false","High","6","uses !important; shared or cross-dashboard ownership; same selector appears in multiple at-rule contexts"
".segBtn","@media (max-width: 900px)","0-1-0","Shared","1","DashboardBaseStyles.html:2180","","DashboardBaseStyles.html","3","false","4","false","High","6","uses !important; shared or cross-dashboard ownership; same selector appears in multiple at-rule contexts"
".segGroup","@media (max-width: 900px)","0-1-0","Shared","1","DashboardBaseStyles.html:2174","","DashboardBaseStyles.html","3","false","2","false","High","6","uses !important; shared or cross-dashboard ownership; same selector appears in multiple at-rule contexts"
".tabBtn","@media (max-width: 900px)","0-1-0","Shared","1","DashboardBaseStyles.html:2145","","DashboardBaseStyles.html","3","false","13","false","High","6","uses !important; shared or cross-dashboard ownership; same selector appears in multiple at-rule contexts"
".tableScroll","@media (max-width: 1450px) and (min-width: 901px)","0-1-0","Shared","1","DashboardBaseStyles.html:3216","","DashboardBaseStyles.html","1","false","8","false","High","6","uses !important; shared or cross-dashboard ownership; same selector appears in multiple at-rule contexts"
".tableScroll","@media (max-width: 900px)","0-1-0","Shared","1","DashboardBaseStyles.html:2278","","DashboardBaseStyles.html","3","false","8","false","High","6","uses !important; shared or cross-dashboard ownership; same selector appears in multiple at-rule contexts"
".tableScroll","@media (min-width: 1451px)","0-1-0","Shared","1","DashboardBaseStyles.html:3182","","DashboardBaseStyles.html","1","false","8","false","High","6","uses !important; shared or cross-dashboard ownership; same selector appears in multiple at-rule contexts"
".tabPage","@media (max-width: 900px)","0-1-0","Shared","1","DashboardBaseStyles.html:2151","","DashboardBaseStyles.html","1","false","7","false","High","6","uses !important; shared or cross-dashboard ownership; same selector appears in multiple at-rule contexts"
".tabs","@media (max-width: 900px)","0-1-0","Shared","1","DashboardBaseStyles.html:2135","","DashboardBaseStyles.html","7","false","43","false","High","6","uses !important; shared or cross-dashboard ownership; same selector appears in multiple at-rule contexts"
".tatCardActionsV6509","","0-1-0","Shared","1","UnifiedControlsStyles.html:151","","UnifiedControlsStyles.html","0","true","5","false","High","6","shared or cross-dashboard ownership; loaded after closing HTML"
".tatCardHeadV6509","","0-1-0","Shared","1","UnifiedControlsStyles.html:148","","UnifiedControlsStyles.html","0","true","6","false","High","6","shared or cross-dashboard ownership; loaded after closing HTML"
".tatCardSubV6509","","0-1-0","Shared","1","UnifiedControlsStyles.html:150","","UnifiedControlsStyles.html","0","true","1","false","High","6","shared or cross-dashboard ownership; loaded after closing HTML"
".tatCardTitleV6509","","0-1-0","Shared","1","UnifiedControlsStyles.html:149","","UnifiedControlsStyles.html","0","true","6","false","High","6","shared or cross-dashboard ownership; loaded after closing HTML"
".tatCardV6509","","0-1-0","Shared","1","UnifiedControlsStyles.html:146","","UnifiedControlsStyles.html","0","true","6","false","High","6","shared or cross-dashboard ownership; loaded after closing HTML"
".tatCardV6509.collapsed .tatCardHeadV6509","","0-3-0","Shared","1","UnifiedControlsStyles.html:156","","UnifiedControlsStyles.html","0","true","51","false","High","6","shared or cross-dashboard ownership; loaded after closing HTML"
".tatCollapseButtonV6509","","0-1-0","Shared","1","UnifiedControlsStyles.html:154","","UnifiedControlsStyles.html","0","true","2","false","High","6","shared or cross-dashboard ownership; loaded after closing HTML"
".tatCoverageMetricV6509","","0-1-0","Shared","1","UnifiedControlsStyles.html:134","","UnifiedControlsStyles.html","0","true","5","false","High","6","shared or cross-dashboard ownership; loaded after closing HTML"
".tatCoverageMetricV6509 span","","0-1-1","Shared","1","UnifiedControlsStyles.html:136","","UnifiedControlsStyles.html","0","true","5","false","High","6","shared or cross-dashboard ownership; loaded after closing HTML"
".tatCoverageMetricV6509 strong","","0-1-1","Shared","1","UnifiedControlsStyles.html:137","","UnifiedControlsStyles.html","0","true","5","false","High","6","shared or cross-dashboard ownership; loaded after closing HTML"
".tatCoverageMetricV6509:last-of-type","","0-2-0","Shared","1","UnifiedControlsStyles.html:135","","UnifiedControlsStyles.html","0","true","5","false","High","6","shared or cross-dashboard ownership; loaded after closing HTML"
".tatCoverageV6509.warn","","0-2-0","Shared","1","UnifiedControlsStyles.html:139","","UnifiedControlsStyles.html","0","true","166","false","High","6","shared or cross-dashboard ownership; loaded after closing HTML"
".tatCoverageV6509.warn .tatCoverageNoteV6509","","0-3-0","Shared","1","UnifiedControlsStyles.html:139","","UnifiedControlsStyles.html","0","true","169","false","High","6","shared or cross-dashboard ownership; loaded after closing HTML"
".tatFloatingPanelV6509","","0-1-0","Shared","1","UnifiedControlsStyles.html:90","","UnifiedControlsStyles.html","0","true","3","false","High","6","shared or cross-dashboard ownership; loaded after closing HTML"
".tatFloatingPanelV6509.open","","0-2-0","Shared","1","UnifiedControlsStyles.html:91","","UnifiedControlsStyles.html","0","true","315","false","High","6","shared or cross-dashboard ownership; loaded after closing HTML"
".tatGlobalResultsV6509","","0-1-0","Shared","1","UnifiedControlsStyles.html:95","","UnifiedControlsStyles.html","0","true","0","true","High","6","shared or cross-dashboard ownership; loaded after closing HTML; no static runtime token reference found"
".tatGlobalResultV6509","","0-1-0","Shared","1","UnifiedControlsStyles.html:96","","UnifiedControlsStyles.html","0","true","1","false","High","6","shared or cross-dashboard ownership; loaded after closing HTML"
".tatGlobalResultV6509 .label","","0-2-0","Shared","1","UnifiedControlsStyles.html:99","","UnifiedControlsStyles.html","0","true","958","false","High","6","shared or cross-dashboard ownership; loaded after closing HTML"
".tatGlobalResultV6509 .type","","0-2-0","Shared","1","UnifiedControlsStyles.html:98","","UnifiedControlsStyles.html","0","true","1128","false","High","6","shared or cross-dashboard ownership; loaded after closing HTML"
".tatGlobalResultV6509:hover","","0-2-0","Shared","1","UnifiedControlsStyles.html:97","","UnifiedControlsStyles.html","0","true","1","false","High","6","shared or cross-dashboard ownership; loaded after closing HTML"
".tatGlobalSearchHeadV6509","","0-1-0","Shared","1","UnifiedControlsStyles.html:92","","UnifiedControlsStyles.html","0","true","2","false","High","6","shared or cross-dashboard ownership; loaded after closing HTML"
".tatGlobalSearchHeadV6509 button","","0-1-1","Shared","1","UnifiedControlsStyles.html:94","","UnifiedControlsStyles.html","0","true","2","false","High","6","shared or cross-dashboard ownership; loaded after closing HTML"
".tatGlobalSearchHeadV6509 input","","0-1-1","Shared","1","UnifiedControlsStyles.html:93","","UnifiedControlsStyles.html","0","true","2","false","High","6","shared or cross-dashboard ownership; loaded after closing HTML"
".tatGlobalSearchResultsV6509","","0-1-0","Shared","1","UnifiedControlsStyles.html:95","","UnifiedControlsStyles.html","0","true","3","false","High","6","shared or cross-dashboard ownership; loaded after closing HTML"
".tatIssueButtonV6509","","0-1-0","Shared","1","UnifiedControlsStyles.html:163","","UnifiedControlsStyles.html","0","true","1","false","High","6","shared or cross-dashboard ownership; loaded after closing HTML"
".tatIssueButtonV6509 span","","0-1-1","Shared","1","UnifiedControlsStyles.html:165","","UnifiedControlsStyles.html","0","true","1","false","High","6","shared or cross-dashboard ownership; loaded after closing HTML"
".tatIssueButtonV6509 strong","","0-1-1","Shared","1","UnifiedControlsStyles.html:166","","UnifiedControlsStyles.html","0","true","1","false","High","6","shared or cross-dashboard ownership; loaded after closing HTML"
".tatIssueButtonV6509:hover","","0-2-0","Shared","1","UnifiedControlsStyles.html:164","","UnifiedControlsStyles.html","0","true","1","false","High","6","shared or cross-dashboard ownership; loaded after closing HTML"
".tatIssueButtonV6509.active","","0-2-0","Shared","1","UnifiedControlsStyles.html:164","","UnifiedControlsStyles.html","0","true","600","false","High","6","shared or cross-dashboard ownership; loaded after closing HTML"
".tatKpiStageV6509","","0-1-0","Shared","1","UnifiedControlsStyles.html:124","","UnifiedControlsStyles.html","0","true","1","false","High","6","shared or cross-dashboard ownership; loaded after closing HTML"
".tatKpiV6509","","0-1-0","Shared","1","UnifiedControlsStyles.html:126","","UnifiedControlsStyles.html","0","true","7","false","High","6","shared or cross-dashboard ownership; loaded after closing HTML"
".tatKpiV6509 .label","","0-2-0","Shared","1","UnifiedControlsStyles.html:127","","UnifiedControlsStyles.html","0","true","964","false","High","6","shared or cross-dashboard ownership; loaded after closing HTML"
".tatKpiV6509 .sub","","0-2-0","Shared","1","UnifiedControlsStyles.html:129","","UnifiedControlsStyles.html","0","true","101","false","High","6","shared or cross-dashboard ownership; loaded after closing HTML"
".tatKpiV6509 .sub.bad","","0-3-0","Shared","1","UnifiedControlsStyles.html:130","","UnifiedControlsStyles.html","0","true","159","false","High","6","shared or cross-dashboard ownership; loaded after closing HTML"
".tatKpiV6509 .sub.good","","0-3-0","Shared","1","UnifiedControlsStyles.html:130","","UnifiedControlsStyles.html","0","true","129","false","High","6","shared or cross-dashboard ownership; loaded after closing HTML"
".tatMiniButtonV6509","","0-1-0","Shared","1","UnifiedControlsStyles.html:152","","UnifiedControlsStyles.html","0","true","6","false","High","6","shared or cross-dashboard ownership; loaded after closing HTML"
".tatMiniButtonV6509:hover","","0-2-0","Shared","1","UnifiedControlsStyles.html:153","","UnifiedControlsStyles.html","0","true","6","false","High","6","shared or cross-dashboard ownership; loaded after closing HTML"
".tatMiniButtonV6509.active","","0-2-0","Shared","1","UnifiedControlsStyles.html:153","","UnifiedControlsStyles.html","0","true","605","false","High","6","shared or cross-dashboard ownership; loaded after closing HTML"
".tatNoticeV6509","","0-1-0","Shared","1","UnifiedControlsStyles.html:143","","UnifiedControlsStyles.html","0","true","3","false","High","6","shared or cross-dashboard ownership; loaded after closing HTML"
".tatNoticeV6509.error","","0-2-0","Shared","1","UnifiedControlsStyles.html:144","","UnifiedControlsStyles.html","0","true","596","false","High","6","shared or cross-dashboard ownership; loaded after closing HTML"
".tatPillsV6509","","0-1-0","Shared","1","UnifiedControlsStyles.html:140","","UnifiedControlsStyles.html","0","true","3","false","High","6","shared or cross-dashboard ownership; loaded after closing HTML"
".tatPillV6509","","0-1-0","Shared","1","UnifiedControlsStyles.html:141","","UnifiedControlsStyles.html","0","true","1","false","High","6","shared or cross-dashboard ownership; loaded after closing HTML"
".tatPillV6509 button","","0-1-1","Shared","1","UnifiedControlsStyles.html:142","","UnifiedControlsStyles.html","0","true","1","false","High","6","shared or cross-dashboard ownership; loaded after closing HTML"
".tatQualityBodyV6509","","0-1-0","Shared","1","UnifiedControlsStyles.html:161","","UnifiedControlsStyles.html","0","true","1","false","High","6","shared or cross-dashboard ownership; loaded after closing HTML"
".tatSettingsBodyV6509 button","","0-1-1","Shared","1","UnifiedControlsStyles.html:103","","UnifiedControlsStyles.html","0","true","1","false","High","6","shared or cross-dashboard ownership; loaded after closing HTML"
".tatSettingsBodyV6509 button.active","","0-2-1","Shared","1","UnifiedControlsStyles.html:104","","UnifiedControlsStyles.html","0","true","600","false","High","6","shared or cross-dashboard ownership; loaded after closing HTML"
".tatSettingsBodyV6509 h4","","0-1-1","Shared","1","UnifiedControlsStyles.html:101","","UnifiedControlsStyles.html","0","true","1","false","High","6","shared or cross-dashboard ownership; loaded after closing HTML"
".tatSettingsChoicesV6509","","0-1-0","Shared","1","UnifiedControlsStyles.html:102","","UnifiedControlsStyles.html","0","true","0","true","High","6","shared or cross-dashboard ownership; loaded after closing HTML; no static runtime token reference found"
".tatSettingsChoicesV6509 button","","0-1-1","Shared","1","UnifiedControlsStyles.html:103","","UnifiedControlsStyles.html","0","true","0","true","High","6","shared or cross-dashboard ownership; loaded after closing HTML; no static runtime token reference found"
".tatSettingsChoicesV6509 button.active","","0-2-1","Shared","1","UnifiedControlsStyles.html:104","","UnifiedControlsStyles.html","0","true","599","false","High","6","shared or cross-dashboard ownership; loaded after closing HTML"
".tatSettingsV6509","","0-1-0","Shared","1","UnifiedControlsStyles.html:100","","UnifiedControlsStyles.html","0","true","0","true","High","6","shared or cross-dashboard ownership; loaded after closing HTML; no static runtime token reference found"
".tatSettingsV6509 h4","","0-1-1","Shared","1","UnifiedControlsStyles.html:101","","UnifiedControlsStyles.html","0","true","0","true","High","6","shared or cross-dashboard ownership; loaded after closing HTML; no static runtime token reference found"
".tatShellV6509","","0-1-0","Shared","1","UnifiedControlsStyles.html:123","","UnifiedControlsStyles.html","0","true","1","false","High","6","shared or cross-dashboard ownership; loaded after closing HTML"
".tatStampV6509","","0-1-0","Shared","1","UnifiedControlsStyles.html:131","","UnifiedControlsStyles.html","0","true","4","false","High","6","shared or cross-dashboard ownership; loaded after closing HTML"
".tatStampV6509.loading","","0-2-0","Shared","1","UnifiedControlsStyles.html:132","","UnifiedControlsStyles.html","0","true","72","false","High","6","shared or cross-dashboard ownership; loaded after closing HTML"
".tatTableV6509","","0-1-0","Shared","1","UnifiedControlsStyles.html:168","","UnifiedControlsStyles.html","0","true","4","false","High","6","shared or cross-dashboard ownership; loaded after closing HTML"
".tatTableV6509 tbody tr:nth-child(even) td","","0-2-3","Shared","1","UnifiedControlsStyles.html:171","","UnifiedControlsStyles.html","0","true","4","false","High","6","shared or cross-dashboard ownership; loaded after closing HTML"
".tatTableV6509 tbody tr.clickable","","0-2-2","Shared","1","UnifiedControlsStyles.html:172","","UnifiedControlsStyles.html","0","true","31","false","High","6","shared or cross-dashboard ownership; loaded after closing HTML"
".tatTableV6509 tbody tr.clickable:hover td","","0-3-3","Shared","1","UnifiedControlsStyles.html:173","","UnifiedControlsStyles.html","0","true","31","false","High","6","shared or cross-dashboard ownership; loaded after closing HTML"
".tatTableV6509 tbody tr.selected td","","0-2-3","Shared","1","UnifiedControlsStyles.html:173","","UnifiedControlsStyles.html","0","true","1458","false","High","6","shared or cross-dashboard ownership; loaded after closing HTML"
".tatTableV6509 td","","0-1-1","Shared","1","UnifiedControlsStyles.html:170","","UnifiedControlsStyles.html","0","true","4","false","High","6","shared or cross-dashboard ownership; loaded after closing HTML"
".tatTableV6509 td.num","","0-2-1","Shared","1","UnifiedControlsStyles.html:174","","UnifiedControlsStyles.html","0","true","387","false","High","6","shared or cross-dashboard ownership; loaded after closing HTML"
".tatTableV6509 th","","0-1-1","Shared","1","UnifiedControlsStyles.html:169","","UnifiedControlsStyles.html","0","true","4","false","High","6","shared or cross-dashboard ownership; loaded after closing HTML"
".tatTableV6509 th.num","","0-2-1","Shared","1","UnifiedControlsStyles.html:174","","UnifiedControlsStyles.html","0","true","387","false","High","6","shared or cross-dashboard ownership; loaded after closing HTML"
".topBar.executiveTop","@media (max-width: 900px)","0-2-0","Shared","1","DashboardBaseStyles.html:2163","","DashboardBaseStyles.html","4","false","257","false","High","6","uses !important; shared or cross-dashboard ownership; same selector appears in multiple at-rule contexts"
".topBar.executiveTop .comparisonKpi","@media (max-width: 900px)","0-3-0","Shared","1","DashboardBaseStyles.html:3106","","DashboardBaseStyles.html","1","false","306","false","High","6","uses !important; shared or cross-dashboard ownership; same selector appears in multiple at-rule contexts"
".topBar.executiveTop .kpiSub","@media (max-width: 1180px)","0-3-0","Shared","1","DashboardBaseStyles.html:2924","","DashboardBaseStyles.html","1","false","267","false","High","6","uses !important; shared or cross-dashboard ownership; same selector appears in multiple at-rule contexts"
".twoCard .chartBox","@media (max-width: 520px)","0-2-0","Shared","1","DashboardBaseStyles.html:2320","","DashboardBaseStyles.html","1","false","11","false","High","6","uses !important; shared or cross-dashboard ownership; same selector appears in multiple at-rule contexts"
".twoCard .chartBox","@media (max-width: 900px)","0-2-0","Shared","1","DashboardBaseStyles.html:2272","","DashboardBaseStyles.html","1","false","11","false","High","6","uses !important; shared or cross-dashboard ownership; same selector appears in multiple at-rule contexts"
".twoGrid","@media (max-width: 900px)","0-1-0","Shared","1","DashboardBaseStyles.html:2244","","DashboardBaseStyles.html","3","false","0","true","High","6","uses !important; shared or cross-dashboard ownership; same selector appears in multiple at-rule contexts; no static runtime token reference found"
".twoShell","@media (max-width: 900px)","0-1-0","Shared","1","DashboardBaseStyles.html:2244","","DashboardBaseStyles.html","3","false","0","true","High","6","uses !important; shared or cross-dashboard ownership; same selector appears in multiple at-rule contexts; no static runtime token reference found"
".yearDropdownPanel","@media (max-width: 560px)","0-1-0","Shared","1","DashboardBaseStyles.html:3293","","DashboardBaseStyles.html","3","false","21","false","High","6","uses !important; shared or cross-dashboard ownership; same selector appears in multiple at-rule contexts"
".yearDropdownPanel","@media (max-width: 900px)","0-1-0","Shared","1","DashboardBaseStyles.html:2231","","DashboardBaseStyles.html","2","false","21","false","High","6","uses !important; shared or cross-dashboard ownership; same selector appears in multiple at-rule contexts"
".yearList","@media (max-width: 900px)","0-1-0","Shared","1","DashboardBaseStyles.html:2238","","DashboardBaseStyles.html","1","false","14","false","High","6","uses !important; shared or cross-dashboard ownership; same selector appears in multiple at-rule contexts"
"#departmentDropdownPanel","","1-0-0","Shared","1","DashboardBaseStyles.html:3288","","DashboardBaseStyles.html","1","false","30","false","High","6","uses !important; shared or cross-dashboard ownership; same selector appears in multiple at-rule contexts"
"#departmentDropdownPanel","@media (max-width: 560px)","1-0-0","Shared","1","DashboardBaseStyles.html:3293","","DashboardBaseStyles.html","3","false","30","false","High","6","uses !important; shared or cross-dashboard ownership; same selector appears in multiple at-rule contexts"
"#tatDashboardPageV6509.cleanRemakeV6230","","1-1-0","TAT","1","TatRemakeAliasStyles.html:1360","","TatRemakeAliasStyles.html","3","true","594","false","High","6","uses !important; loaded after closing HTML; same selector appears in multiple at-rule contexts"
"#tatDashboardPageV6509.cleanRemakeV6230","@media (max-width:1279px)","1-1-0","TAT","1","TatRemakeAliasStyles.html:619","","TatRemakeAliasStyles.html","8","true","594","false","High","6","uses !important; loaded after closing HTML; same selector appears in multiple at-rule contexts"
"#tatDashboardPageV6509.cleanRemakeV6230 .ceramistDetailSelectionMetricsV6368","","1-2-0","TAT","1","TatRemakeAliasStyles.html:556","","TatRemakeAliasStyles.html","4","true","598","false","High","6","uses !important; loaded after closing HTML; same selector appears in multiple at-rule contexts"
"#tatDashboardPageV6509.cleanRemakeV6230 .ceramistDetailSelectionMetricsV6368","@media(max-width:720px)","1-2-0","TAT","1","TatRemakeAliasStyles.html:609","","TatRemakeAliasStyles.html","1","true","598","false","High","6","uses !important; loaded after closing HTML; same selector appears in multiple at-rule contexts"
"#tatDashboardPageV6509.cleanRemakeV6230 .ceramistPanelV6343.detailOpenV6368 .ceramistPreviewTableWrapV6342","@media(max-width:1180px)","1-4-0","TAT","1","TatRemakeAliasStyles.html:607","","TatRemakeAliasStyles.html","1","true","663","false","High","6","uses !important; loaded after closing HTML; same selector appears in multiple at-rule contexts"
"#tatDashboardPageV6509.cleanRemakeV6230 .ceramistPanelV6343.detailOpenV6368 .ceramistPreviewTableWrapV6342","@media(max-width:720px)","1-4-0","TAT","1","TatRemakeAliasStyles.html:611","","TatRemakeAliasStyles.html","1","true","663","false","High","6","uses !important; loaded after closing HTML; same selector appears in multiple at-rule contexts"
"#tatDashboardPageV6509.cleanRemakeV6230 .ceramistPreviewTableWrapV6342","","1-2-0","TAT","1","TatRemakeAliasStyles.html:266","","TatRemakeAliasStyles.html","6","true","601","false","High","6","uses !important; loaded after closing HTML; same selector appears in multiple at-rule contexts"
"#tatDashboardPageV6509.cleanRemakeV6230 .ceramistPreviewTableWrapV6342","@media(max-width:1180px)","1-2-0","TAT","1","TatRemakeAliasStyles.html:314","","TatRemakeAliasStyles.html","1","true","601","false","High","6","uses !important; loaded after closing HTML; same selector appears in multiple at-rule contexts"
"#tatDashboardPageV6509.cleanRemakeV6230 .ceramistWorkspaceV6343","","1-2-0","TAT","1","TatRemakeAliasStyles.html:263","","TatRemakeAliasStyles.html","2","true","650","false","High","6","uses !important; loaded after closing HTML; same selector appears in multiple at-rule contexts"
"#tatDashboardPageV6509.cleanRemakeV6230 .ceramistWorkspaceV6343","@media (max-width:1279px)","1-2-0","TAT","1","TatRemakeAliasStyles.html:814","","TatRemakeAliasStyles.html","8","true","650","false","High","6","uses !important; loaded after closing HTML; same selector appears in multiple at-rule contexts"
"#tatDashboardPageV6509.cleanRemakeV6230 .ceramistWorkspaceV6343","@media(max-width:1180px)","1-2-0","TAT","1","TatRemakeAliasStyles.html:311","","TatRemakeAliasStyles.html","1","true","650","false","High","6","uses !important; loaded after closing HTML; same selector appears in multiple at-rule contexts"
"#tatDashboardPageV6509.cleanRemakeV6230 .remakeChartBoxV6230 canvas","","1-2-1","Shared","1","TatRemakeAliasStyles.html:15","","TatRemakeAliasStyles.html","0","true","601","false","High","6","shared or cross-dashboard ownership; loaded after closing HTML"
"#tatDashboardPageV6509.cleanRemakeV6230 .tatGridV6509","","1-2-0","TAT","1","TatRemakeAliasStyles.html:1364","","TatRemakeAliasStyles.html","2","true","595","false","High","6","uses !important; loaded after closing HTML; same selector appears in multiple at-rule contexts"
"#tatDashboardPageV6509.cleanRemakeV6230 .tatGridV6509","@media(max-width:1279px)","1-2-0","TAT","1","TatRemakeAliasStyles.html:1371","","TatRemakeAliasStyles.html","1","true","595","false","High","6","uses !important; loaded after closing HTML; same selector appears in multiple at-rule contexts"
"#tatDashboardPageV6509.cleanRemakeV6230 .tatKpisV6509","@media(max-width:1279px)","1-2-0","TAT","1","TatRemakeAliasStyles.html:1371","","TatRemakeAliasStyles.html","1","true","597","false","High","6","uses !important; loaded after closing HTML; same selector appears in multiple at-rule contexts"
"#tatTabFilterHostV6509 .remakeCacheActionBarV6338 .remakeButton:hover","","1-3-0","Shared","1","TatRemakeAliasStyles.html:262","","TatRemakeAliasStyles.html","0","true","41","false","High","6","shared or cross-dashboard ownership; loaded after closing HTML"
"#tatTabFilterHostV6509 .remakeCacheActionLabelV6338","@media (max-width:1500px) and (min-width:1280px)","1-1-0","Shared","1","TatRemakeAliasStyles.html:262","","TatRemakeAliasStyles.html","0","true","11","false","High","6","shared or cross-dashboard ownership; loaded after closing HTML"
"#tatTabFilterHostV6509 [data-filter-kind=""customer""] .remakeDropdownPanelV6245","","1-2-0","Shared","1","TatRemakeAliasStyles.html:141","","TatRemakeAliasStyles.html","0","true","16","false","High","6","shared or cross-dashboard ownership; loaded after closing HTML"
"#tatTabFilterHostV6509 [data-filter-kind=""reason""] .remakeDropdownPanelV6245","","1-2-0","Shared","1","TatRemakeAliasStyles.html:141","","TatRemakeAliasStyles.html","0","true","16","false","High","6","shared or cross-dashboard ownership; loaded after closing HTML"
"body","@media (max-width: 900px)","0-0-1","Shared","1","DashboardBaseStyles.html:2128","","DashboardBaseStyles.html","3","false","0","false","High","6","uses !important; shared or cross-dashboard ownership; same selector appears in multiple at-rule contexts"
"html","@media (max-width: 900px)","0-0-1","Shared","1","DashboardBaseStyles.html:2128","","DashboardBaseStyles.html","3","false","0","false","High","6","uses !important; shared or cross-dashboard ownership; same selector appears in multiple at-rule contexts"
"table","@media (max-width: 900px)","0-0-1","Shared","1","DashboardBaseStyles.html:2285","","DashboardBaseStyles.html","2","false","0","false","High","6","uses !important; shared or cross-dashboard ownership; same selector appears in multiple at-rule contexts"
"td","@media (max-width: 900px)","0-0-1","Shared","1","DashboardBaseStyles.html:2290","","DashboardBaseStyles.html","1","false","0","false","High","6","uses !important; shared or cross-dashboard ownership; same selector appears in multiple at-rule contexts"
"th","@media (max-width: 900px)","0-0-1","Shared","1","DashboardBaseStyles.html:2290","","DashboardBaseStyles.html","1","false","0","false","High","6","uses !important; shared or cross-dashboard ownership; same selector appears in multiple at-rule contexts"
"#overviewTwo .o2ExecutivePanelV150","","1-1-0","Overview","7","DashboardBaseStyles.html:5648","DashboardBaseStyles.html:6400; DashboardBaseStyles.html:7289; DashboardBaseStyles.html:7484; DashboardBaseStyles.html:7496; DashboardBaseStyles.html:7675; DashboardBaseStyles.html:7965","DashboardBaseStyles.html","39","false","72","false","Medium","5","repeated selector; uses !important; same selector appears in multiple at-rule contexts"
"#overviewTwo .o2PaceCardV156","","1-1-0","Overview","6","DashboardBaseStyles.html:7088","DashboardBaseStyles.html:7484; DashboardBaseStyles.html:7496; DashboardBaseStyles.html:7531; DashboardBaseStyles.html:8116; DashboardBaseStyles.html:8127","DashboardBaseStyles.html","25","false","72","false","Medium","5","repeated selector; uses !important; same selector appears in multiple at-rule contexts"
"#overviewTwo .o2RevenueHeroV150","","1-1-0","Overview","6","DashboardBaseStyles.html:5630","DashboardBaseStyles.html:6326; DashboardBaseStyles.html:7070; DashboardBaseStyles.html:7484; DashboardBaseStyles.html:7496; DashboardBaseStyles.html:8088","DashboardBaseStyles.html","23","false","72","false","Medium","5","repeated selector; uses !important; same selector appears in multiple at-rule contexts"
"#overviewOne .grid","","1-1-0","Overview","5","DashboardBaseStyles.html:3706","DashboardBaseStyles.html:4276; DashboardBaseStyles.html:4351; DashboardBaseStyles.html:4578; DashboardBaseStyles.html:4628","DashboardBaseStyles.html","13","false","464","false","Medium","5","repeated selector; uses !important; same selector appears in multiple at-rule contexts"
"#overviewTwo .o2CommandGridV150","","1-1-0","Overview","5","DashboardBaseStyles.html:5608","DashboardBaseStyles.html:6309; DashboardBaseStyles.html:7055; DashboardBaseStyles.html:7472; DashboardBaseStyles.html:7958","DashboardBaseStyles.html","22","false","72","false","Medium","5","repeated selector; uses !important; same selector appears in multiple at-rule contexts"
"#overviewTwo .o2CommandMainV150","","1-1-0","Overview","5","DashboardBaseStyles.html:5617","DashboardBaseStyles.html:6317; DashboardBaseStyles.html:7062; DashboardBaseStyles.html:7478; DashboardBaseStyles.html:8078","DashboardBaseStyles.html","25","false","72","false","Medium","5","repeated selector; uses !important; same selector appears in multiple at-rule contexts"
"#overviewTwo .o2DeepDiveHeaderV155","","1-1-0","Overview","5","DashboardBaseStyles.html:6841","DashboardBaseStyles.html:7508; DashboardBaseStyles.html:7828; DashboardBaseStyles.html:8132; DashboardBaseStyles.html:8279","DashboardBaseStyles.html","22","false","72","false","Medium","5","repeated selector; uses !important; same selector appears in multiple at-rule contexts"
"#overviewTwo .o2KpiBandSideV150","","1-1-0","Overview","5","DashboardBaseStyles.html:5710","DashboardBaseStyles.html:6412; DashboardBaseStyles.html:7296; DashboardBaseStyles.html:7686; DashboardBaseStyles.html:8014","DashboardBaseStyles.html","11","false","72","false","Medium","5","repeated selector; uses !important; same selector appears in multiple at-rule contexts"
"#overviewTwo .o2RevenueHeroV150 .o2TrendBox","","1-2-0","Overview","5","DashboardBaseStyles.html:5643","DashboardBaseStyles.html:6339; DashboardBaseStyles.html:7076; DashboardBaseStyles.html:7503; DashboardBaseStyles.html:8101","DashboardBaseStyles.html","10","false","73","false","Medium","5","repeated selector; uses !important; same selector appears in multiple at-rule contexts"
"#overviewTwo .o2YearRowV150","","1-1-0","Overview","5","DashboardBaseStyles.html:5774","DashboardBaseStyles.html:6442; DashboardBaseStyles.html:7318; DashboardBaseStyles.html:7720; DashboardBaseStyles.html:8071","DashboardBaseStyles.html","18","false","73","false","Medium","5","repeated selector; uses !important; same selector appears in multiple at-rule contexts"
"#overviewTwo .overviewTwoShellV150","","1-1-0","Overview","5","DashboardBaseStyles.html:5595","DashboardBaseStyles.html:6303; DashboardBaseStyles.html:7051; DashboardBaseStyles.html:7466; DashboardBaseStyles.html:7952","DashboardBaseStyles.html","18","false","72","false","Medium","5","repeated selector; uses !important; same selector appears in multiple at-rule contexts"
"#overviewOne .areaAvg","","1-1-0","Overview","4","DashboardBaseStyles.html:3729","DashboardBaseStyles.html:3890; DashboardBaseStyles.html:4357; DashboardBaseStyles.html:4583","DashboardBaseStyles.html","8","false","291","false","Medium","5","repeated selector; uses !important; same selector appears in multiple at-rule contexts"
"#overviewOne .areaAvg","@media (max-width: 1500px) and (min-width: 901px)","1-1-0","Overview","4","DashboardBaseStyles.html:3917","DashboardBaseStyles.html:4413; DashboardBaseStyles.html:4616; DashboardBaseStyles.html:4641","DashboardBaseStyles.html","4","false","291","false","Medium","5","repeated selector; uses !important; same selector appears in multiple at-rule contexts"
"#overviewOne .areaCustomers","","1-1-0","Overview","4","DashboardBaseStyles.html:3729","DashboardBaseStyles.html:3890; DashboardBaseStyles.html:4357; DashboardBaseStyles.html:4583","DashboardBaseStyles.html","8","false","291","false","Medium","5","repeated selector; uses !important; same selector appears in multiple at-rule contexts"
"#overviewOne .areaCustomers","@media (max-width: 1500px) and (min-width: 901px)","1-1-0","Overview","4","DashboardBaseStyles.html:3917","DashboardBaseStyles.html:4413; DashboardBaseStyles.html:4616; DashboardBaseStyles.html:4641","DashboardBaseStyles.html","4","false","291","false","Medium","5","repeated selector; uses !important; same selector appears in multiple at-rule contexts"
"#overviewOne .areaRpac","","1-1-0","Overview","4","DashboardBaseStyles.html:3729","DashboardBaseStyles.html:3890; DashboardBaseStyles.html:4357; DashboardBaseStyles.html:4583","DashboardBaseStyles.html","8","false","291","false","Medium","5","repeated selector; uses !important; same selector appears in multiple at-rule contexts"
"#overviewOne .areaRpac","@media (max-width: 1500px) and (min-width: 901px)","1-1-0","Overview","4","DashboardBaseStyles.html:3917","DashboardBaseStyles.html:4413; DashboardBaseStyles.html:4616; DashboardBaseStyles.html:4641","DashboardBaseStyles.html","4","false","291","false","Medium","5","repeated selector; uses !important; same selector appears in multiple at-rule contexts"
"#overviewOne .areaUnits","","1-1-0","Overview","4","DashboardBaseStyles.html:3729","DashboardBaseStyles.html:3890; DashboardBaseStyles.html:4357; DashboardBaseStyles.html:4583","DashboardBaseStyles.html","8","false","291","false","Medium","5","repeated selector; uses !important; same selector appears in multiple at-rule contexts"
"#overviewOne .areaUnits","@media (max-width: 1500px) and (min-width: 901px)","1-1-0","Overview","4","DashboardBaseStyles.html:3917","DashboardBaseStyles.html:4413; DashboardBaseStyles.html:4616; DashboardBaseStyles.html:4641","DashboardBaseStyles.html","4","false","291","false","Medium","5","repeated selector; uses !important; same selector appears in multiple at-rule contexts"
"#overviewTwo .o2AnalyticsRowV150","","1-1-0","Overview","4","DashboardBaseStyles.html:5810","DashboardBaseStyles.html:6344; DashboardBaseStyles.html:7081; DashboardBaseStyles.html:8106","DashboardBaseStyles.html","24","false","73","false","Medium","5","repeated selector; uses !important; same selector appears in multiple at-rule contexts"
"#overviewTwo .o2ExecutiveHeaderV150","","1-1-0","Overview","4","DashboardBaseStyles.html:5660","DashboardBaseStyles.html:6408; DashboardBaseStyles.html:7681; DashboardBaseStyles.html:7981","DashboardBaseStyles.html","18","false","72","false","Medium","5","repeated selector; uses !important; same selector appears in multiple at-rule contexts"
"#overviewTwo .o2ExecutiveInsightsBodyV153","","1-1-0","Overview","4","DashboardBaseStyles.html:6112","DashboardBaseStyles.html:6485; DashboardBaseStyles.html:6821; DashboardBaseStyles.html:7332","DashboardBaseStyles.html","12","false","72","false","Medium","5","repeated selector; uses !important; same selector appears in multiple at-rule contexts"
"#overviewTwo .o2FeatureDockV153","","1-1-0","Overview","4","DashboardBaseStyles.html:5971","DashboardBaseStyles.html:6461; DashboardBaseStyles.html:6794; DashboardBaseStyles.html:7322","DashboardBaseStyles.html","14","false","73","false","Medium","5","repeated selector; uses !important; same selector appears in multiple at-rule contexts"
".deptRow","","0-1-0","Shared","3","DashboardBaseStyles.html:233","DashboardBaseStyles.html:628; DashboardBaseStyles.html:2403","DashboardBaseStyles.html","0","false","10","false","Medium","5","repeated selector; shared or cross-dashboard ownership"
".managerTabs .navActionStrip","","0-2-0","Overview","3","DashboardBaseStyles.html:4714","DashboardBaseStyles.html:4793; DashboardBaseStyles.html:5428","DashboardBaseStyles.html","6","false","24","false","Medium","5","repeated selector; uses !important; same selector appears in multiple at-rule contexts"
".yearRow","","0-1-0","Shared","3","DashboardBaseStyles.html:233","DashboardBaseStyles.html:628; DashboardBaseStyles.html:2403","DashboardBaseStyles.html","0","false","11","false","Medium","5","repeated selector; shared or cross-dashboard ownership"
"#overviewOne .grid","@media (max-width: 1500px) and (min-width: 901px)","1-1-0","Overview","3","DashboardBaseStyles.html:3901","DashboardBaseStyles.html:4410; DashboardBaseStyles.html:4612","DashboardBaseStyles.html","7","false","464","false","Medium","5","repeated selector; uses !important; same selector appears in multiple at-rule contexts"
"#overviewTwo .o2ChipRow","","1-1-0","Overview","3","DashboardBaseStyles.html:5312","DashboardBaseStyles.html:5535; DashboardBaseStyles.html:5584","DashboardBaseStyles.html","9","false","71","false","Medium","5","repeated selector; uses !important; same selector appears in multiple at-rule contexts"
"#overviewTwo .o2CommandGridV150","@media (max-width: 1500px)","1-1-0","Overview","3","DashboardBaseStyles.html:6711","DashboardBaseStyles.html:7341; DashboardBaseStyles.html:7894","DashboardBaseStyles.html","3","false","72","false","Medium","5","repeated selector; uses !important; same selector appears in multiple at-rule contexts"
"#overviewTwo .o2ExecutivePanelV150","@media (max-width: 1500px)","1-1-0","Overview","3","DashboardBaseStyles.html:6715","DashboardBaseStyles.html:7349; DashboardBaseStyles.html:7900","DashboardBaseStyles.html","6","false","72","false","Medium","5","repeated selector; uses !important; same selector appears in multiple at-rule contexts"
"#overviewTwo .o2FeatureControlsV153","","1-1-0","Overview","3","DashboardBaseStyles.html:5979","DashboardBaseStyles.html:6467; DashboardBaseStyles.html:6800","DashboardBaseStyles.html","13","false","71","false","Medium","5","repeated selector; uses !important; same selector appears in multiple at-rule contexts"
"#overviewTwo .o2InsightsHeaderV158","","1-1-0","Overview","3","DashboardBaseStyles.html:7735","DashboardBaseStyles.html:8132; DashboardBaseStyles.html:8210","DashboardBaseStyles.html","11","false","72","false","Medium","5","repeated selector; uses !important; same selector appears in multiple at-rule contexts"
"#overviewTwo .o2InsightStatGridV153","","1-1-0","Overview","3","DashboardBaseStyles.html:6209","DashboardBaseStyles.html:7784; DashboardBaseStyles.html:7808","DashboardBaseStyles.html","7","false","72","false","Medium","5","repeated selector; uses !important; same selector appears in multiple at-rule contexts"
"#overviewTwo .o2KpiBandSideV150","@media (max-width: 1500px)","1-1-0","Overview","3","DashboardBaseStyles.html:6720","DashboardBaseStyles.html:7354; DashboardBaseStyles.html:7904","DashboardBaseStyles.html","3","false","72","false","Medium","5","repeated selector; uses !important; same selector appears in multiple at-rule contexts"
"#overviewTwo .o2MonthlyYoyTilesV150","","1-1-0","Overview","3","DashboardBaseStyles.html:5834","DashboardBaseStyles.html:6374; DashboardBaseStyles.html:6994","DashboardBaseStyles.html","10","false","72","false","Medium","5","repeated selector; uses !important; same selector appears in multiple at-rule contexts"
"#overviewTwo .o2PaceLegendV156","","1-1-0","Overview","3","DashboardBaseStyles.html:7159","DashboardBaseStyles.html:7570; DashboardBaseStyles.html:8166","DashboardBaseStyles.html","12","false","72","false","Medium","5","repeated selector; uses !important; same selector appears in multiple at-rule contexts"
"#overviewTwo .o2PaceMatrixV156","","1-1-0","Overview","3","DashboardBaseStyles.html:7172","DashboardBaseStyles.html:7574; DashboardBaseStyles.html:8170","DashboardBaseStyles.html","33","false","72","false","Medium","5","repeated selector; uses !important; same selector appears in multiple at-rule contexts"
"#overviewTwo .o2PaceSummaryV156","","1-1-0","Overview","3","DashboardBaseStyles.html:7105","DashboardBaseStyles.html:7541; DashboardBaseStyles.html:8140","DashboardBaseStyles.html","11","false","72","false","Medium","5","repeated selector; uses !important; same selector appears in multiple at-rule contexts"
"#overviewTwo .o2TopBarChartsV150","","1-1-0","Overview","3","DashboardBaseStyles.html:5893","DashboardBaseStyles.html:6688; DashboardBaseStyles.html:8299","DashboardBaseStyles.html","10","false","72","false","Medium","5","repeated selector; uses !important; same selector appears in multiple at-rule contexts"
".deptList.dropdownList","","0-2-0","Shared","2","DashboardBaseStyles.html:774","DashboardBaseStyles.html:2351","DashboardBaseStyles.html","0","false","11","false","Medium","5","repeated selector; shared or cross-dashboard ownership"
".managerTabs .tabBtn","","0-2-0","Overview","2","DashboardBaseStyles.html:4446","DashboardBaseStyles.html:4697","DashboardBaseStyles.html","7","false","33","false","Medium","5","repeated selector; uses !important; same selector appears in multiple at-rule contexts"
".multiRow","","0-1-0","Shared","2","DashboardBaseStyles.html:1999","DashboardBaseStyles.html:2403","DashboardBaseStyles.html","0","false","16","false","Medium","5","repeated selector; shared or cross-dashboard ownership"
".yearList.dropdownList","","0-2-0","Shared","2","DashboardBaseStyles.html:774","DashboardBaseStyles.html:2351","DashboardBaseStyles.html","0","false","24","false","Medium","5","repeated selector; shared or cross-dashboard ownership"
"#overviewOne .areaAvg","@media (max-width: 900px)","1-1-0","Overview","2","DashboardBaseStyles.html:3979","DashboardBaseStyles.html:4422","DashboardBaseStyles.html","3","false","291","false","Medium","5","repeated selector; uses !important; same selector appears in multiple at-rule contexts"
"#overviewOne .areaCustomers","@media (max-width: 900px)","1-1-0","Overview","2","DashboardBaseStyles.html:3976","DashboardBaseStyles.html:4422","DashboardBaseStyles.html","3","false","291","false","Medium","5","repeated selector; uses !important; same selector appears in multiple at-rule contexts"
"#overviewOne .areaCustomerTable","","1-1-0","Overview","2","DashboardBaseStyles.html:3729","DashboardBaseStyles.html:3783","DashboardBaseStyles.html","5","false","292","false","Medium","5","repeated selector; uses !important; same selector appears in multiple at-rule contexts"
"#overviewOne .areaProductTable","","1-1-0","Overview","2","DashboardBaseStyles.html:3729","DashboardBaseStyles.html:3783","DashboardBaseStyles.html","5","false","302","false","Medium","5","repeated selector; uses !important; same selector appears in multiple at-rule contexts"
"#overviewOne .areaRevenue","","1-1-0","Overview","2","DashboardBaseStyles.html:3729","DashboardBaseStyles.html:3739","DashboardBaseStyles.html","4","false","293","false","Medium","5","repeated selector; uses !important; same selector appears in multiple at-rule contexts"
"#overviewOne .areaRpac","@media (max-width: 900px)","1-1-0","Overview","2","DashboardBaseStyles.html:3978","DashboardBaseStyles.html:4422","DashboardBaseStyles.html","3","false","291","false","Medium","5","repeated selector; uses !important; same selector appears in multiple at-rule contexts"
"#overviewOne .areaUnits","@media (max-width: 900px)","1-1-0","Overview","2","DashboardBaseStyles.html:3977","DashboardBaseStyles.html:4422","DashboardBaseStyles.html","3","false","291","false","Medium","5","repeated selector; uses !important; same selector appears in multiple at-rule contexts"
"#overviewOne .topBar.executiveTop .comparisonKpi","","1-3-0","Overview","2","DashboardBaseStyles.html:3497","DashboardBaseStyles.html:4811","DashboardBaseStyles.html","10","false","593","false","Medium","5","repeated selector; uses !important; same selector appears in multiple at-rule contexts"
"#overviewOne .topBar.executiveTop .comparisonKpis","","1-3-0","Overview","2","DashboardBaseStyles.html:3490","DashboardBaseStyles.html:4803","DashboardBaseStyles.html","9","false","569","false","Medium","5","repeated selector; uses !important; same selector appears in multiple at-rule contexts"
"#overviewOne .topBar.executiveTop .comparisonKpis","@media (max-width: 900px)","1-3-0","Overview","2","DashboardBaseStyles.html:3941","DashboardBaseStyles.html:4878","DashboardBaseStyles.html","4","false","569","false","Medium","5","repeated selector; uses !important; same selector appears in multiple at-rule contexts"
"#overviewTwo .o2AnalyticsRowV150","@media (max-width: 1180px)","1-1-0","Overview","2","DashboardBaseStyles.html:6736","DashboardBaseStyles.html:6743","DashboardBaseStyles.html","5","false","73","false","Medium","5","repeated selector; uses !important; same selector appears in multiple at-rule contexts"
"#overviewTwo .o2CommandMainV150","@media (max-width: 1040px)","1-1-0","Overview","2","DashboardBaseStyles.html:7360","DashboardBaseStyles.html:7910","DashboardBaseStyles.html","4","false","72","false","Medium","5","repeated selector; uses !important; same selector appears in multiple at-rule contexts"
"#overviewTwo .o2CommandMainV150","@media (max-width: 1500px)","1-1-0","Overview","2","DashboardBaseStyles.html:7345","DashboardBaseStyles.html:7897","DashboardBaseStyles.html","2","false","72","false","Medium","5","repeated selector; uses !important; same selector appears in multiple at-rule contexts"
"#overviewTwo .o2DeepDiveContentV155","","1-1-0","Overview","2","DashboardBaseStyles.html:6900","DashboardBaseStyles.html:7854","DashboardBaseStyles.html","8","false","75","false","Medium","5","repeated selector; uses !important; same selector appears in multiple at-rule contexts"
"#overviewTwo .o2DeepDiveContentV155 .o2HealthGridV152","","1-2-0","Overview","2","DashboardBaseStyles.html:6972","DashboardBaseStyles.html:7865","DashboardBaseStyles.html","7","false","76","false","Medium","5","repeated selector; uses !important; same selector appears in multiple at-rule contexts"
"#overviewTwo .o2DeepDiveContentV155 .o2HealthGridV152","@media (max-width: 720px)","1-2-0","Overview","2","DashboardBaseStyles.html:7041","DashboardBaseStyles.html:7937","DashboardBaseStyles.html","2","false","76","false","Medium","5","repeated selector; uses !important; same selector appears in multiple at-rule contexts"
"#overviewTwo .o2DeepDiveContentV155 .o2InsightRowsV152","","1-2-0","Overview","2","DashboardBaseStyles.html:6943","DashboardBaseStyles.html:7865","DashboardBaseStyles.html","7","false","78","false","Medium","5","repeated selector; uses !important; same selector appears in multiple at-rule contexts"
"#overviewTwo .o2DeepDiveContentV155 .o2InsightRowsV152","@media (max-width: 720px)","1-2-0","Overview","2","DashboardBaseStyles.html:7041","DashboardBaseStyles.html:7937","DashboardBaseStyles.html","2","false","78","false","Medium","5","repeated selector; uses !important; same selector appears in multiple at-rule contexts"
"#overviewTwo .o2DeepDiveTabsV155","","1-1-0","Overview","2","DashboardBaseStyles.html:6857","DashboardBaseStyles.html:7835","DashboardBaseStyles.html","13","false","72","false","Medium","5","repeated selector; uses !important; same selector appears in multiple at-rule contexts"
"#overviewTwo .o2ExecutiveInsightsBodyV153","@media (max-width: 780px)","1-1-0","Overview","2","DashboardBaseStyles.html:6289","DashboardBaseStyles.html:6785","DashboardBaseStyles.html","2","false","72","false","Medium","5","repeated selector; uses !important; same selector appears in multiple at-rule contexts"
"#overviewTwo .o2ExecutiveInsightsBodyV158","","1-1-0","Overview","2","DashboardBaseStyles.html:7775","DashboardBaseStyles.html:8240","DashboardBaseStyles.html","9","false","72","false","Medium","5","repeated selector; uses !important; same selector appears in multiple at-rule contexts"
"#overviewTwo .o2FeatureControlsHintV153","","1-1-0","Overview","2","DashboardBaseStyles.html:6001","DashboardBaseStyles.html:6805","DashboardBaseStyles.html","7","false","71","false","Medium","5","repeated selector; uses !important; same selector appears in multiple at-rule contexts"
"#overviewTwo .o2InsightGridV152","","1-1-0","Overview","2","DashboardBaseStyles.html:6514","DashboardBaseStyles.html:6990","DashboardBaseStyles.html","6","false","71","false","Medium","5","repeated selector; uses !important; same selector appears in multiple at-rule contexts"
"#overviewTwo .o2KpiBand","@media (max-width: 1280px)","1-1-0","Overview","2","DashboardBaseStyles.html:5222","DashboardBaseStyles.html:5397","DashboardBaseStyles.html","1","false","73","false","Medium","5","repeated selector; uses !important; same selector appears in multiple at-rule contexts"
"#overviewTwo .o2KpiBandSideV150","@media (max-width: 780px)","1-1-0","Overview","2","DashboardBaseStyles.html:6776","DashboardBaseStyles.html:8349","DashboardBaseStyles.html","2","false","72","false","Medium","5","repeated selector; uses !important; same selector appears in multiple at-rule contexts"
"#overviewTwo .o2PaceCardV156","@media (max-width: 1040px)","1-1-0","Overview","2","DashboardBaseStyles.html:7366","DashboardBaseStyles.html:7916","DashboardBaseStyles.html","4","false","72","false","Medium","5","repeated selector; uses !important; same selector appears in multiple at-rule contexts"
"#overviewTwo .o2PaceMatrixV156","@media (max-width: 720px)","1-1-0","Overview","2","DashboardBaseStyles.html:7391","DashboardBaseStyles.html:7943","DashboardBaseStyles.html","2","false","72","false","Medium","5","repeated selector; uses !important; same selector appears in multiple at-rule contexts"
"#overviewTwo .o2PaceSummaryV156","@media (max-width: 720px)","1-1-0","Overview","2","DashboardBaseStyles.html:7383","DashboardBaseStyles.html:7937","DashboardBaseStyles.html","2","false","72","false","Medium","5","repeated selector; uses !important; same selector appears in multiple at-rule contexts"
"#overviewTwo .o2RevenueHeroV150","@media (max-width: 1040px)","1-1-0","Overview","2","DashboardBaseStyles.html:7366","DashboardBaseStyles.html:7916","DashboardBaseStyles.html","4","false","72","false","Medium","5","repeated selector; uses !important; same selector appears in multiple at-rule contexts"
"#overviewTwo .o2RevenueHeroV150 .o2TrendBox","@media (max-width: 1040px)","1-2-0","Overview","2","DashboardBaseStyles.html:7373","DashboardBaseStyles.html:7921","DashboardBaseStyles.html","2","false","73","false","Medium","5","repeated selector; uses !important; same selector appears in multiple at-rule contexts"
"#overviewTwo .o2StoryGrid","@media (max-width: 1280px)","1-1-0","Overview","2","DashboardBaseStyles.html:5222","DashboardBaseStyles.html:5397","DashboardBaseStyles.html","1","false","71","false","Medium","5","repeated selector; uses !important; same selector appears in multiple at-rule contexts"
"#overviewTwo .o2StoryTabsV158","","1-1-0","Overview","2","DashboardBaseStyles.html:7742","DashboardBaseStyles.html:8221","DashboardBaseStyles.html","12","false","72","false","Medium","5","repeated selector; uses !important; same selector appears in multiple at-rule contexts"
"#overviewTwo .o2TopBarCharts","@media (max-width: 1280px)","1-1-0","Overview","2","DashboardBaseStyles.html:5222","DashboardBaseStyles.html:5397","DashboardBaseStyles.html","1","false","73","false","Medium","5","repeated selector; uses !important; same selector appears in multiple at-rule contexts"
"#overviewTwo .o2TopBarChartsV150","@media (max-width: 780px)","1-1-0","Overview","2","DashboardBaseStyles.html:6758","DashboardBaseStyles.html:8352","DashboardBaseStyles.html","2","false","72","false","Medium","5","repeated selector; uses !important; same selector appears in multiple at-rule contexts"
"#overviewTwo .o2YearStackRowsV150","","1-1-0","Overview","2","DashboardBaseStyles.html:5769","DashboardBaseStyles.html:8067","DashboardBaseStyles.html","3","false","72","false","Medium","5","repeated selector; uses !important; same selector appears in multiple at-rule contexts"
"#remakeFactorPage.cleanRemakeV6230 .ceramistPanelV6343.detailOpenV6368 .ceramistPreviewTableWrapV6342","","1-4-0","Remake","2","Index.html:2715","Index.html:2735","Index.html","2","false","1382","false","Medium","5","repeated selector; uses !important; same selector appears in multiple at-rule contexts"
"#remakeFactorPage.cleanRemakeV6230 .ceramistPreviewTableWrapV6342","@media(min-width:981px)","1-2-0","Remake","2","Index.html:2105","Index.html:2380","Index.html","2","false","1320","false","Medium","5","repeated selector; uses !important; same selector appears in multiple at-rule contexts"
"#remakeFactorPage.cleanRemakeV6230 .remakeCardTitle","","1-2-0","Remake","2","Index.html:2045","Index.html:2178","Index.html","4","false","1337","false","Medium","5","repeated selector; uses !important; same selector appears in multiple at-rule contexts"
"#remakeFactorPage.cleanRemakeV6230 .remakeStickyTopV6245","@media (max-width:1279px)","1-2-0","Remake","2","RemakeResponsiveStyles.html:411","RemakeResponsiveStyles.html:426","RemakeResponsiveStyles.html","14","false","1324","false","Medium","5","repeated selector; uses !important; same selector appears in multiple at-rule contexts"
"#remakeFactorPage.cleanRemakeV6230 #remakeCeramistTableV6342","","2-1-0","Remake","2","Index.html:1825","Index.html:3123","Index.html","7","false","1334","false","Medium","5","repeated selector; uses !important; same selector appears in multiple at-rule contexts"
"body","@media (max-width:1279px)","0-0-1","Remake","2","RemakeResponsiveStyles.html:265","RemakeResponsiveStyles.html:272","RemakeResponsiveStyles.html","4","false","0","false","Medium","5","repeated selector; uses !important; same selector appears in multiple at-rule contexts"
".areaCustomerTable .cardHeader","","0-2-0","Shared","1","DashboardBaseStyles.html:2428","","DashboardBaseStyles.html","1","false","14","false","Medium","5","uses !important; shared or cross-dashboard ownership"
".areaCustomerTable tbody tr:last-child td","","0-2-3","Shared","1","DashboardBaseStyles.html:2450","","DashboardBaseStyles.html","1","false","5","false","Medium","5","uses !important; shared or cross-dashboard ownership"
".areaCustomerTable td:nth-child(2)","","0-2-1","Shared","1","DashboardBaseStyles.html:2464","","DashboardBaseStyles.html","1","false","5","false","Medium","5","uses !important; shared or cross-dashboard ownership"
".areaCustomerTable th:nth-child(2)","","0-2-1","Shared","1","DashboardBaseStyles.html:2464","","DashboardBaseStyles.html","1","false","5","false","Medium","5","uses !important; shared or cross-dashboard ownership"
".areaProductTable .cardHeader","","0-2-0","Shared","1","DashboardBaseStyles.html:2428","","DashboardBaseStyles.html","1","false","24","false","Medium","5","uses !important; shared or cross-dashboard ownership"
".areaProductTable tbody tr:last-child td","","0-2-3","Shared","1","DashboardBaseStyles.html:2450","","DashboardBaseStyles.html","1","false","15","false","Medium","5","uses !important; shared or cross-dashboard ownership"
".areaRevenue .cardHeader","","0-2-0","Shared","1","DashboardBaseStyles.html:1869","","DashboardBaseStyles.html","1","false","15","false","Medium","5","uses !important; shared or cross-dashboard ownership"
".areaRevenue canvas","","0-1-1","Shared","1","DashboardBaseStyles.html:1878","","DashboardBaseStyles.html","1","false","6","false","Medium","5","uses !important; shared or cross-dashboard ownership"
".card.chartFocusActive","","0-2-0","Shared","1","DashboardBaseStyles.html:1963","","DashboardBaseStyles.html","2","false","279","false","Medium","5","uses !important; shared or cross-dashboard ownership"
".ceramistCaseDialogCloseV6369","","0-1-0","Shared","1","Index.html:2748","","Index.html","6","false","1","false","Medium","5","uses !important; shared or cross-dashboard ownership"
".chip button:hover","","0-2-1","Shared","1","DashboardBaseStyles.html:2585","","DashboardBaseStyles.html","1","false","61","false","Medium","5","uses !important; shared or cross-dashboard ownership"
".comparisonKpi","","0-1-0","Shared","1","DashboardBaseStyles.html:2715","","DashboardBaseStyles.html","5","false","49","false","Medium","5","uses !important; shared or cross-dashboard ownership"
".comparisonKpi .label","","0-2-0","Shared","1","DashboardBaseStyles.html:2727","","DashboardBaseStyles.html","1","false","1006","false","Medium","5","uses !important; shared or cross-dashboard ownership"
".comparisonKpi::before","","0-1-1","Shared","1","DashboardBaseStyles.html:2723","","DashboardBaseStyles.html","1","false","49","false","Medium","5","uses !important; shared or cross-dashboard ownership"
".controlButtonStrip .segBtn.active","","0-3-0","Shared","1","DashboardBaseStyles.html:3052","","DashboardBaseStyles.html","3","false","604","false","Medium","5","uses !important; shared or cross-dashboard ownership"
".controlFilterRow .chip button","","0-2-1","Shared","1","DashboardBaseStyles.html:3087","","DashboardBaseStyles.html","3","false","79","false","Medium","5","uses !important; shared or cross-dashboard ownership"
".customerNameCell","","0-1-0","Shared","1","DashboardBaseStyles.html:2497","","DashboardBaseStyles.html","1","false","7","false","Medium","5","uses !important; shared or cross-dashboard ownership"
".managerTabs > .tabGroup","","0-2-0","Shared","1","Index.html:243","","Index.html","3","false","26","false","Medium","5","uses !important; shared or cross-dashboard ownership"
".topBar.executiveTop .kpiDelta","","0-3-0","Shared","1","DashboardBaseStyles.html:3017","","DashboardBaseStyles.html","2","false","266","false","Medium","5","uses !important; shared or cross-dashboard ownership"
".topBar.executiveTop .kpiSub span:first-child","","0-4-1","Shared","1","DashboardBaseStyles.html:3012","","DashboardBaseStyles.html","2","false","267","false","Medium","5","uses !important; shared or cross-dashboard ownership"
".topBar.executiveTop .resetBtn","@media (max-width: 900px)","0-3-0","Shared","1","DashboardBaseStyles.html:2170","","DashboardBaseStyles.html","1","false","271","false","Medium","5","uses !important; shared or cross-dashboard ownership"
"#categoricalPage :is(.card,.panel,.tableCard,.chartCard,.componentCard,table,tbody,tr,td,th,canvas)","","1-1-0","Shared","1","Index.html:4018","","Index.html","4","false","682","false","Medium","5","uses !important; shared or cross-dashboard ownership"
"#categoricalPage *","","1-0-0","Shared","1","Index.html:4007","","Index.html","2","false","23","false","Medium","5","uses !important; shared or cross-dashboard ownership"
"#categoricalTabBtn","","1-0-0","Shared","1","Index.html:243","","Index.html","3","false","20","false","Medium","5","uses !important; shared or cross-dashboard ownership"
"#ceramistCaseDialogOverlayV6369","","1-0-0","Shared","1","Index.html:233","","Index.html","1","false","3","false","Medium","5","uses !important; shared or cross-dashboard ownership"
"#dropdownDebugOverlayV6196","","1-0-0","Shared","1","Index.html:243","","Index.html","3","false","7","false","Medium","5","uses !important; shared or cross-dashboard ownership"
"#dropdownDebugOverlayV6199","","1-0-0","Shared","1","Index.html:243","","Index.html","3","false","31","false","Medium","5","uses !important; shared or cross-dashboard ownership"
"#layoutCardEditorV6184","","1-0-0","Shared","1","Index.html:243","","Index.html","3","false","16","false","Medium","5","uses !important; shared or cross-dashboard ownership"
"#layoutEditButtonV6183","","1-0-0","Shared","1","Index.html:243","","Index.html","3","false","11","false","Medium","5","uses !important; shared or cross-dashboard ownership"
"#layoutEditPanelV6183","","1-0-0","Shared","1","Index.html:243","","Index.html","3","false","22","false","Medium","5","uses !important; shared or cross-dashboard ownership"
"#tabOneBtn","","1-0-0","Shared","1","Index.html:243","","Index.html","3","false","21","false","Medium","5","uses !important; shared or cross-dashboard ownership"
"#tatDashboardPageV6509.cleanRemakeV6230 .ceramistBreakdownBarV6343","@media (max-width:1279px)","1-2-0","TAT","1","TatRemakeAliasStyles.html:847","","TatRemakeAliasStyles.html","8","true","601","false","Medium","5","uses !important; loaded after closing HTML"
"#tatDashboardPageV6509.cleanRemakeV6230 .ceramistBreakdownBarV6343 button","@media (max-width:1279px)","1-2-1","TAT","1","TatRemakeAliasStyles.html:861","","TatRemakeAliasStyles.html","3","true","601","false","Medium","5","uses !important; loaded after closing HTML"
"#tatDashboardPageV6509.cleanRemakeV6230 .ceramistDetailClickableV6368:focus .ceramistDetailChevronV6368","","1-4-0","TAT","1","TatRemakeAliasStyles.html:599","","TatRemakeAliasStyles.html","1","true","602","false","Medium","5","uses !important; loaded after closing HTML"
"#tatDashboardPageV6509.cleanRemakeV6230 .ceramistDetailClickableV6368:hover .ceramistDetailChevronV6368","","1-4-0","TAT","1","TatRemakeAliasStyles.html:599","","TatRemakeAliasStyles.html","1","true","602","false","Medium","5","uses !important; loaded after closing HTML"
"#tatDashboardPageV6509.cleanRemakeV6230 .ceramistDetailLabelV6368","","1-2-0","TAT","1","TatRemakeAliasStyles.html:589","","TatRemakeAliasStyles.html","5","true","595","false","Medium","5","uses !important; loaded after closing HTML"
"#tatDashboardPageV6509.cleanRemakeV6230 .ceramistDetailSelectionCloseV6368","","1-2-0","TAT","1","TatRemakeAliasStyles.html:545","","TatRemakeAliasStyles.html","10","true","595","false","Medium","5","uses !important; loaded after closing HTML"
"#tatDashboardPageV6509.cleanRemakeV6230 .ceramistDetailSelectionContextV6368","","1-2-0","TAT","1","TatRemakeAliasStyles.html:578","","TatRemakeAliasStyles.html","4","true","595","false","Medium","5","uses !important; loaded after closing HTML"
"#tatDashboardPageV6509.cleanRemakeV6230 .ceramistDetailSelectionHeaderV6368","","1-2-0","TAT","1","TatRemakeAliasStyles.html:525","","TatRemakeAliasStyles.html","4","true","595","false","Medium","5","uses !important; loaded after closing HTML"
"#tatDashboardPageV6509.cleanRemakeV6230 .ceramistDetailSelectionHeadingV6368","","1-2-0","TAT","1","TatRemakeAliasStyles.html:530","","TatRemakeAliasStyles.html","4","true","597","false","Medium","5","uses !important; loaded after closing HTML"
"#tatDashboardPageV6509.cleanRemakeV6230 .ceramistDetailSelectionHeadingV6368 span","","1-2-1","TAT","1","TatRemakeAliasStyles.html:541","","TatRemakeAliasStyles.html","3","true","597","false","Medium","5","uses !important; loaded after closing HTML"
"#tatDashboardPageV6509.cleanRemakeV6230 .ceramistDetailSelectionHeadingV6368 strong","","1-2-1","TAT","1","TatRemakeAliasStyles.html:535","","TatRemakeAliasStyles.html","5","true","597","false","Medium","5","uses !important; loaded after closing HTML"
"#tatDashboardPageV6509.cleanRemakeV6230 .ceramistDetailSelectionMetricsV6368 > div","","1-2-1","TAT","1","TatRemakeAliasStyles.html:561","","TatRemakeAliasStyles.html","9","true","598","false","Medium","5","uses !important; loaded after closing HTML"
"#tatDashboardPageV6509.cleanRemakeV6230 .ceramistDetailSelectionMetricsV6368 span","","1-2-1","TAT","1","TatRemakeAliasStyles.html:571","","TatRemakeAliasStyles.html","2","true","598","false","Medium","5","uses !important; loaded after closing HTML"
"#tatDashboardPageV6509.cleanRemakeV6230 .ceramistDetailSelectionMetricsV6368 strong","","1-2-1","TAT","1","TatRemakeAliasStyles.html:574","","TatRemakeAliasStyles.html","3","true","598","false","Medium","5","uses !important; loaded after closing HTML"
"#tatDashboardPageV6509.cleanRemakeV6230 .ceramistFlagBarV6342","@media (max-width:1279px)","1-2-0","TAT","1","TatRemakeAliasStyles.html:847","","TatRemakeAliasStyles.html","8","true","600","false","Medium","5","uses !important; loaded after closing HTML"
"#tatDashboardPageV6509.cleanRemakeV6230 .ceramistFlagBarV6342 button","@media (max-width:1279px)","1-2-1","TAT","1","TatRemakeAliasStyles.html:861","","TatRemakeAliasStyles.html","3","true","600","false","Medium","5","uses !important; loaded after closing HTML"
"#tatDashboardPageV6509.cleanRemakeV6230 .ceramistPanelV6343","@media (max-width:1279px)","1-2-0","TAT","1","TatRemakeAliasStyles.html:825","","TatRemakeAliasStyles.html","7","true","655","false","Medium","5","uses !important; loaded after closing HTML"
"#tatDashboardPageV6509.cleanRemakeV6230 .ceramistPanelV6343 + .ceramistPanelV6343","@media(max-width:1180px)","1-3-0","TAT","1","TatRemakeAliasStyles.html:311","","TatRemakeAliasStyles.html","2","true","655","false","Medium","5","uses !important; loaded after closing HTML"
"#tatDashboardPageV6509.cleanRemakeV6230 .ceramistSectionRowV6348 td","","1-2-1","TAT","1","TatRemakeAliasStyles.html:301","","TatRemakeAliasStyles.html","9","true","597","false","Medium","5","uses !important; loaded after closing HTML"
"#tatDashboardPageV6509.cleanRemakeV6230 .columnHiddenV6357","","1-2-0","TAT","1","TatRemakeAliasStyles.html:435","","TatRemakeAliasStyles.html","1","true","598","false","Medium","5","uses !important; loaded after closing HTML"
"#tatDashboardPageV6509.cleanRemakeV6230 .tatCardSubV6509","","1-2-0","TAT","1","TatRemakeAliasStyles.html:1365","","TatRemakeAliasStyles.html","3","true","595","false","Medium","5","uses !important; loaded after closing HTML"
"#tatDashboardPageV6509.cleanRemakeV6230 .tatChartV6509","","1-2-0","TAT","1","TatRemakeAliasStyles.html:1366","","TatRemakeAliasStyles.html","3","true","596","false","Medium","5","uses !important; loaded after closing HTML"
"#tatDashboardPageV6509.cleanRemakeV6230 .tatCustomersWrapV6509","","1-2-0","TAT","1","TatRemakeAliasStyles.html:1368","","TatRemakeAliasStyles.html","2","true","595","false","Medium","5","uses !important; loaded after closing HTML"
"#tatDashboardPageV6509.cleanRemakeV6230 .tatSummaryTableV6509","","1-2-0","TAT","1","TatRemakeAliasStyles.html:1367","","TatRemakeAliasStyles.html","2","true","596","false","Medium","5","uses !important; loaded after closing HTML"
"#tatDashboardPageV6509.cleanRemakeV6230 .tatTableV6509 tbody tr.clickable:hover>td","","1-4-3","TAT","1","TatRemakeAliasStyles.html:1369","","TatRemakeAliasStyles.html","2","true","625","false","Medium","5","uses !important; loaded after closing HTML"
"#tatDashboardPageV6509.cleanRemakeV6230 .tatTableV6509 tbody tr.clickable:hover>td:first-child","","1-5-3","TAT","1","TatRemakeAliasStyles.html:1369","","TatRemakeAliasStyles.html","2","true","625","false","Medium","5","uses !important; loaded after closing HTML"
"#tatDashboardPageV6509.cleanRemakeV6230 .tatTableV6509 tbody tr.selected>td","","1-3-3","TAT","1","TatRemakeAliasStyles.html:1370","","TatRemakeAliasStyles.html","2","true","2052","false","Medium","5","uses !important; loaded after closing HTML"
"#tatDashboardPageV6509.cleanRemakeV6230 .tatTableV6509 tbody tr.selected>td:first-child","","1-4-3","TAT","1","TatRemakeAliasStyles.html:1370","","TatRemakeAliasStyles.html","2","true","2052","false","Medium","5","uses !important; loaded after closing HTML"
"#tatDashboardPageV6509.cleanRemakeV6230 .tatTableV6509 tbody tr.selectedV6230>td","","1-3-3","TAT","1","TatRemakeAliasStyles.html:1370","","TatRemakeAliasStyles.html","2","true","613","false","Medium","5","uses !important; loaded after closing HTML"
"#tatDashboardPageV6509.cleanRemakeV6230 .tatTableV6509 tbody tr.selectedV6230>td:first-child","","1-4-3","TAT","1","TatRemakeAliasStyles.html:1370","","TatRemakeAliasStyles.html","2","true","613","false","Medium","5","uses !important; loaded after closing HTML"
"#tatDashboardPageV6509.cleanRemakeV6230 canvas","@media (max-width:1279px)","1-1-1","TAT","1","TatRemakeAliasStyles.html:879","","TatRemakeAliasStyles.html","1","true","594","false","Medium","5","uses !important; loaded after closing HTML"
"#underConstructionBtn","","1-0-0","Shared","1","Index.html:243","","Index.html","3","false","22","false","Medium","5","uses !important; shared or cross-dashboard ownership"
"#underConstructionMenu","","1-0-0","Shared","1","Index.html:243","","Index.html","3","false","7","false","Medium","5","uses !important; shared or cross-dashboard ownership"
"html.cdaRemakeTatBootV6501 body","","0-1-2","Shared","1","Index.html:242","","Index.html","1","false","3","false","Medium","5","uses !important; shared or cross-dashboard ownership"
"th.sortableHeader","","0-1-1","Shared","1","DashboardBaseStyles.html:2469","","DashboardBaseStyles.html","4","false","9","false","Medium","5","uses !important; shared or cross-dashboard ownership"
"th.sortableHeader:hover","","0-2-1","Shared","1","DashboardBaseStyles.html:2476","","DashboardBaseStyles.html","1","false","9","false","Medium","5","uses !important; shared or cross-dashboard ownership"
"#overviewOne .areaAvg .chartBox","","1-2-0","Overview","6","DashboardBaseStyles.html:3883","DashboardBaseStyles.html:4193; DashboardBaseStyles.html:4384; DashboardBaseStyles.html:4603; DashboardBaseStyles.html:4632; DashboardBaseStyles.html:4654","DashboardBaseStyles.html","10","false","302","false","Medium","4","repeated selector; uses !important"
"#overviewOne .areaCustomers .chartBox","","1-2-0","Overview","6","DashboardBaseStyles.html:3883","DashboardBaseStyles.html:4193; DashboardBaseStyles.html:4384; DashboardBaseStyles.html:4603; DashboardBaseStyles.html:4632; DashboardBaseStyles.html:4654","DashboardBaseStyles.html","10","false","302","false","Medium","4","repeated selector; uses !important"
"#overviewOne .areaRpac .chartBox","","1-2-0","Overview","6","DashboardBaseStyles.html:3883","DashboardBaseStyles.html:4193; DashboardBaseStyles.html:4384; DashboardBaseStyles.html:4603; DashboardBaseStyles.html:4632; DashboardBaseStyles.html:4654","DashboardBaseStyles.html","10","false","302","false","Medium","4","repeated selector; uses !important"
"#overviewOne .areaUnits .chartBox","","1-2-0","Overview","6","DashboardBaseStyles.html:3883","DashboardBaseStyles.html:4193; DashboardBaseStyles.html:4384; DashboardBaseStyles.html:4603; DashboardBaseStyles.html:4632; DashboardBaseStyles.html:4654","DashboardBaseStyles.html","10","false","302","false","Medium","4","repeated selector; uses !important"
"#overviewTwo .o2DeepDivePanelV155","","1-1-0","Overview","5","DashboardBaseStyles.html:6832","DashboardBaseStyles.html:7336; DashboardBaseStyles.html:7484; DashboardBaseStyles.html:7823; DashboardBaseStyles.html:8274","DashboardBaseStyles.html","15","false","72","false","Medium","4","repeated selector; uses !important"
"#overviewTwo .o2KpiBandSideV150 .o2KpiCard","","1-2-0","Overview","5","DashboardBaseStyles.html:5717","DashboardBaseStyles.html:6416; DashboardBaseStyles.html:7300; DashboardBaseStyles.html:7690; DashboardBaseStyles.html:8021","DashboardBaseStyles.html","21","false","77","false","Medium","4","repeated selector; uses !important"
"#overviewTwo .o2KpiBandSideV150 .o2KpiCard .value","","1-3-0","Overview","5","DashboardBaseStyles.html:5732","DashboardBaseStyles.html:6422; DashboardBaseStyles.html:7305; DashboardBaseStyles.html:7700; DashboardBaseStyles.html:8038","DashboardBaseStyles.html","13","false","1688","false","Medium","4","repeated selector; uses !important"
"#overviewTwo .o2KpiBandSideV150 .o2KpiSub","","1-2-0","Overview","5","DashboardBaseStyles.html:5739","DashboardBaseStyles.html:6428; DashboardBaseStyles.html:7309; DashboardBaseStyles.html:7705; DashboardBaseStyles.html:8044","DashboardBaseStyles.html","12","false","77","false","Medium","4","repeated selector; uses !important"
"#overviewTwo .o2YearStackV150","","1-1-0","Overview","5","DashboardBaseStyles.html:5744","DashboardBaseStyles.html:6433; DashboardBaseStyles.html:7314; DashboardBaseStyles.html:7710; DashboardBaseStyles.html:8051","DashboardBaseStyles.html","16","false","72","false","Medium","4","repeated selector; uses !important"
"#overviewOne .moverArea .tableScroll","","1-2-0","Overview","4","DashboardBaseStyles.html:4073","DashboardBaseStyles.html:4157; DashboardBaseStyles.html:4205; DashboardBaseStyles.html:4280","DashboardBaseStyles.html","26","false","300","false","Medium","4","repeated selector; uses !important"
"#overviewTwo .o2ExecutiveInsightsPanelV153","","1-1-0","Overview","4","DashboardBaseStyles.html:6080","DashboardBaseStyles.html:6480; DashboardBaseStyles.html:6816; DashboardBaseStyles.html:7328","DashboardBaseStyles.html","10","false","73","false","Medium","4","repeated selector; uses !important"
"#overviewTwo .o2ExecutiveInsightsPanelV158","","1-1-0","Overview","4","DashboardBaseStyles.html:7484","DashboardBaseStyles.html:7730; DashboardBaseStyles.html:8116; DashboardBaseStyles.html:8205","DashboardBaseStyles.html","15","false","72","false","Medium","4","repeated selector; uses !important"
"#overviewTwo .o2InsightLeadV153","","1-1-0","Overview","4","DashboardBaseStyles.html:6127","DashboardBaseStyles.html:6491; DashboardBaseStyles.html:6827; DashboardBaseStyles.html:7789","DashboardBaseStyles.html","19","false","72","false","Medium","4","repeated selector; uses !important"
"#overviewTwo .o2KpiCard","","1-1-0","Overview","4","DashboardBaseStyles.html:4930","DashboardBaseStyles.html:4939; DashboardBaseStyles.html:5256; DashboardBaseStyles.html:5624","DashboardBaseStyles.html","2","false","76","false","Medium","4","repeated selector; uses !important"
"#overviewTwo .o2PaceHeaderV156","","1-1-0","Overview","4","DashboardBaseStyles.html:7098","DashboardBaseStyles.html:7508; DashboardBaseStyles.html:7537; DashboardBaseStyles.html:8132","DashboardBaseStyles.html","11","false","72","false","Medium","4","repeated selector; uses !important"
"#overviewTwo .o2YearStackHeaderV150","","1-1-0","Overview","4","DashboardBaseStyles.html:5751","DashboardBaseStyles.html:6438; DashboardBaseStyles.html:7715; DashboardBaseStyles.html:8061","DashboardBaseStyles.html","14","false","72","false","Medium","4","repeated selector; uses !important"
".managerTabs .underConstructionBtn.active","","0-3-0","Overview","3","DashboardBaseStyles.html:4459","DashboardBaseStyles.html:4466; DashboardBaseStyles.html:4707","DashboardBaseStyles.html","3","false","641","false","Medium","4","repeated selector; uses !important"
"#overviewOne .areaAvg .cardHeader","","1-2-0","Overview","3","DashboardBaseStyles.html:4364","DashboardBaseStyles.html:4594; DashboardBaseStyles.html:4661","DashboardBaseStyles.html","9","false","300","false","Medium","4","repeated selector; uses !important"
"#overviewOne .areaCustomers .cardHeader","","1-2-0","Overview","3","DashboardBaseStyles.html:4364","DashboardBaseStyles.html:4594; DashboardBaseStyles.html:4661","DashboardBaseStyles.html","9","false","300","false","Medium","4","repeated selector; uses !important"
"#overviewOne .areaRpac .cardHeader","","1-2-0","Overview","3","DashboardBaseStyles.html:4364","DashboardBaseStyles.html:4594; DashboardBaseStyles.html:4661","DashboardBaseStyles.html","9","false","300","false","Medium","4","repeated selector; uses !important"
"#overviewOne .areaUnits .cardHeader","","1-2-0","Overview","3","DashboardBaseStyles.html:4364","DashboardBaseStyles.html:4594; DashboardBaseStyles.html:4661","DashboardBaseStyles.html","9","false","300","false","Medium","4","repeated selector; uses !important"
"#overviewOne .dropdownButton","","1-1-0","Overview","3","DashboardBaseStyles.html:3669","DashboardBaseStyles.html:3681; DashboardBaseStyles.html:4398","DashboardBaseStyles.html","12","false","296","false","Medium","4","repeated selector; uses !important"
"#overviewOne .moverArea table","","1-1-1","Overview","3","DashboardBaseStyles.html:4089","DashboardBaseStyles.html:4165; DashboardBaseStyles.html:4398","DashboardBaseStyles.html","11","false","292","false","Medium","4","repeated selector; uses !important"
"#overviewTwo .o2Card","","1-1-0","Overview","3","DashboardBaseStyles.html:4930","DashboardBaseStyles.html:5624; DashboardBaseStyles.html:7484","DashboardBaseStyles.html","6","false","88","false","Medium","4","repeated selector; uses !important"
"#overviewTwo .o2DeepDiveBodyV155","","1-1-0","Overview","3","DashboardBaseStyles.html:6894","DashboardBaseStyles.html:7849; DashboardBaseStyles.html:8286","DashboardBaseStyles.html","6","false","72","false","Medium","4","repeated selector; uses !important"
"#overviewTwo .o2DeepPanelIntroV155","","1-1-0","Overview","3","DashboardBaseStyles.html:6912","DashboardBaseStyles.html:7861; DashboardBaseStyles.html:8290","DashboardBaseStyles.html","10","false","75","false","Medium","4","repeated selector; uses !important"
"#overviewTwo .o2InsightBulletV153","","1-1-0","Overview","3","DashboardBaseStyles.html:6156","DashboardBaseStyles.html:6497; DashboardBaseStyles.html:7801","DashboardBaseStyles.html","19","false","72","false","Medium","4","repeated selector; uses !important"
"#overviewTwo .o2InsightButtonV153","","1-1-0","Overview","3","DashboardBaseStyles.html:6009","DashboardBaseStyles.html:6473; DashboardBaseStyles.html:6810","DashboardBaseStyles.html","24","false","74","false","Medium","4","repeated selector; uses !important"
"#overviewTwo .o2InsightStatV153","","1-1-0","Overview","3","DashboardBaseStyles.html:6216","DashboardBaseStyles.html:6503; DashboardBaseStyles.html:7813","DashboardBaseStyles.html","15","false","72","false","Medium","4","repeated selector; uses !important"
"#overviewTwo .o2InsightStatV153 .value","","1-2-0","Overview","3","DashboardBaseStyles.html:6239","DashboardBaseStyles.html:6509; DashboardBaseStyles.html:7819","DashboardBaseStyles.html","9","false","1683","false","Medium","4","repeated selector; uses !important"
"#overviewTwo .o2KpiBandSideV150 .o2KpiCard .label","","1-3-0","Overview","3","DashboardBaseStyles.html:5726","DashboardBaseStyles.html:7696; DashboardBaseStyles.html:8031","DashboardBaseStyles.html","8","false","1034","false","Medium","4","repeated selector; uses !important"
"#overviewTwo .o2MonthTileV150","","1-1-0","Overview","3","DashboardBaseStyles.html:5841","DashboardBaseStyles.html:6382; DashboardBaseStyles.html:6998","DashboardBaseStyles.html","14","false","71","false","Medium","4","repeated selector; uses !important"
"#overviewTwo .o2PaceStatV156","","1-1-0","Overview","3","DashboardBaseStyles.html:7113","DashboardBaseStyles.html:7547; DashboardBaseStyles.html:8146","DashboardBaseStyles.html","19","false","74","false","Medium","4","repeated selector; uses !important"
"#overviewTwo .o2PaceStatV156 .label","","1-2-0","Overview","3","DashboardBaseStyles.html:7126","DashboardBaseStyles.html:7555; DashboardBaseStyles.html:8153","DashboardBaseStyles.html","11","false","1031","false","Medium","4","repeated selector; uses !important"
"#overviewTwo .o2PaceStatV156 .sub","","1-2-0","Overview","3","DashboardBaseStyles.html:7149","DashboardBaseStyles.html:7565; DashboardBaseStyles.html:8162","DashboardBaseStyles.html","10","false","168","false","Medium","4","repeated selector; uses !important"
"#overviewTwo .o2PaceStatV156 strong","","1-1-1","Overview","3","DashboardBaseStyles.html:7137","DashboardBaseStyles.html:7560; DashboardBaseStyles.html:8157","DashboardBaseStyles.html","10","false","74","false","Medium","4","repeated selector; uses !important"
"#overviewTwo .o2RevenueHeroV150 .o2CardHeader","","1-2-0","Overview","3","DashboardBaseStyles.html:5637","DashboardBaseStyles.html:6334; DashboardBaseStyles.html:8096","DashboardBaseStyles.html","7","false","79","false","Medium","4","repeated selector; uses !important"
"#overviewTwo .o2TopBarChartsV150 .o2SmallChartBox","","1-2-0","Overview","3","DashboardBaseStyles.html:5899","DashboardBaseStyles.html:6698; DashboardBaseStyles.html:8318","DashboardBaseStyles.html","5","false","76","false","Medium","4","repeated selector; uses !important"
".managerTabs .tabBtn.active","","0-3-0","Overview","2","DashboardBaseStyles.html:4459","DashboardBaseStyles.html:4707","DashboardBaseStyles.html","3","false","632","false","Medium","4","repeated selector; uses !important"
"#overviewOne .areaCustomerTable table","","1-1-1","Overview","2","DashboardBaseStyles.html:3813","DashboardBaseStyles.html:4130","DashboardBaseStyles.html","2","false","292","false","Medium","4","repeated selector; uses !important"
"#overviewOne .areaCustomerTable td:nth-child(1)","","1-2-1","Overview","2","DashboardBaseStyles.html:4133","DashboardBaseStyles.html:4297","DashboardBaseStyles.html","2","false","292","false","Medium","4","repeated selector; uses !important"
"#overviewOne .areaCustomerTable td:nth-child(2)","","1-2-1","Overview","2","DashboardBaseStyles.html:4135","DashboardBaseStyles.html:4300","DashboardBaseStyles.html","5","false","292","false","Medium","4","repeated selector; uses !important"
"#overviewOne .areaCustomerTable td:nth-child(3)","","1-2-1","Overview","2","DashboardBaseStyles.html:4137","DashboardBaseStyles.html:4307","DashboardBaseStyles.html","4","false","292","false","Medium","4","repeated selector; uses !important"
"#overviewOne .areaCustomerTable td:nth-child(4)","","1-2-1","Overview","2","DashboardBaseStyles.html:4137","DashboardBaseStyles.html:4307","DashboardBaseStyles.html","4","false","292","false","Medium","4","repeated selector; uses !important"
"#overviewOne .areaCustomerTable td:nth-child(5)","","1-2-1","Overview","2","DashboardBaseStyles.html:4141","DashboardBaseStyles.html:4312","DashboardBaseStyles.html","4","false","292","false","Medium","4","repeated selector; uses !important"
"#overviewOne .areaCustomerTable th:nth-child(1)","","1-2-1","Overview","2","DashboardBaseStyles.html:4133","DashboardBaseStyles.html:4297","DashboardBaseStyles.html","2","false","292","false","Medium","4","repeated selector; uses !important"
"#overviewOne .areaCustomerTable th:nth-child(2)","","1-2-1","Overview","2","DashboardBaseStyles.html:4135","DashboardBaseStyles.html:4300","DashboardBaseStyles.html","5","false","292","false","Medium","4","repeated selector; uses !important"
"#overviewOne .areaCustomerTable th:nth-child(3)","","1-2-1","Overview","2","DashboardBaseStyles.html:4137","DashboardBaseStyles.html:4307","DashboardBaseStyles.html","4","false","292","false","Medium","4","repeated selector; uses !important"
"#overviewOne .areaCustomerTable th:nth-child(4)","","1-2-1","Overview","2","DashboardBaseStyles.html:4137","DashboardBaseStyles.html:4307","DashboardBaseStyles.html","4","false","292","false","Medium","4","repeated selector; uses !important"
"#overviewOne .areaCustomerTable th:nth-child(5)","","1-2-1","Overview","2","DashboardBaseStyles.html:4141","DashboardBaseStyles.html:4312","DashboardBaseStyles.html","4","false","292","false","Medium","4","repeated selector; uses !important"
"#overviewOne .areaProductTable table","","1-1-1","Overview","2","DashboardBaseStyles.html:3817","DashboardBaseStyles.html:4131","DashboardBaseStyles.html","2","false","302","false","Medium","4","repeated selector; uses !important"
"#overviewOne .areaProductTable td:nth-child(2)","","1-2-1","Overview","2","DashboardBaseStyles.html:4146","DashboardBaseStyles.html:4315","DashboardBaseStyles.html","4","false","302","false","Medium","4","repeated selector; uses !important"
"#overviewOne .areaProductTable td:nth-child(3)","","1-2-1","Overview","2","DashboardBaseStyles.html:4146","DashboardBaseStyles.html:4315","DashboardBaseStyles.html","4","false","302","false","Medium","4","repeated selector; uses !important"
"#overviewOne .areaProductTable td:nth-child(4)","","1-2-1","Overview","2","DashboardBaseStyles.html:4150","DashboardBaseStyles.html:4320","DashboardBaseStyles.html","4","false","302","false","Medium","4","repeated selector; uses !important"
"#overviewOne .areaProductTable th:nth-child(2)","","1-2-1","Overview","2","DashboardBaseStyles.html:4146","DashboardBaseStyles.html:4315","DashboardBaseStyles.html","4","false","302","false","Medium","4","repeated selector; uses !important"
"#overviewOne .areaProductTable th:nth-child(3)","","1-2-1","Overview","2","DashboardBaseStyles.html:4146","DashboardBaseStyles.html:4315","DashboardBaseStyles.html","4","false","302","false","Medium","4","repeated selector; uses !important"
"#overviewOne .areaProductTable th:nth-child(4)","","1-2-1","Overview","2","DashboardBaseStyles.html:4150","DashboardBaseStyles.html:4320","DashboardBaseStyles.html","4","false","302","false","Medium","4","repeated selector; uses !important"
"#overviewOne .areaRevenue .chartBox","","1-2-0","Overview","2","DashboardBaseStyles.html:3771","DashboardBaseStyles.html:4669","DashboardBaseStyles.html","3","false","304","false","Medium","4","repeated selector; uses !important"
"#overviewOne .compactChipOnlyRow","","1-1-0","Overview","2","DashboardBaseStyles.html:4832","DashboardBaseStyles.html:5584","DashboardBaseStyles.html","12","false","298","false","Medium","4","repeated selector; uses !important"
"#overviewOne .controlButtonStrip .resetBtn","","1-2-0","Overview","2","DashboardBaseStyles.html:3577","DashboardBaseStyles.html:3595","DashboardBaseStyles.html","11","false","302","false","Medium","4","repeated selector; uses !important"
"#overviewOne .filterCard","","1-1-0","Overview","2","DashboardBaseStyles.html:3651","DashboardBaseStyles.html:4398","DashboardBaseStyles.html","7","false","306","false","Medium","4","repeated selector; uses !important"
"#overviewOne .moverArea .cardHeader","","1-2-0","Overview","2","DashboardBaseStyles.html:4002","DashboardBaseStyles.html:4189","DashboardBaseStyles.html","13","false","301","false","Medium","4","repeated selector; uses !important"
"#overviewOne .moverArea .chartTitle","","1-2-0","Overview","2","DashboardBaseStyles.html:4017","DashboardBaseStyles.html:4398","DashboardBaseStyles.html","7","false","314","false","Medium","4","repeated selector; uses !important"
"#overviewOne .moverArea .customerNameCell","","1-2-0","Overview","2","DashboardBaseStyles.html:4238","DashboardBaseStyles.html:4323","DashboardBaseStyles.html","8","false","299","false","Medium","4","repeated selector; uses !important"
"#overviewOne .moverArea .customerNameText","","1-2-0","Overview","2","DashboardBaseStyles.html:4246","DashboardBaseStyles.html:4329","DashboardBaseStyles.html","11","false","303","false","Medium","4","repeated selector; uses !important"
"#overviewOne .moverArea .tableToggles","","1-2-0","Overview","2","DashboardBaseStyles.html:4034","DashboardBaseStyles.html:4287","DashboardBaseStyles.html","7","false","297","false","Medium","4","repeated selector; uses !important"
"#overviewOne .moverArea td","","1-1-1","Overview","2","DashboardBaseStyles.html:4114","DashboardBaseStyles.html:4398","DashboardBaseStyles.html","10","false","292","false","Medium","4","repeated selector; uses !important"
"#overviewOne .moverArea thead th","","1-1-2","Overview","2","DashboardBaseStyles.html:4100","DashboardBaseStyles.html:4170","DashboardBaseStyles.html","13","false","292","false","Medium","4","repeated selector; uses !important"
"#overviewOne .tinyBtn","","1-1-0","Overview","2","DashboardBaseStyles.html:3857","DashboardBaseStyles.html:4398","DashboardBaseStyles.html","5","false","299","false","Medium","4","repeated selector; uses !important"
"#overviewOne .topBar.executiveTop .comparisonKpi .label","","1-4-0","Overview","2","DashboardBaseStyles.html:3511","DashboardBaseStyles.html:4817","DashboardBaseStyles.html","8","false","1550","false","Medium","4","repeated selector; uses !important"
"#overviewOne .topBar.executiveTop .comparisonKpi .value","","1-4-0","Overview","2","DashboardBaseStyles.html:3520","DashboardBaseStyles.html:4822","DashboardBaseStyles.html","9","false","2204","false","Medium","4","repeated selector; uses !important"
"#overviewOne .topBar.executiveTop .kpiSub","","1-3-0","Overview","2","DashboardBaseStyles.html:3530","DashboardBaseStyles.html:4827","DashboardBaseStyles.html","11","false","554","false","Medium","4","repeated selector; uses !important"
"#overviewTwo .o2ActiveFilterRow","","1-1-0","Overview","2","DashboardBaseStyles.html:5527","DashboardBaseStyles.html:5584","DashboardBaseStyles.html","11","false","71","false","Medium","4","repeated selector; uses !important"
"#overviewTwo .o2AnalyticsCardV150","","1-1-0","Overview","2","DashboardBaseStyles.html:5817","DashboardBaseStyles.html:6356","DashboardBaseStyles.html","9","false","72","false","Medium","4","repeated selector; uses !important"
"#overviewTwo .o2CardHeader","","1-1-0","Overview","2","DashboardBaseStyles.html:5000","DashboardBaseStyles.html:7508","DashboardBaseStyles.html","3","false","78","false","Medium","4","repeated selector; uses !important"
"#overviewTwo .o2ChartSubtle","","1-1-0","Overview","2","DashboardBaseStyles.html:5017","DashboardBaseStyles.html:7524","DashboardBaseStyles.html","4","false","80","false","Medium","4","repeated selector; uses !important"
"#overviewTwo .o2ChartTitle","","1-1-0","Overview","2","DashboardBaseStyles.html:5010","DashboardBaseStyles.html:7517","DashboardBaseStyles.html","4","false","80","false","Medium","4","repeated selector; uses !important"
"#overviewTwo .o2ChipRow .chip","","1-2-0","Overview","2","DashboardBaseStyles.html:5319","DashboardBaseStyles.html:5541","DashboardBaseStyles.html","4","false","132","false","Medium","4","repeated selector; uses !important"
"#overviewTwo .o2DeepDiveContentV155 .o2HealthTileV152","","1-2-0","Overview","2","DashboardBaseStyles.html:6979","DashboardBaseStyles.html:7872","DashboardBaseStyles.html","6","false","76","false","Medium","4","repeated selector; uses !important"
"#overviewTwo .o2DeepDiveContentV155 .o2InsightRowV152","","1-2-0","Overview","2","DashboardBaseStyles.html:6950","DashboardBaseStyles.html:7872","DashboardBaseStyles.html","11","false","78","false","Medium","4","repeated selector; uses !important"
"#overviewTwo .o2DeepDiveContentV155.active","","1-2-0","Overview","2","DashboardBaseStyles.html:6908","DashboardBaseStyles.html:7854","DashboardBaseStyles.html","4","false","674","false","Medium","4","repeated selector; uses !important"
"#overviewTwo .o2DeepDiveTabsV155 button","","1-1-1","Overview","2","DashboardBaseStyles.html:6868","DashboardBaseStyles.html:7843","DashboardBaseStyles.html","15","false","72","false","Medium","4","repeated selector; uses !important"
"#overviewTwo .o2DriverSectionV150 .o2DriverCard","","1-2-0","Overview","2","DashboardBaseStyles.html:5908","DashboardBaseStyles.html:6702","DashboardBaseStyles.html","3","false","73","false","Medium","4","repeated selector; uses !important"
"#overviewTwo .o2DriverSectionV150 .o2TableScroll","","1-2-0","Overview","2","DashboardBaseStyles.html:5913","DashboardBaseStyles.html:6706","DashboardBaseStyles.html","2","false","73","false","Medium","4","repeated selector; uses !important"
"#overviewTwo .o2ExecutiveEyebrowV150","","1-1-0","Overview","2","DashboardBaseStyles.html:5669","DashboardBaseStyles.html:7993","DashboardBaseStyles.html","11","false","72","false","Medium","4","repeated selector; uses !important"
"#overviewTwo .o2ExecutiveSubV150","","1-1-0","Overview","2","DashboardBaseStyles.html:5678","DashboardBaseStyles.html:8001","DashboardBaseStyles.html","7","false","72","false","Medium","4","repeated selector; uses !important"
"#overviewTwo .o2FeatureDockV158","","1-1-0","Overview","2","DashboardBaseStyles.html:7725","DashboardBaseStyles.html:8201","DashboardBaseStyles.html","3","false","72","false","Medium","4","repeated selector; uses !important"
"#overviewTwo .o2GapChartBoxV150","","1-1-0","Overview","2","DashboardBaseStyles.html:5829","DashboardBaseStyles.html:6369","DashboardBaseStyles.html","4","false","71","false","Medium","4","repeated selector; uses !important"
"#overviewTwo .o2HealthGridV152","","1-1-0","Overview","2","DashboardBaseStyles.html:6621","DashboardBaseStyles.html:8294","DashboardBaseStyles.html","5","false","72","false","Medium","4","repeated selector; uses !important"
"#overviewTwo .o2InsightBulletsV153","","1-1-0","Overview","2","DashboardBaseStyles.html:6151","DashboardBaseStyles.html:7797","DashboardBaseStyles.html","3","false","72","false","Medium","4","repeated selector; uses !important"
"#overviewTwo .o2InsightNarrativeV153","","1-1-0","Overview","2","DashboardBaseStyles.html:6120","DashboardBaseStyles.html:7784","DashboardBaseStyles.html","5","false","72","false","Medium","4","repeated selector; uses !important"
"#overviewTwo .o2InsightRowsV152","","1-1-0","Overview","2","DashboardBaseStyles.html:6572","DashboardBaseStyles.html:8294","DashboardBaseStyles.html","4","false","74","false","Medium","4","repeated selector; uses !important"
"#overviewTwo .o2InsightsBadgeV158","","1-1-0","Overview","2","DashboardBaseStyles.html:7770","DashboardBaseStyles.html:8236","DashboardBaseStyles.html","3","false","72","false","Medium","4","repeated selector; uses !important"
"#overviewTwo .o2InsightsHeaderV153","","1-1-0","Overview","2","DashboardBaseStyles.html:6090","DashboardBaseStyles.html:7508","DashboardBaseStyles.html","9","false","72","false","Medium","4","repeated selector; uses !important"
"#overviewTwo .o2MonthTileV150 .gap","","1-2-0","Overview","2","DashboardBaseStyles.html:5868","DashboardBaseStyles.html:6396","DashboardBaseStyles.html","7","false","430","false","Medium","4","repeated selector; uses !important"
"#overviewTwo .o2MonthTileV150 .month","","1-2-0","Overview","2","DashboardBaseStyles.html:5853","DashboardBaseStyles.html:6388","DashboardBaseStyles.html","6","false","1257","false","Medium","4","repeated selector; uses !important"
"#overviewTwo .o2MonthTileV150 .pct","","1-2-0","Overview","2","DashboardBaseStyles.html:5861","DashboardBaseStyles.html:6392","DashboardBaseStyles.html","5","false","133","false","Medium","4","repeated selector; uses !important"
"#overviewTwo .o2MonthTileV150.bad .gap","","1-3-0","Overview","2","DashboardBaseStyles.html:5890","DashboardBaseStyles.html:7008","DashboardBaseStyles.html","2","false","488","false","Medium","4","repeated selector; uses !important"
"#overviewTwo .o2MonthTileV150.bad .pct","","1-3-0","Overview","2","DashboardBaseStyles.html:5890","DashboardBaseStyles.html:7008","DashboardBaseStyles.html","2","false","191","false","Medium","4","repeated selector; uses !important"
"#overviewTwo .o2MonthTileV150.good .gap","","1-3-0","Overview","2","DashboardBaseStyles.html:5882","DashboardBaseStyles.html:7003","DashboardBaseStyles.html","2","false","458","false","Medium","4","repeated selector; uses !important"
"#overviewTwo .o2MonthTileV150.good .pct","","1-3-0","Overview","2","DashboardBaseStyles.html:5882","DashboardBaseStyles.html:7003","DashboardBaseStyles.html","2","false","161","false","Medium","4","repeated selector; uses !important"
"#overviewTwo .o2PaceMonthLabelV158","","1-1-0","Overview","2","DashboardBaseStyles.html:7613","DashboardBaseStyles.html:8189","DashboardBaseStyles.html","6","false","72","false","Medium","4","repeated selector; uses !important"
"#overviewTwo .o2PaceMonthlyV156","","1-1-0","Overview","2","DashboardBaseStyles.html:7215","DashboardBaseStyles.html:7227","DashboardBaseStyles.html","9","false","72","false","Medium","4","repeated selector; uses !important"
"#overviewTwo .o2PaceMonthlyV158 span","","1-1-1","Overview","2","DashboardBaseStyles.html:7629","DashboardBaseStyles.html:8193","DashboardBaseStyles.html","4","false","72","false","Medium","4","repeated selector; uses !important"
"#overviewTwo .o2PaceMonthV158","","1-1-0","Overview","2","DashboardBaseStyles.html:7591","DashboardBaseStyles.html:8181","DashboardBaseStyles.html","14","false","72","false","Medium","4","repeated selector; uses !important"
"#overviewTwo .o2PaceYtdV158 b","","1-1-1","Overview","2","DashboardBaseStyles.html:7645","DashboardBaseStyles.html:8197","DashboardBaseStyles.html","8","false","72","false","Medium","4","repeated selector; uses !important"
"#overviewTwo .o2SnapshotToneV150","","1-1-0","Overview","2","DashboardBaseStyles.html:5685","DashboardBaseStyles.html:8007","DashboardBaseStyles.html","14","false","72","false","Medium","4","repeated selector; uses !important"
"#overviewTwo .o2StoryTabV158","","1-1-0","Overview","2","DashboardBaseStyles.html:7752","DashboardBaseStyles.html:8229","DashboardBaseStyles.html","14","false","74","false","Medium","4","repeated selector; uses !important"
"#overviewTwo .o2TopBarChartsV150 .o2Card","","1-2-0","Overview","2","DashboardBaseStyles.html:6694","DashboardBaseStyles.html:8306","DashboardBaseStyles.html","5","false","89","false","Medium","4","repeated selector; uses !important"
"#overviewTwo .o2YearRowV150 .amount","","1-2-0","Overview","2","DashboardBaseStyles.html:5791","DashboardBaseStyles.html:6452","DashboardBaseStyles.html","6","false","82","false","Medium","4","repeated selector; uses !important"
"#overviewTwo .o2YearRowV150 .delta","","1-2-0","Overview","2","DashboardBaseStyles.html:5799","DashboardBaseStyles.html:6456","DashboardBaseStyles.html","6","false","220","false","Medium","4","repeated selector; uses !important"
"#overviewTwo .o2YearRowV150 .year","","1-2-0","Overview","2","DashboardBaseStyles.html:5785","DashboardBaseStyles.html:6448","DashboardBaseStyles.html","4","false","940","false","Medium","4","repeated selector; uses !important"
"#remakeFactorPage.cleanRemakeV6230 .ceramistDetailChevronV6368","","1-2-0","Remake","2","Index.html:234","Index.html:2702","Index.html","4","false","1315","false","Medium","4","repeated selector; uses !important"
"#remakeFactorPage.cleanRemakeV6230 .ceramistDetailSelectionV6368","","1-2-0","Remake","2","Index.html:2611","Index.html:2734","Index.html","6","false","1316","false","Medium","4","repeated selector; uses !important"
"#remakeFactorPage.cleanRemakeV6230 .ceramistPanelTitleV6343","","1-2-0","Remake","2","Index.html:2045","Index.html:2178","Index.html","4","false","1317","false","Medium","4","repeated selector; uses !important"
"#remakeFactorPage.cleanRemakeV6230 .remakeChartModeBarV6230 button.active","","1-3-1","Remake","2","Index.html:141","Index.html:151","Index.html","8","false","1926","false","Medium","4","repeated selector; uses !important"
"#remakeFactorPage.cleanRemakeV6230 .remakeChartModeBarV6230 button[aria-pressed=""true""]","","1-3-1","Remake","2","Index.html:141","Index.html:151","Index.html","8","false","1327","false","Medium","4","repeated selector; uses !important"
"#remakeFactorPage.cleanRemakeV6230 .remakeCustomerDetailPanelV6503 .remakeCustomerChartBoxV6230","","1-3-0","Remake","2","Index.html:392","Index.html:440","Index.html","6","false","1319","false","Medium","4","repeated selector; uses !important"
"#remakeFactorPage.cleanRemakeV6230 #remakeCeramistDetailTableV6343 tbody tr.ceramistDetailClickableV6368","","2-2-2","Remake","2","Index.html:235","Index.html:2686","Index.html","1","false","1332","false","Medium","4","repeated selector; uses !important"
"#remakeFactorPage.cleanRemakeV6230 #remakeCeramistTableV6342 tbody tr.selectedPinnedV6311 td","","2-2-3","Remake","2","Index.html:2095","Index.html:2100","Index.html","3","false","1341","false","Medium","4","repeated selector; uses !important"
"#remakeFactorPage.cleanRemakeV6230 #remakeCeramistTableV6342 td:nth-child(1)","","2-2-1","Remake","2","Index.html:1844","Index.html:3129","Index.html","5","false","1334","false","Medium","4","repeated selector; uses !important"
"#remakeFactorPage.cleanRemakeV6230 #remakeCeramistTableV6342 td:nth-child(2)","","2-2-1","Remake","2","Index.html:1846","Index.html:3136","Index.html","5","false","1334","false","Medium","4","repeated selector; uses !important"
"#remakeFactorPage.cleanRemakeV6230 #remakeCeramistTableV6342 td:nth-child(3)","","2-2-1","Remake","2","Index.html:1848","Index.html:3143","Index.html","5","false","1334","false","Medium","4","repeated selector; uses !important"
"#remakeFactorPage.cleanRemakeV6230 #remakeCeramistTableV6342 td:nth-child(4)","","2-2-1","Remake","2","Index.html:1850","Index.html:3150","Index.html","5","false","1334","false","Medium","4","repeated selector; uses !important"
"#remakeFactorPage.cleanRemakeV6230 #remakeCeramistTableV6342 td:nth-child(5)","","2-2-1","Remake","2","Index.html:1852","Index.html:3157","Index.html","5","false","1334","false","Medium","4","repeated selector; uses !important"
"#remakeFactorPage.cleanRemakeV6230 #remakeCeramistTableV6342 td:nth-child(6)","","2-2-1","Remake","2","Index.html:1854","Index.html:3164","Index.html","5","false","1334","false","Medium","4","repeated selector; uses !important"
"#remakeFactorPage.cleanRemakeV6230 #remakeCeramistTableV6342 th:nth-child(1)","","2-2-1","Remake","2","Index.html:1844","Index.html:3129","Index.html","5","false","1334","false","Medium","4","repeated selector; uses !important"
"#remakeFactorPage.cleanRemakeV6230 #remakeCeramistTableV6342 th:nth-child(2)","","2-2-1","Remake","2","Index.html:1846","Index.html:3136","Index.html","5","false","1334","false","Medium","4","repeated selector; uses !important"
"#remakeFactorPage.cleanRemakeV6230 #remakeCeramistTableV6342 th:nth-child(3)","","2-2-1","Remake","2","Index.html:1848","Index.html:3143","Index.html","5","false","1334","false","Medium","4","repeated selector; uses !important"
"#remakeFactorPage.cleanRemakeV6230 #remakeCeramistTableV6342 th:nth-child(4)","","2-2-1","Remake","2","Index.html:1850","Index.html:3150","Index.html","5","false","1334","false","Medium","4","repeated selector; uses !important"
"#remakeFactorPage.cleanRemakeV6230 #remakeCeramistTableV6342 th:nth-child(5)","","2-2-1","Remake","2","Index.html:1852","Index.html:3157","Index.html","5","false","1334","false","Medium","4","repeated selector; uses !important"
"#remakeFactorPage.cleanRemakeV6230 #remakeCeramistTableV6342 th:nth-child(6)","","2-2-1","Remake","2","Index.html:1854","Index.html:3164","Index.html","5","false","1334","false","Medium","4","repeated selector; uses !important"
"body.remakeCompactActiveV6382 #remakeFactorPage.cleanRemakeV6230 #remakeCustomerTable:not(.compareColumnsV6301)","@media (max-width:1279px)","2-3-1","Remake","2","Index.html:2898","Index.html:2923","Index.html","6","false","1623","false","Medium","4","repeated selector; uses !important"
"body.remakeCompactActiveV6382 #remakeFactorPage.cleanRemakeV6230 #remakeDepartmentTable:not(.compareColumnsV6301)","@media (max-width:1279px)","2-3-1","Remake","2","Index.html:2898","Index.html:2913","Index.html","6","false","1608","false","Medium","4","repeated selector; uses !important"
"body.remakeCompactActiveV6382 #remakeFactorPage.cleanRemakeV6230 #remakeProductTable:not(.compareColumnsV6301)","@media (max-width:1279px)","2-3-1","Remake","2","Index.html:2898","Index.html:2918","Index.html","6","false","1630","false","Medium","4","repeated selector; uses !important"
"body.remakeCompactActiveV6382 #remakeFactorPage.cleanRemakeV6230 #remakeReasonTable:not(.compareColumnsV6301)","@media (max-width:1279px)","2-3-1","Remake","2","Index.html:2898","Index.html:2908","Index.html","6","false","1547","false","Medium","4","repeated selector; uses !important"
".areaAvg .chartBox","@media (max-width: 1150px)","0-2-0","Shared","1","DashboardBaseStyles.html:997","","DashboardBaseStyles.html","0","false","15","false","Medium","4","shared or cross-dashboard ownership; same selector appears in multiple at-rule contexts"
".areaCustomers .chartBox","@media (max-width: 1150px)","0-2-0","Shared","1","DashboardBaseStyles.html:997","","DashboardBaseStyles.html","0","false","15","false","Medium","4","shared or cross-dashboard ownership; same selector appears in multiple at-rule contexts"
".areaRevenue .chartBox","@media (max-width: 1150px)","0-2-0","Shared","1","DashboardBaseStyles.html:997","","DashboardBaseStyles.html","0","false","17","false","Medium","4","shared or cross-dashboard ownership; same selector appears in multiple at-rule contexts"
".areaRpac .chartBox","@media (max-width: 1150px)","0-2-0","Shared","1","DashboardBaseStyles.html:997","","DashboardBaseStyles.html","0","false","15","false","Medium","4","shared or cross-dashboard ownership; same selector appears in multiple at-rule contexts"
".bigKpi","","0-1-0","Shared","1","DashboardBaseStyles.html:444","","DashboardBaseStyles.html","0","false","0","true","Medium","4","shared or cross-dashboard ownership; same selector appears in multiple at-rule contexts; no static runtime token reference found"
".bigKpi","@media (max-width: 1150px)","0-1-0","Shared","1","DashboardBaseStyles.html:499","","DashboardBaseStyles.html","0","false","0","true","Medium","4","shared or cross-dashboard ownership; same selector appears in multiple at-rule contexts; no static runtime token reference found"
".bigKpis","","0-1-0","Shared","1","DashboardBaseStyles.html:437","","DashboardBaseStyles.html","0","false","0","true","Medium","4","shared or cross-dashboard ownership; same selector appears in multiple at-rule contexts; no static runtime token reference found"
".bigKpis","@media (max-width: 1150px)","0-1-0","Shared","1","DashboardBaseStyles.html:505","","DashboardBaseStyles.html","0","false","0","true","Medium","4","shared or cross-dashboard ownership; same selector appears in multiple at-rule contexts; no static runtime token reference found"
".card","@media (max-width: 1150px)","0-1-0","Shared","1","DashboardBaseStyles.html:499","","DashboardBaseStyles.html","0","false","276","false","Medium","4","shared or cross-dashboard ownership; same selector appears in multiple at-rule contexts"
".ceramistCaseDialogBodyV6369","","0-1-0","Shared","1","Index.html:2749","","Index.html","0","false","1","false","Medium","4","shared or cross-dashboard ownership; same selector appears in multiple at-rule contexts"
".ceramistCaseDialogBodyV6369","@media(max-width:720px)","0-1-0","Shared","1","Index.html:2763","","Index.html","0","false","1","false","Medium","4","shared or cross-dashboard ownership; same selector appears in multiple at-rule contexts"
".ceramistCaseDialogFooterV6369","","0-1-0","Shared","1","Index.html:2756","","Index.html","0","false","1","false","Medium","4","shared or cross-dashboard ownership; same selector appears in multiple at-rule contexts"
".ceramistCaseDialogFooterV6369","@media(max-width:720px)","0-1-0","Shared","1","Index.html:2764","","Index.html","0","false","1","false","Medium","4","shared or cross-dashboard ownership; same selector appears in multiple at-rule contexts"
".ceramistCaseDialogFooterV6369 button","@media(max-width:720px)","0-1-1","Shared","1","Index.html:2765","","Index.html","0","false","1","false","Medium","4","shared or cross-dashboard ownership; same selector appears in multiple at-rule contexts"
".ceramistCaseDialogHeaderV6369","","0-1-0","Shared","1","Index.html:2744","","Index.html","0","false","1","false","Medium","4","shared or cross-dashboard ownership; same selector appears in multiple at-rule contexts"
".ceramistCaseDialogHeaderV6369","@media(max-width:720px)","0-1-0","Shared","1","Index.html:2762","","Index.html","0","false","1","false","Medium","4","shared or cross-dashboard ownership; same selector appears in multiple at-rule contexts"
".ceramistCaseDialogOverlayV6369","","0-1-0","Shared","1","Index.html:2736","","Index.html","0","false","3","false","Medium","4","shared or cross-dashboard ownership; same selector appears in multiple at-rule contexts"
".ceramistCaseDialogOverlayV6369","@media(max-width:720px)","0-1-0","Shared","1","Index.html:2760","","Index.html","0","false","3","false","Medium","4","shared or cross-dashboard ownership; same selector appears in multiple at-rule contexts"
".ceramistCaseDialogV6369","","0-1-0","Shared","1","Index.html:2740","","Index.html","0","false","1","false","Medium","4","shared or cross-dashboard ownership; same selector appears in multiple at-rule contexts"
".ceramistCaseDialogV6369","@media(max-width:720px)","0-1-0","Shared","1","Index.html:2761","","Index.html","0","false","1","false","Medium","4","shared or cross-dashboard ownership; same selector appears in multiple at-rule contexts"
".componentMenu","","0-1-0","Shared","1","DashboardBaseStyles.html:2620","","DashboardBaseStyles.html","0","false","44","false","Medium","4","shared or cross-dashboard ownership; same selector appears in multiple at-rule contexts"
".componentMenu","@media (max-width: 760px)","0-1-0","Shared","1","DashboardBaseStyles.html:2698","","DashboardBaseStyles.html","0","false","44","false","Medium","4","shared or cross-dashboard ownership; same selector appears in multiple at-rule contexts"
".componentMenu button","","0-1-1","Shared","1","DashboardBaseStyles.html:2647","","DashboardBaseStyles.html","0","false","44","false","Medium","4","shared or cross-dashboard ownership; same selector appears in multiple at-rule contexts"
".componentMenu button","@media (max-width: 760px)","0-1-1","Shared","1","DashboardBaseStyles.html:2703","","DashboardBaseStyles.html","0","false","44","false","Medium","4","shared or cross-dashboard ownership; same selector appears in multiple at-rule contexts"
".customerDropdownPanel","","0-1-0","Shared","1","DashboardBaseStyles.html:1987","","DashboardBaseStyles.html","0","false","34","false","Medium","4","shared or cross-dashboard ownership; same selector appears in multiple at-rule contexts"
".dropdownPanel","@media (max-width: 1150px)","0-1-0","Shared","1","DashboardBaseStyles.html:798","","DashboardBaseStyles.html","0","false","33","false","Medium","4","shared or cross-dashboard ownership; same selector appears in multiple at-rule contexts"
".filterPanel","","0-1-0","Shared","1","DashboardBaseStyles.html:202","","DashboardBaseStyles.html","0","false","0","true","Medium","4","shared or cross-dashboard ownership; same selector appears in multiple at-rule contexts; no static runtime token reference found"
".filterPanel","@media (max-width: 1150px)","0-1-0","Shared","1","DashboardBaseStyles.html:499","","DashboardBaseStyles.html","0","false","0","true","Medium","4","shared or cross-dashboard ownership; same selector appears in multiple at-rule contexts; no static runtime token reference found"
".kpiStrip","@media (max-width: 1150px)","0-1-0","Shared","1","DashboardBaseStyles.html:505","","DashboardBaseStyles.html","0","false","26","false","Medium","4","shared or cross-dashboard ownership; same selector appears in multiple at-rule contexts"
".productDropdownPanel","","0-1-0","Shared","1","DashboardBaseStyles.html:1987","","DashboardBaseStyles.html","0","false","30","false","Medium","4","shared or cross-dashboard ownership; same selector appears in multiple at-rule contexts"
".revenueTooltip","","0-1-0","Shared","1","DashboardBaseStyles.html:1882","","DashboardBaseStyles.html","0","false","7","false","Medium","4","shared or cross-dashboard ownership; same selector appears in multiple at-rule contexts"
".topBar","","0-1-0","Shared","1","DashboardBaseStyles.html:79","","DashboardBaseStyles.html","0","false","153","false","Medium","4","shared or cross-dashboard ownership; same selector appears in multiple at-rule contexts"
".topBar","@media (max-width: 1150px)","0-1-0","Shared","1","DashboardBaseStyles.html:492","","DashboardBaseStyles.html","0","false","153","false","Medium","4","shared or cross-dashboard ownership; same selector appears in multiple at-rule contexts"
".twoCard .chartBox","","0-2-0","Shared","1","DashboardBaseStyles.html:477","","DashboardBaseStyles.html","0","false","11","false","Medium","4","shared or cross-dashboard ownership; same selector appears in multiple at-rule contexts"
".twoGrid","","0-1-0","Shared","1","DashboardBaseStyles.html:463","","DashboardBaseStyles.html","0","false","0","true","Medium","4","shared or cross-dashboard ownership; same selector appears in multiple at-rule contexts; no static runtime token reference found"
".twoGrid","@media (max-width: 1150px)","0-1-0","Shared","1","DashboardBaseStyles.html:492","","DashboardBaseStyles.html","0","false","0","true","Medium","4","shared or cross-dashboard ownership; same selector appears in multiple at-rule contexts; no static runtime token reference found"
".twoShell","","0-1-0","Shared","1","DashboardBaseStyles.html:418","","DashboardBaseStyles.html","0","false","0","true","Medium","4","shared or cross-dashboard ownership; same selector appears in multiple at-rule contexts; no static runtime token reference found"
".twoShell","@media (max-width: 1150px)","0-1-0","Shared","1","DashboardBaseStyles.html:492","","DashboardBaseStyles.html","0","false","0","true","Medium","4","shared or cross-dashboard ownership; same selector appears in multiple at-rule contexts; no static runtime token reference found"
".o2LeftRail","@media (max-width: 820px)","0-1-0","Overview","2","DashboardBaseStyles.html:3453","DashboardBaseStyles.html:3454","DashboardBaseStyles.html","0","false","0","true","Medium","3","repeated selector; same selector appears in multiple at-rule contexts; no static runtime token reference found"
".remakeViewActionV6382","","0-1-0","Remake","2","RemakeResponsiveStyles.html:94","RemakeResponsiveStyles.html:205","RemakeResponsiveStyles.html","0","false","3","false","Medium","3","repeated selector; same selector appears in multiple at-rule contexts"
"#overviewTwo .o2KpiBand","","1-1-0","Overview","2","DashboardBaseStyles.html:4923","DashboardBaseStyles.html:5250","DashboardBaseStyles.html","0","false","73","false","Medium","3","repeated selector; same selector appears in multiple at-rule contexts"
"#overviewTwo .o2SmallChartBox","","1-1-0","Overview","2","DashboardBaseStyles.html:5024","DashboardBaseStyles.html:5378","DashboardBaseStyles.html","0","false","75","false","Medium","3","repeated selector; same selector appears in multiple at-rule contexts"
"#overviewTwo .o2SmallChartBox","@media (max-width: 1280px)","1-1-0","Overview","2","DashboardBaseStyles.html:5227","DashboardBaseStyles.html:5412","DashboardBaseStyles.html","0","false","75","false","Medium","3","repeated selector; same selector appears in multiple at-rule contexts"
"#overviewTwo .o2StoryGrid","","1-1-0","Overview","2","DashboardBaseStyles.html:4993","DashboardBaseStyles.html:5382","DashboardBaseStyles.html","0","false","71","false","Medium","3","repeated selector; same selector appears in multiple at-rule contexts"
"#overviewTwo .o2TopBarCharts","","1-1-0","Overview","2","DashboardBaseStyles.html:4986","DashboardBaseStyles.html:5372","DashboardBaseStyles.html","0","false","73","false","Medium","3","repeated selector; same selector appears in multiple at-rule contexts"
"#overviewTwo .o2TrendBox","","1-1-0","Overview","2","DashboardBaseStyles.html:5029","DashboardBaseStyles.html:5388","DashboardBaseStyles.html","0","false","72","false","Medium","3","repeated selector; same selector appears in multiple at-rule contexts"
"#overviewTwo .o2TrendBox","@media (max-width: 1280px)","1-1-0","Overview","2","DashboardBaseStyles.html:5226","DashboardBaseStyles.html:5411","DashboardBaseStyles.html","0","false","72","false","Medium","3","repeated selector; same selector appears in multiple at-rule contexts"
"#remakeViewsPanelV6382","","1-0-0","Remake","2","RemakeResponsiveStyles.html:2","RemakeResponsiveStyles.html:7","RemakeResponsiveStyles.html","0","false","7","false","Medium","3","repeated selector; same selector appears in multiple at-rule contexts"
".bigKpi .label","","0-2-0","Shared","1","DashboardBaseStyles.html:451","","DashboardBaseStyles.html","0","false","957","false","Medium","3","shared or cross-dashboard ownership"
".bigKpi .value","","0-2-0","Shared","1","DashboardBaseStyles.html:458","","DashboardBaseStyles.html","0","false","1611","false","Medium","3","shared or cross-dashboard ownership"
".card canvas","","0-1-1","Shared","1","DashboardBaseStyles.html:1097","","DashboardBaseStyles.html","0","false","276","false","Medium","3","shared or cross-dashboard ownership"
".card.chartFocusCard .cardHeader","","0-3-0","Shared","1","DashboardBaseStyles.html:1947","","DashboardBaseStyles.html","0","false","287","false","Medium","3","shared or cross-dashboard ownership"
".card.chartFocusCard .chartTitle","","0-3-0","Shared","1","DashboardBaseStyles.html:1947","","DashboardBaseStyles.html","0","false","300","false","Medium","3","shared or cross-dashboard ownership"
".card.chartFocusCard canvas","","0-2-1","Shared","1","DashboardBaseStyles.html:1947","","DashboardBaseStyles.html","0","false","278","false","Medium","3","shared or cross-dashboard ownership"
".card.chartFocusDim .cardHeader","","0-3-0","Shared","1","DashboardBaseStyles.html:1958","","DashboardBaseStyles.html","0","false","286","false","Medium","3","shared or cross-dashboard ownership"
".card.chartFocusDim .chartTitle","","0-3-0","Shared","1","DashboardBaseStyles.html:1958","","DashboardBaseStyles.html","0","false","299","false","Medium","3","shared or cross-dashboard ownership"
".card.chartFocusDim canvas","","0-2-1","Shared","1","DashboardBaseStyles.html:1953","","DashboardBaseStyles.html","0","false","277","false","Medium","3","shared or cross-dashboard ownership"
".cardActions","","0-1-0","Shared","1","DashboardBaseStyles.html:2590","","DashboardBaseStyles.html","0","false","12","false","Medium","3","shared or cross-dashboard ownership"
".ceramistCaseDialogChipsV6369","","0-1-0","Shared","1","Index.html:2752","","Index.html","0","false","1","false","Medium","3","shared or cross-dashboard ownership"
".ceramistCaseDialogChipV6369","","0-1-0","Shared","1","Index.html:2753","","Index.html","0","false","1","false","Medium","3","shared or cross-dashboard ownership"
".ceramistCaseDialogCopyV6369:disabled","","0-2-0","Shared","1","Index.html:2758","","Index.html","0","false","1","false","Medium","3","shared or cross-dashboard ownership"
".ceramistCaseDialogEmptyV6369","","0-1-0","Shared","1","Index.html:2755","","Index.html","0","false","1","false","Medium","3","shared or cross-dashboard ownership"
".ceramistCaseDialogHeadingV6369","","0-1-0","Shared","1","Index.html:2745","","Index.html","0","false","3","false","Medium","3","shared or cross-dashboard ownership"
".ceramistCaseDialogHeadingV6369 span","","0-1-1","Shared","1","Index.html:2747","","Index.html","0","false","3","false","Medium","3","shared or cross-dashboard ownership"
".ceramistCaseDialogHeadingV6369 strong","","0-1-1","Shared","1","Index.html:2746","","Index.html","0","false","3","false","Medium","3","shared or cross-dashboard ownership"
".ceramistCaseDialogSectionTitleV6369","","0-1-0","Shared","1","Index.html:2751","","Index.html","0","false","1","false","Medium","3","shared or cross-dashboard ownership"
".ceramistCaseDialogSectionV6369 + .ceramistCaseDialogSectionV6369","","0-2-0","Shared","1","Index.html:2750","","Index.html","0","false","2","false","Medium","3","shared or cross-dashboard ownership"
".ceramistCaseDialogTextV6369","","0-1-0","Shared","1","Index.html:2754","","Index.html","0","false","1","false","Medium","3","shared or cross-dashboard ownership"
".compactHeader","","0-1-0","Shared","1","DashboardBaseStyles.html:770","","DashboardBaseStyles.html","0","false","5","false","Medium","3","shared or cross-dashboard ownership"
".componentMenu button:hover","","0-2-1","Shared","1","DashboardBaseStyles.html:2663","","DashboardBaseStyles.html","0","false","44","false","Medium","3","shared or cross-dashboard ownership"
".componentMenu button.disabled","","0-2-1","Shared","1","DashboardBaseStyles.html:2667","","DashboardBaseStyles.html","0","false","69","false","Medium","3","shared or cross-dashboard ownership"
".componentMenu button.disabled:hover","","0-3-1","Shared","1","DashboardBaseStyles.html:2672","","DashboardBaseStyles.html","0","false","69","false","Medium","3","shared or cross-dashboard ownership"
".componentMenu.open","","0-2-0","Shared","1","DashboardBaseStyles.html:2635","","DashboardBaseStyles.html","0","false","356","false","Medium","3","shared or cross-dashboard ownership"
".componentMenu.tableMenu .componentMenuSortBlock","","0-3-0","Shared","1","DashboardBaseStyles.html:2693","","DashboardBaseStyles.html","0","false","45","false","Medium","3","shared or cross-dashboard ownership"
".componentMenuBtn","","0-1-0","Shared","1","DashboardBaseStyles.html:2598","","DashboardBaseStyles.html","0","false","15","false","Medium","3","shared or cross-dashboard ownership"
".componentMenuBtn:hover","","0-2-0","Shared","1","DashboardBaseStyles.html:2614","","DashboardBaseStyles.html","0","false","15","false","Medium","3","shared or cross-dashboard ownership"
".componentMenuBtn.active","","0-2-0","Shared","1","DashboardBaseStyles.html:2614","","DashboardBaseStyles.html","0","false","614","false","Medium","3","shared or cross-dashboard ownership"
".componentMenuDivider","","0-1-0","Shared","1","DashboardBaseStyles.html:2676","","DashboardBaseStyles.html","0","false","3","false","Medium","3","shared or cross-dashboard ownership"
".componentMenuHint","","0-1-0","Shared","1","DashboardBaseStyles.html:2682","","DashboardBaseStyles.html","0","false","2","false","Medium","3","shared or cross-dashboard ownership"
".componentMenuSortBlock","","0-1-0","Shared","1","DashboardBaseStyles.html:2689","","DashboardBaseStyles.html","0","false","0","true","Medium","3","shared or cross-dashboard ownership; no static runtime token reference found"
".componentMenuTitle","","0-1-0","Shared","1","DashboardBaseStyles.html:2639","","DashboardBaseStyles.html","0","false","1","false","Medium","3","shared or cross-dashboard ownership"
".controlFilterRow .chip span:first-child","","0-3-1","Shared","1","DashboardBaseStyles.html:2909","","DashboardBaseStyles.html","0","false","79","false","Medium","3","shared or cross-dashboard ownership"
".deptList.dropdownList .deptRow","","0-3-0","Shared","1","DashboardBaseStyles.html:782","","DashboardBaseStyles.html","0","false","21","false","Medium","3","shared or cross-dashboard ownership"
".deptList.dropdownList::-webkit-scrollbar","","0-2-1","Shared","1","DashboardBaseStyles.html:2359","","DashboardBaseStyles.html","0","false","11","false","Medium","3","shared or cross-dashboard ownership"
".deptList.dropdownList::-webkit-scrollbar-thumb","","0-2-1","Shared","1","DashboardBaseStyles.html:2375","","DashboardBaseStyles.html","0","false","11","false","Medium","3","shared or cross-dashboard ownership"
".deptList.dropdownList::-webkit-scrollbar-thumb:hover","","0-3-1","Shared","1","DashboardBaseStyles.html:2384","","DashboardBaseStyles.html","0","false","11","false","Medium","3","shared or cross-dashboard ownership"
".deptList.dropdownList::-webkit-scrollbar-track","","0-2-1","Shared","1","DashboardBaseStyles.html:2367","","DashboardBaseStyles.html","0","false","11","false","Medium","3","shared or cross-dashboard ownership"
".deptRow input","","0-1-1","Shared","1","DashboardBaseStyles.html:2090","","DashboardBaseStyles.html","0","false","10","false","Medium","3","shared or cross-dashboard ownership"
".deptRow:hover","","0-2-0","Shared","1","DashboardBaseStyles.html:245","","DashboardBaseStyles.html","0","false","10","false","Medium","3","shared or cross-dashboard ownership"
".dropdownCard","","0-1-0","Shared","1","DashboardBaseStyles.html:704","","DashboardBaseStyles.html","0","false","6","false","Medium","3","shared or cross-dashboard ownership"
".dropdownPanel.open","","0-2-0","Shared","1","DashboardBaseStyles.html:747","","DashboardBaseStyles.html","0","false","345","false","Medium","3","shared or cross-dashboard ownership"
".dropdownSearch","","0-1-0","Shared","1","DashboardBaseStyles.html:1970","","DashboardBaseStyles.html","0","false","4","false","Medium","3","shared or cross-dashboard ownership"
".dropdownSearch:focus","","0-2-0","Shared","1","DashboardBaseStyles.html:1982","","DashboardBaseStyles.html","0","false","4","false","Medium","3","shared or cross-dashboard ownership"
".emptyFilterRow","","0-1-0","Shared","1","DashboardBaseStyles.html:2096","","DashboardBaseStyles.html","0","false","34","false","Medium","3","shared or cross-dashboard ownership"
".error","","0-1-0","Shared","1","DashboardBaseStyles.html:481","","DashboardBaseStyles.html","0","false","593","false","Medium","3","shared or cross-dashboard ownership"
".filterBlock","","0-1-0","Shared","1","DashboardBaseStyles.html:222","","DashboardBaseStyles.html","0","false","0","true","Medium","3","shared or cross-dashboard ownership; no static runtime token reference found"
".filterCard select","","0-1-1","Shared","1","DashboardBaseStyles.html:591","","DashboardBaseStyles.html","0","false","19","false","Medium","3","shared or cross-dashboard ownership"
".filterDeck","","0-1-0","Shared","1","DashboardBaseStyles.html:576","","DashboardBaseStyles.html","0","false","1","false","Medium","3","shared or cross-dashboard ownership"
".inactiveBadge","","0-1-0","Shared","1","DashboardBaseStyles.html:2501","","DashboardBaseStyles.html","0","false","17","false","Medium","3","shared or cross-dashboard ownership"
".kpiDelta","","0-1-0","Shared","1","DashboardBaseStyles.html:2751","","DashboardBaseStyles.html","0","false","9","false","Medium","3","shared or cross-dashboard ownership"
".kpiDelta.bad","","0-2-0","Shared","1","DashboardBaseStyles.html:2761","","DashboardBaseStyles.html","0","false","67","false","Medium","3","shared or cross-dashboard ownership"
".kpiDelta.good","","0-2-0","Shared","1","DashboardBaseStyles.html:2757","","DashboardBaseStyles.html","0","false","37","false","Medium","3","shared or cross-dashboard ownership"
".kpiSub","","0-1-0","Shared","1","DashboardBaseStyles.html:2739","","DashboardBaseStyles.html","0","false","10","false","Medium","3","shared or cross-dashboard ownership"
".labelSide","","0-1-0","Shared","1","DashboardBaseStyles.html:252","","DashboardBaseStyles.html","0","false","25","false","Medium","3","shared or cross-dashboard ownership"
".labelSide span","","0-1-1","Shared","1","DashboardBaseStyles.html:259","","DashboardBaseStyles.html","0","false","25","false","Medium","3","shared or cross-dashboard ownership"
".mainTwo","","0-1-0","Shared","1","DashboardBaseStyles.html:433","","DashboardBaseStyles.html","0","false","0","true","Medium","3","shared or cross-dashboard ownership; no static runtime token reference found"
".managerTabs","@media (max-width: 1120px)","0-1-0","Overview","1","DashboardBaseStyles.html:5557","","DashboardBaseStyles.html","3","false","20","false","Medium","3","uses !important; same selector appears in multiple at-rule contexts"
".managerTabs","@media (max-width: 900px)","0-1-0","Overview","1","DashboardBaseStyles.html:4863","","DashboardBaseStyles.html","4","false","20","false","Medium","3","uses !important; same selector appears in multiple at-rule contexts"
".managerTabs","@media (max-width:1279px)","0-1-0","Remake","1","RemakeResponsiveStyles.html:276","","RemakeResponsiveStyles.html","9","false","20","false","Medium","3","uses !important; same selector appears in multiple at-rule contexts"
".managerTabs .navActionStrip","@media (max-width: 1120px)","0-2-0","Overview","1","DashboardBaseStyles.html:5562","","DashboardBaseStyles.html","6","false","24","false","Medium","3","uses !important; same selector appears in multiple at-rule contexts"
".managerTabs .navActionStrip","@media (max-width: 1400px) and (min-width: 901px)","0-2-0","Overview","1","DashboardBaseStyles.html:4851","","DashboardBaseStyles.html","2","false","24","false","Medium","3","uses !important; same selector appears in multiple at-rule contexts"
".managerTabs .navActionStrip","@media (max-width: 900px)","0-2-0","Overview","1","DashboardBaseStyles.html:4873","","DashboardBaseStyles.html","3","false","24","false","Medium","3","uses !important; same selector appears in multiple at-rule contexts"
".managerTabs .navActionStrip .resetBtn","","0-3-0","Overview","1","DashboardBaseStyles.html:4739","","DashboardBaseStyles.html","13","false","38","false","Medium","3","uses !important; same selector appears in multiple at-rule contexts"
".managerTabs .navActionStrip .resetBtn","@media (max-width: 1400px) and (min-width: 901px)","0-3-0","Overview","1","DashboardBaseStyles.html:4855","","DashboardBaseStyles.html","2","false","38","false","Medium","3","uses !important; same selector appears in multiple at-rule contexts"
".managerTabs .navActionStrip .segBtn","","0-3-0","Overview","1","DashboardBaseStyles.html:4739","","DashboardBaseStyles.html","13","false","28","false","Medium","3","uses !important; same selector appears in multiple at-rule contexts"
".managerTabs .navActionStrip .segBtn","@media (max-width: 1400px) and (min-width: 901px)","0-3-0","Overview","1","DashboardBaseStyles.html:4855","","DashboardBaseStyles.html","2","false","28","false","Medium","3","uses !important; same selector appears in multiple at-rule contexts"
".managerTabs .tabBtn","@media (max-width: 900px)","0-2-0","Overview","1","DashboardBaseStyles.html:4869","","DashboardBaseStyles.html","2","false","33","false","Medium","3","uses !important; same selector appears in multiple at-rule contexts"
".multiList::-webkit-scrollbar","","0-1-1","Shared","1","DashboardBaseStyles.html:2359","","DashboardBaseStyles.html","0","false","2","false","Medium","3","shared or cross-dashboard ownership"
".multiList::-webkit-scrollbar-thumb","","0-1-1","Shared","1","DashboardBaseStyles.html:2375","","DashboardBaseStyles.html","0","false","2","false","Medium","3","shared or cross-dashboard ownership"
".multiList::-webkit-scrollbar-thumb:hover","","0-2-1","Shared","1","DashboardBaseStyles.html:2384","","DashboardBaseStyles.html","0","false","2","false","Medium","3","shared or cross-dashboard ownership"
".multiList::-webkit-scrollbar-track","","0-1-1","Shared","1","DashboardBaseStyles.html:2367","","DashboardBaseStyles.html","0","false","2","false","Medium","3","shared or cross-dashboard ownership"
".multiRow .labelSide","","0-2-0","Shared","1","DashboardBaseStyles.html:2080","","DashboardBaseStyles.html","0","false","41","false","Medium","3","shared or cross-dashboard ownership"
".multiRow .labelSide span","","0-2-1","Shared","1","DashboardBaseStyles.html:2084","","DashboardBaseStyles.html","0","false","41","false","Medium","3","shared or cross-dashboard ownership"
".multiRow input","","0-1-1","Shared","1","DashboardBaseStyles.html:2090","","DashboardBaseStyles.html","0","false","16","false","Medium","3","shared or cross-dashboard ownership"
".multiRow:hover","","0-2-0","Shared","1","DashboardBaseStyles.html:2011","","DashboardBaseStyles.html","0","false","16","false","Medium","3","shared or cross-dashboard ownership"
".multiRow.active","","0-2-0","Shared","1","DashboardBaseStyles.html:2011","","DashboardBaseStyles.html","0","false","615","false","Medium","3","shared or cross-dashboard ownership"
".multiRow.affinity:not(.active)","","0-3-0","Shared","1","DashboardBaseStyles.html:2016","","DashboardBaseStyles.html","0","false","663","false","Medium","3","shared or cross-dashboard ownership"
".multiRow.contextSelected","","0-2-0","Shared","1","DashboardBaseStyles.html:2022","","DashboardBaseStyles.html","0","false","18","false","Medium","3","shared or cross-dashboard ownership"
".multiRow.contextSelected input[type=""checkbox""]","","0-3-1","Shared","1","DashboardBaseStyles.html:2028","","DashboardBaseStyles.html","0","false","18","false","Medium","3","shared or cross-dashboard ownership"
".navFilterDock","","0-1-0","Overview","1","DashboardBaseStyles.html:5435","","DashboardBaseStyles.html","9","false","5","false","Medium","3","uses !important; same selector appears in multiple at-rule contexts"
".navFilterDock","@media (max-width: 1120px)","0-1-0","Overview","1","DashboardBaseStyles.html:5570","","DashboardBaseStyles.html","3","false","5","false","Medium","3","uses !important; same selector appears in multiple at-rule contexts"
".navFilterLabel","","0-1-0","Overview","1","DashboardBaseStyles.html:5447","","DashboardBaseStyles.html","6","false","1","false","Medium","3","uses !important; same selector appears in multiple at-rule contexts"
".navFilterLabel","@media (max-width: 1500px)","0-1-0","Overview","1","DashboardBaseStyles.html:5553","","DashboardBaseStyles.html","1","false","1","false","Medium","3","uses !important; same selector appears in multiple at-rule contexts"
".num","","0-1-0","TAT","1","TatDashboardControllerScript.html:641","","TatDashboardControllerScript.html","0","true","383","false","Medium","3","loaded after closing HTML"
".optionCollapseHeader","","0-1-0","Shared","1","DashboardBaseStyles.html:2047","","DashboardBaseStyles.html","0","false","1","false","Medium","3","shared or cross-dashboard ownership"
".optionCollapseHeader .collapseCaret","","0-2-0","Shared","1","DashboardBaseStyles.html:2065","","DashboardBaseStyles.html","0","false","2","false","Medium","3","shared or cross-dashboard ownership"
".optionCollapseHeader .collapseCount","","0-2-0","Shared","1","DashboardBaseStyles.html:2073","","DashboardBaseStyles.html","0","false","2","false","Medium","3","shared or cross-dashboard ownership"
".optionCollapseHeader:hover","","0-2-0","Shared","1","DashboardBaseStyles.html:2061","","DashboardBaseStyles.html","0","false","1","false","Medium","3","shared or cross-dashboard ownership"
".optionGroupHeader","","0-1-0","Shared","1","DashboardBaseStyles.html:2032","","DashboardBaseStyles.html","0","false","0","true","Medium","3","shared or cross-dashboard ownership; no static runtime token reference found"
".revenueTooltipRow","","0-1-0","Shared","1","DashboardBaseStyles.html:1908","","DashboardBaseStyles.html","0","false","4","false","Medium","3","shared or cross-dashboard ownership"
".revenueTooltipRow b","","0-1-1","Shared","1","DashboardBaseStyles.html:1916","","DashboardBaseStyles.html","0","false","4","false","Medium","3","shared or cross-dashboard ownership"
".revenueTooltipRow.comparison b","","0-2-1","Shared","1","DashboardBaseStyles.html:1925","","DashboardBaseStyles.html","0","false","138","false","Medium","3","shared or cross-dashboard ownership"
".revenueTooltipRow.comparisonOlder b","","0-2-1","Shared","1","DashboardBaseStyles.html:1929","","DashboardBaseStyles.html","0","false","5","false","Medium","3","shared or cross-dashboard ownership"
".revenueTooltipRow.current b","","0-2-1","Shared","1","DashboardBaseStyles.html:1921","","DashboardBaseStyles.html","0","false","934","false","Medium","3","shared or cross-dashboard ownership"
".revenueTooltipRow.deltaBad b","","0-2-1","Shared","1","DashboardBaseStyles.html:1937","","DashboardBaseStyles.html","0","false","10","false","Medium","3","shared or cross-dashboard ownership"
".revenueTooltipRow.deltaGood b","","0-2-1","Shared","1","DashboardBaseStyles.html:1933","","DashboardBaseStyles.html","0","false","10","false","Medium","3","shared or cross-dashboard ownership"
".revenueTooltipRow.muted b","","0-2-1","Shared","1","DashboardBaseStyles.html:1941","","DashboardBaseStyles.html","0","false","12","false","Medium","3","shared or cross-dashboard ownership"
".revenueTooltipTitle","","0-1-0","Shared","1","DashboardBaseStyles.html:1901","","DashboardBaseStyles.html","0","false","1","false","Medium","3","shared or cross-dashboard ownership"
".rowTotal","","0-1-0","Shared","1","DashboardBaseStyles.html:265","","DashboardBaseStyles.html","0","false","9","false","Medium","3","shared or cross-dashboard ownership"
".sideTwo","","0-1-0","Shared","1","DashboardBaseStyles.html:426","","DashboardBaseStyles.html","0","false","0","true","Medium","3","shared or cross-dashboard ownership; no static runtime token reference found"
".sortGlyph","","0-1-0","Shared","1","DashboardBaseStyles.html:2480","","DashboardBaseStyles.html","0","false","15","false","Medium","3","shared or cross-dashboard ownership"
".sortGlyph.active","","0-2-0","Shared","1","DashboardBaseStyles.html:2491","","DashboardBaseStyles.html","0","false","614","false","Medium","3","shared or cross-dashboard ownership"
".statusBanner","","0-1-0","Shared","1","DashboardBaseStyles.html:2104","","DashboardBaseStyles.html","0","false","3","false","Medium","3","shared or cross-dashboard ownership"
".statusBanner.good","","0-2-0","Shared","1","DashboardBaseStyles.html:2115","","DashboardBaseStyles.html","0","false","31","false","Medium","3","shared or cross-dashboard ownership"
".statusBanner.warn","","0-2-0","Shared","1","DashboardBaseStyles.html:2121","","DashboardBaseStyles.html","0","false","166","false","Medium","3","shared or cross-dashboard ownership"
".tableScroll::-webkit-scrollbar","","0-1-1","Shared","1","DashboardBaseStyles.html:2359","","DashboardBaseStyles.html","0","false","8","false","Medium","3","shared or cross-dashboard ownership"
".tableScroll::-webkit-scrollbar-thumb","","0-1-1","Shared","1","DashboardBaseStyles.html:2375","","DashboardBaseStyles.html","0","false","8","false","Medium","3","shared or cross-dashboard ownership"
".tableScroll::-webkit-scrollbar-thumb:hover","","0-2-1","Shared","1","DashboardBaseStyles.html:2384","","DashboardBaseStyles.html","0","false","8","false","Medium","3","shared or cross-dashboard ownership"
".tableScroll::-webkit-scrollbar-track","","0-1-1","Shared","1","DashboardBaseStyles.html:2367","","DashboardBaseStyles.html","0","false","8","false","Medium","3","shared or cross-dashboard ownership"
".tableToggles","","0-1-0","Shared","1","DashboardBaseStyles.html:316","","DashboardBaseStyles.html","0","false","5","false","Medium","3","shared or cross-dashboard ownership"
".tabPage.active","","0-2-0","Shared","1","DashboardBaseStyles.html:67","","DashboardBaseStyles.html","0","false","606","false","Medium","3","shared or cross-dashboard ownership"
".twoCard","","0-1-0","Shared","1","DashboardBaseStyles.html:473","","DashboardBaseStyles.html","0","false","0","true","Medium","3","shared or cross-dashboard ownership; no static runtime token reference found"
".twoGrid .wide","","0-2-0","Shared","1","DashboardBaseStyles.html:469","","DashboardBaseStyles.html","0","false","3","false","Medium","3","shared or cross-dashboard ownership"
".yearList.dropdownList .yearRow","","0-3-0","Shared","1","DashboardBaseStyles.html:782","","DashboardBaseStyles.html","0","false","35","false","Medium","3","shared or cross-dashboard ownership"
".yearList.dropdownList::-webkit-scrollbar","","0-2-1","Shared","1","DashboardBaseStyles.html:2359","","DashboardBaseStyles.html","0","false","24","false","Medium","3","shared or cross-dashboard ownership"
".yearList.dropdownList::-webkit-scrollbar-thumb","","0-2-1","Shared","1","DashboardBaseStyles.html:2375","","DashboardBaseStyles.html","0","false","24","false","Medium","3","shared or cross-dashboard ownership"
".yearList.dropdownList::-webkit-scrollbar-thumb:hover","","0-3-1","Shared","1","DashboardBaseStyles.html:2384","","DashboardBaseStyles.html","0","false","24","false","Medium","3","shared or cross-dashboard ownership"
".yearList.dropdownList::-webkit-scrollbar-track","","0-2-1","Shared","1","DashboardBaseStyles.html:2367","","DashboardBaseStyles.html","0","false","24","false","Medium","3","shared or cross-dashboard ownership"
".yearRow input","","0-1-1","Shared","1","DashboardBaseStyles.html:2090","","DashboardBaseStyles.html","0","false","11","false","Medium","3","shared or cross-dashboard ownership"
".yearRow:hover","","0-2-0","Shared","1","DashboardBaseStyles.html:245","","DashboardBaseStyles.html","0","false","11","false","Medium","3","shared or cross-dashboard ownership"
"*","","0-0-0","Shared","1","DashboardBaseStyles.html:24","","DashboardBaseStyles.html","0","false","0","false","Medium","3","shared or cross-dashboard ownership"
"#categoricalPage .tableWrap","","1-1-0","Shared","1","Index.html:4027","","Index.html","0","false","26","false","Medium","3","shared or cross-dashboard ownership"
"#overviewFilterDeck.topOverviewFilterDeck","","1-1-0","Overview","1","DashboardBaseStyles.html:5456","","DashboardBaseStyles.html","11","false","154","false","Medium","3","uses !important; same selector appears in multiple at-rule contexts"
"#overviewFilterDeck.topOverviewFilterDeck","@media (max-width: 1120px)","1-1-0","Overview","1","DashboardBaseStyles.html:5575","","DashboardBaseStyles.html","3","false","154","false","Medium","3","uses !important; same selector appears in multiple at-rule contexts"
"#overviewFilterDeck.topOverviewFilterDeck","@media (max-width: 1500px)","1-1-0","Overview","1","DashboardBaseStyles.html:5549","","DashboardBaseStyles.html","2","false","154","false","Medium","3","uses !important; same selector appears in multiple at-rule contexts"
"#overviewOne .areaCustomerTable","@media (max-width: 1500px) and (min-width: 901px)","1-1-0","Overview","1","DashboardBaseStyles.html:3924","","DashboardBaseStyles.html","1","false","292","false","Medium","3","uses !important; same selector appears in multiple at-rule contexts"
"#overviewOne .areaCustomerTable","@media (max-width: 900px)","1-1-0","Overview","1","DashboardBaseStyles.html:3980","","DashboardBaseStyles.html","2","false","292","false","Medium","3","uses !important; same selector appears in multiple at-rule contexts"
"#overviewOne .areaProductTable","@media (max-width: 1500px) and (min-width: 901px)","1-1-0","Overview","1","DashboardBaseStyles.html:3924","","DashboardBaseStyles.html","1","false","302","false","Medium","3","uses !important; same selector appears in multiple at-rule contexts"
"#overviewOne .areaProductTable","@media (max-width: 900px)","1-1-0","Overview","1","DashboardBaseStyles.html:3981","","DashboardBaseStyles.html","2","false","302","false","Medium","3","uses !important; same selector appears in multiple at-rule contexts"
"#overviewOne .areaRevenue","@media (max-width: 1500px) and (min-width: 901px)","1-1-0","Overview","1","DashboardBaseStyles.html:3913","","DashboardBaseStyles.html","1","false","293","false","Medium","3","uses !important; same selector appears in multiple at-rule contexts"
"#overviewOne .areaRevenue","@media (max-width: 900px)","1-1-0","Overview","1","DashboardBaseStyles.html:3975","","DashboardBaseStyles.html","2","false","293","false","Medium","3","uses !important; same selector appears in multiple at-rule contexts"
"#overviewOne .compactChipOnlyRow .chipRow","","1-2-0","Overview","1","DashboardBaseStyles.html:4841","","DashboardBaseStyles.html","3","false","311","false","Medium","3","uses !important; same selector appears in multiple at-rule contexts"
"#overviewOne .compactChipOnlyRow .chipRow","@media (max-width: 900px)","1-2-0","Overview","1","DashboardBaseStyles.html:4882","","DashboardBaseStyles.html","1","false","311","false","Medium","3","uses !important; same selector appears in multiple at-rule contexts"
"#overviewOne .controlButtonStrip","","1-1-0","Overview","1","DashboardBaseStyles.html:3561","","DashboardBaseStyles.html","5","false","288","false","Medium","3","uses !important; same selector appears in multiple at-rule contexts"
"#overviewOne .controlButtonStrip","@media (max-width: 900px)","1-1-0","Overview","1","DashboardBaseStyles.html:3955","","DashboardBaseStyles.html","2","false","288","false","Medium","3","uses !important; same selector appears in multiple at-rule contexts"
"#overviewOne .controlFilterRow","","1-1-0","Overview","1","DashboardBaseStyles.html:3552","","DashboardBaseStyles.html","6","false","305","false","Medium","3","uses !important; same selector appears in multiple at-rule contexts"
"#overviewOne .controlFilterRow","@media (max-width: 900px)","1-1-0","Overview","1","DashboardBaseStyles.html:3950","","DashboardBaseStyles.html","2","false","305","false","Medium","3","uses !important; same selector appears in multiple at-rule contexts"
"#overviewOne .controlFilterRow .chipRow","","1-2-0","Overview","1","DashboardBaseStyles.html:3600","","DashboardBaseStyles.html","9","false","318","false","Medium","3","uses !important; same selector appears in multiple at-rule contexts"
"#overviewOne .controlFilterRow .chipRow","@media (max-width: 900px)","1-2-0","Overview","1","DashboardBaseStyles.html:3960","","DashboardBaseStyles.html","1","false","318","false","Medium","3","uses !important; same selector appears in multiple at-rule contexts"
"#overviewOne .controlFilterRow .chipRow::before","","1-2-1","Overview","1","DashboardBaseStyles.html:3612","","DashboardBaseStyles.html","9","false","318","false","Medium","3","uses !important; same selector appears in multiple at-rule contexts"
"#overviewOne .controlFilterRow .chipRow::before","@media (max-width: 900px)","1-2-1","Overview","1","DashboardBaseStyles.html:3964","","DashboardBaseStyles.html","1","false","318","false","Medium","3","uses !important; same selector appears in multiple at-rule contexts"
"#overviewOne .dashboardShell","","1-1-0","Overview","1","DashboardBaseStyles.html:3471","","DashboardBaseStyles.html","8","false","292","false","Medium","3","uses !important; same selector appears in multiple at-rule contexts"
"#overviewOne .dashboardShell","@media (max-width: 900px)","1-1-0","Overview","1","DashboardBaseStyles.html:3937","","DashboardBaseStyles.html","1","false","292","false","Medium","3","uses !important; same selector appears in multiple at-rule contexts"
"#overviewOne .filterDeck.dropdownDeck","","1-2-0","Overview","1","DashboardBaseStyles.html:3641","","DashboardBaseStyles.html","7","false","289","false","Medium","3","uses !important; same selector appears in multiple at-rule contexts"
"#overviewOne .filterDeck.dropdownDeck","@media (max-width: 1120px) and (min-width: 901px)","1-2-0","Overview","1","DashboardBaseStyles.html:3931","","DashboardBaseStyles.html","1","false","289","false","Medium","3","uses !important; same selector appears in multiple at-rule contexts"
"#overviewOne .filterDeck.dropdownDeck","@media (max-width: 900px)","1-2-0","Overview","1","DashboardBaseStyles.html:3968","","DashboardBaseStyles.html","3","false","289","false","Medium","3","uses !important; same selector appears in multiple at-rule contexts"
"#overviewOne .grid","@media (max-width: 900px)","1-1-0","Overview","1","DashboardBaseStyles.html:3968","","DashboardBaseStyles.html","3","false","464","false","Medium","3","uses !important; same selector appears in multiple at-rule contexts"
"#overviewOne .topBar.executiveTop .comparisonKpi","@media (max-width: 900px)","1-3-0","Overview","1","DashboardBaseStyles.html:3946","","DashboardBaseStyles.html","1","false","593","false","Medium","3","uses !important; same selector appears in multiple at-rule contexts"
"#overviewOne .topBar.executiveTop .comparisonKpis","@media (max-width: 1400px) and (min-width: 901px)","1-3-0","Overview","1","DashboardBaseStyles.html:4848","","DashboardBaseStyles.html","1","false","569","false","Medium","3","uses !important; same selector appears in multiple at-rule contexts"
"#overviewOne .topBar.executiveTop .comparisonKpis","@media (max-width: 1500px) and (min-width: 901px)","1-3-0","Overview","1","DashboardBaseStyles.html:3897","","DashboardBaseStyles.html","1","false","569","false","Medium","3","uses !important; same selector appears in multiple at-rule contexts"
"#overviewOne .topBar.executiveTop .kpiStrip.comparisonKpis","","1-4-0","Overview","1","Index.html:4129","","Index.html","9","false","595","false","Medium","3","uses !important; same selector appears in multiple at-rule contexts"
"#overviewOne .topBar.executiveTop .kpiStrip.comparisonKpis","@media (max-width: 1320px)","1-4-0","Overview","1","Index.html:4264","","Index.html","1","false","595","false","Medium","3","uses !important; same selector appears in multiple at-rule contexts"
"#overviewOne .topBar.executiveTop .kpiStrip.comparisonKpis","@media (max-width: 860px)","1-4-0","Overview","1","Index.html:4270","","Index.html","1","false","595","false","Medium","3","uses !important; same selector appears in multiple at-rule contexts"
"#overviewOne *","","1-0-0","Overview","1","DashboardBaseStyles.html:4346","","DashboardBaseStyles.html","1","false","287","false","Medium","3","uses !important; same selector appears in multiple at-rule contexts"
"#overviewOne *","@media (prefers-reduced-motion: reduce)","1-0-0","Overview","1","Index.html:4276","","Index.html","1","false","287","false","Medium","3","uses !important; same selector appears in multiple at-rule contexts"
"#overviewTwo .o2AnalyticsRowV150","@media (max-width: 1040px)","1-1-0","Overview","1","DashboardBaseStyles.html:7366","","DashboardBaseStyles.html","2","false","73","false","Medium","3","uses !important; same selector appears in multiple at-rule contexts"
"#overviewTwo .o2AnalyticsRowV150","@media (max-width: 1280px)","1-1-0","Overview","1","DashboardBaseStyles.html:8339","","DashboardBaseStyles.html","2","false","73","false","Medium","3","uses !important; same selector appears in multiple at-rule contexts"
"#overviewTwo .o2AnalyticsRowV150","@media (max-width: 780px)","1-1-0","Overview","1","DashboardBaseStyles.html:6758","","DashboardBaseStyles.html","1","false","73","false","Medium","3","uses !important; same selector appears in multiple at-rule contexts"
"#overviewTwo .o2AnalyticsRowV150","@media (max-width: 900px)","1-1-0","Overview","1","DashboardBaseStyles.html:5946","","DashboardBaseStyles.html","1","false","73","false","Medium","3","uses !important; same selector appears in multiple at-rule contexts"
"#overviewTwo .o2CommandGridV150","@media (max-width: 1320px)","1-1-0","Overview","1","DashboardBaseStyles.html:5918","","DashboardBaseStyles.html","1","false","72","false","Medium","3","uses !important; same selector appears in multiple at-rule contexts"
"#overviewTwo .o2CommandGridV150","@media (max-width: 780px)","1-1-0","Overview","1","DashboardBaseStyles.html:6758","","DashboardBaseStyles.html","1","false","72","false","Medium","3","uses !important; same selector appears in multiple at-rule contexts"
"#overviewTwo .o2CommandGridV150","@media (max-width: 900px)","1-1-0","Overview","1","DashboardBaseStyles.html:5946","","DashboardBaseStyles.html","1","false","72","false","Medium","3","uses !important; same selector appears in multiple at-rule contexts"
"#overviewTwo .o2CommandMainV150","@media (max-width: 1180px)","1-1-0","Overview","1","DashboardBaseStyles.html:6730","","DashboardBaseStyles.html","3","false","72","false","Medium","3","uses !important; same selector appears in multiple at-rule contexts"
"#overviewTwo .o2CommandMainV150","@media (max-width: 1280px)","1-1-0","Overview","1","DashboardBaseStyles.html:8330","","DashboardBaseStyles.html","3","false","72","false","Medium","3","uses !important; same selector appears in multiple at-rule contexts"
"#overviewTwo .o2CommandMainV150","@media (max-width: 780px)","1-1-0","Overview","1","DashboardBaseStyles.html:6758","","DashboardBaseStyles.html","1","false","72","false","Medium","3","uses !important; same selector appears in multiple at-rule contexts"
"#overviewTwo .o2DeepDiveContentV155","@media (max-width: 1180px)","1-1-0","Overview","1","DashboardBaseStyles.html:7025","","DashboardBaseStyles.html","1","false","75","false","Medium","3","uses !important; same selector appears in multiple at-rule contexts"
"#overviewTwo .o2DeepDiveContentV155 .o2HealthGridV152","@media (max-width: 1040px)","1-2-0","Overview","1","DashboardBaseStyles.html:7930","","DashboardBaseStyles.html","1","false","76","false","Medium","3","uses !important; same selector appears in multiple at-rule contexts"
"#overviewTwo .o2DeepDiveContentV155 .o2HealthGridV152","@media (max-width: 1180px)","1-2-0","Overview","1","DashboardBaseStyles.html:7029","","DashboardBaseStyles.html","1","false","76","false","Medium","3","uses !important; same selector appears in multiple at-rule contexts"
"#overviewTwo .o2DeepDiveContentV155 .o2InsightRowsV152","@media (max-width: 1040px)","1-2-0","Overview","1","DashboardBaseStyles.html:7930","","DashboardBaseStyles.html","1","false","78","false","Medium","3","uses !important; same selector appears in multiple at-rule contexts"
"#overviewTwo .o2DeepDiveContentV155 .o2InsightRowsV152","@media (max-width: 1180px)","1-2-0","Overview","1","DashboardBaseStyles.html:7029","","DashboardBaseStyles.html","1","false","78","false","Medium","3","uses !important; same selector appears in multiple at-rule contexts"
"#overviewTwo .o2DeepDiveHeaderV155","@media (max-width: 1040px)","1-1-0","Overview","1","DashboardBaseStyles.html:7910","","DashboardBaseStyles.html","1","false","72","false","Medium","3","uses !important; same selector appears in multiple at-rule contexts"
"#overviewTwo .o2DeepDiveHeaderV155","@media (max-width: 1180px)","1-1-0","Overview","1","DashboardBaseStyles.html:7014","","DashboardBaseStyles.html","2","false","72","false","Medium","3","uses !important; same selector appears in multiple at-rule contexts"
"#overviewTwo .o2DeepDiveHeaderV155","@media (max-width: 780px)","1-1-0","Overview","1","DashboardBaseStyles.html:8355","","DashboardBaseStyles.html","2","false","72","false","Medium","3","uses !important; same selector appears in multiple at-rule contexts"
"#overviewTwo .o2DeepDiveTabsV155","@media (max-width: 1040px)","1-1-0","Overview","1","DashboardBaseStyles.html:7924","","DashboardBaseStyles.html","3","false","72","false","Medium","3","uses !important; same selector appears in multiple at-rule contexts"
"#overviewTwo .o2DeepDiveTabsV155","@media (max-width: 1180px)","1-1-0","Overview","1","DashboardBaseStyles.html:7019","","DashboardBaseStyles.html","3","false","72","false","Medium","3","uses !important; same selector appears in multiple at-rule contexts"
"#overviewTwo .o2DeepDiveTabsV155","@media (max-width: 780px)","1-1-0","Overview","1","DashboardBaseStyles.html:8360","","DashboardBaseStyles.html","2","false","72","false","Medium","3","uses !important; same selector appears in multiple at-rule contexts"
"#overviewTwo .o2ExecutiveHeaderV150","@media (max-width: 1280px)","1-1-0","Overview","1","DashboardBaseStyles.html:8327","","DashboardBaseStyles.html","1","false","72","false","Medium","3","uses !important; same selector appears in multiple at-rule contexts"
"#overviewTwo .o2ExecutiveInsightsBodyV153","@media (max-width: 720px)","1-1-0","Overview","1","DashboardBaseStyles.html:7036","","DashboardBaseStyles.html","1","false","72","false","Medium","3","uses !important; same selector appears in multiple at-rule contexts"
"#overviewTwo .o2ExecutiveInsightsBodyV158","@media (max-width: 1040px)","1-1-0","Overview","1","DashboardBaseStyles.html:7910","","DashboardBaseStyles.html","1","false","72","false","Medium","3","uses !important; same selector appears in multiple at-rule contexts"
"#overviewTwo .o2ExecutivePanelV150","@media (max-width: 1280px)","1-1-0","Overview","1","DashboardBaseStyles.html:8324","","DashboardBaseStyles.html","1","false","72","false","Medium","3","uses !important; same selector appears in multiple at-rule contexts"
"#overviewTwo .o2ExecutivePanelV150","@media (max-width: 1320px)","1-1-0","Overview","1","DashboardBaseStyles.html:5922","","DashboardBaseStyles.html","1","false","72","false","Medium","3","uses !important; same selector appears in multiple at-rule contexts"
"#overviewTwo .o2FeatureControlsHintV153","@media (max-width: 1180px)","1-1-0","Overview","1","DashboardBaseStyles.html:6279","","DashboardBaseStyles.html","1","false","71","false","Medium","3","uses !important; same selector appears in multiple at-rule contexts"
"#overviewTwo .o2FeatureControlsTitleV153","","1-1-0","Overview","1","DashboardBaseStyles.html:5992","","DashboardBaseStyles.html","6","false","71","false","Medium","3","uses !important; same selector appears in multiple at-rule contexts"
"#overviewTwo .o2FeatureControlsTitleV153","@media (max-width: 1180px)","1-1-0","Overview","1","DashboardBaseStyles.html:6279","","DashboardBaseStyles.html","1","false","71","false","Medium","3","uses !important; same selector appears in multiple at-rule contexts"
"#overviewTwo .o2FeatureControlsV153","@media (max-width: 1180px)","1-1-0","Overview","1","DashboardBaseStyles.html:6275","","DashboardBaseStyles.html","2","false","71","false","Medium","3","uses !important; same selector appears in multiple at-rule contexts"
"#overviewTwo .o2FeatureControlsV153","@media (max-width: 780px)","1-1-0","Overview","1","DashboardBaseStyles.html:6286","","DashboardBaseStyles.html","1","false","71","false","Medium","3","uses !important; same selector appears in multiple at-rule contexts"
"#overviewTwo .o2FeatureDockV153","@media (max-width: 1180px)","1-1-0","Overview","1","DashboardBaseStyles.html:6272","","DashboardBaseStyles.html","1","false","73","false","Medium","3","uses !important; same selector appears in multiple at-rule contexts"
"#overviewTwo .o2FeatureDockV153","@media (max-width: 720px)","1-1-0","Overview","1","DashboardBaseStyles.html:7036","","DashboardBaseStyles.html","1","false","73","false","Medium","3","uses !important; same selector appears in multiple at-rule contexts"
"#overviewTwo .o2FeatureDockV153","@media (max-width: 780px)","1-1-0","Overview","1","DashboardBaseStyles.html:6758","","DashboardBaseStyles.html","1","false","73","false","Medium","3","uses !important; same selector appears in multiple at-rule contexts"
"#overviewTwo .o2InsightGridV152","@media (max-width: 1180px)","1-1-0","Overview","1","DashboardBaseStyles.html:6752","","DashboardBaseStyles.html","1","false","71","false","Medium","3","uses !important; same selector appears in multiple at-rule contexts"
"#overviewTwo .o2InsightGridV152","@media (max-width: 780px)","1-1-0","Overview","1","DashboardBaseStyles.html:6758","","DashboardBaseStyles.html","1","false","71","false","Medium","3","uses !important; same selector appears in multiple at-rule contexts"
"#overviewTwo .o2InsightsHeaderV158","@media (max-width: 1040px)","1-1-0","Overview","1","DashboardBaseStyles.html:7910","","DashboardBaseStyles.html","1","false","72","false","Medium","3","uses !important; same selector appears in multiple at-rule contexts"
"#overviewTwo .o2InsightsHeaderV158","@media (max-width: 780px)","1-1-0","Overview","1","DashboardBaseStyles.html:8355","","DashboardBaseStyles.html","2","false","72","false","Medium","3","uses !important; same selector appears in multiple at-rule contexts"
"#overviewTwo .o2InsightStatGridV153","@media (max-width: 720px)","1-1-0","Overview","1","DashboardBaseStyles.html:7937","","DashboardBaseStyles.html","1","false","72","false","Medium","3","uses !important; same selector appears in multiple at-rule contexts"
"#overviewTwo .o2InsightStatGridV153","@media (max-width: 780px)","1-1-0","Overview","1","DashboardBaseStyles.html:6292","","DashboardBaseStyles.html","1","false","72","false","Medium","3","uses !important; same selector appears in multiple at-rule contexts"
"#overviewTwo .o2KpiBandSideV150","@media (max-width: 1320px)","1-1-0","Overview","1","DashboardBaseStyles.html:5926","","DashboardBaseStyles.html","1","false","72","false","Medium","3","uses !important; same selector appears in multiple at-rule contexts"
"#overviewTwo .o2KpiBandSideV150","@media (max-width: 900px)","1-1-0","Overview","1","DashboardBaseStyles.html:5952","","DashboardBaseStyles.html","1","false","72","false","Medium","3","uses !important; same selector appears in multiple at-rule contexts"
"#overviewTwo .o2MonthlyYoyTilesV150","@media (max-width: 1180px)","1-1-0","Overview","1","DashboardBaseStyles.html:6748","","DashboardBaseStyles.html","1","false","72","false","Medium","3","uses !important; same selector appears in multiple at-rule contexts"
"#overviewTwo .o2MonthlyYoyTilesV150","@media (max-width: 780px)","1-1-0","Overview","1","DashboardBaseStyles.html:6780","","DashboardBaseStyles.html","1","false","72","false","Medium","3","uses !important; same selector appears in multiple at-rule contexts"
"#overviewTwo .o2MonthlyYoyTilesV150","@media (max-width: 900px)","1-1-0","Overview","1","DashboardBaseStyles.html:5960","","DashboardBaseStyles.html","1","false","72","false","Medium","3","uses !important; same selector appears in multiple at-rule contexts"
"#overviewTwo .o2PaceLegendV156","@media (max-width: 720px)","1-1-0","Overview","1","DashboardBaseStyles.html:7387","","DashboardBaseStyles.html","1","false","72","false","Medium","3","uses !important; same selector appears in multiple at-rule contexts"
"#overviewTwo .o2PaceMatrixV156","@media (max-width: 1040px)","1-1-0","Overview","1","DashboardBaseStyles.html:7377","","DashboardBaseStyles.html","1","false","72","false","Medium","3","uses !important; same selector appears in multiple at-rule contexts"
"#overviewTwo .o2RealFilterDeck.filterDeck.dropdownDeck","@media (max-width: 1280px)","1-3-0","Overview","1","DashboardBaseStyles.html:5397","","DashboardBaseStyles.html","1","false","74","false","Medium","3","uses !important; same selector appears in multiple at-rule contexts"
"#overviewTwo .o2RevenueHeroV150","@media (max-width: 1180px)","1-1-0","Overview","1","DashboardBaseStyles.html:6736","","DashboardBaseStyles.html","3","false","72","false","Medium","3","uses !important; same selector appears in multiple at-rule contexts"
"#overviewTwo .o2RevenueHeroV150","@media (max-width: 1280px)","1-1-0","Overview","1","DashboardBaseStyles.html:8335","","DashboardBaseStyles.html","2","false","72","false","Medium","3","uses !important; same selector appears in multiple at-rule contexts"
"#overviewTwo .o2RevenueHeroV150","@media (max-width: 780px)","1-1-0","Overview","1","DashboardBaseStyles.html:6767","","DashboardBaseStyles.html","2","false","72","false","Medium","3","uses !important; same selector appears in multiple at-rule contexts"
"#overviewTwo .o2RevenueHeroV150 .o2TrendBox","@media (max-width: 780px)","1-2-0","Overview","1","DashboardBaseStyles.html:6772","","DashboardBaseStyles.html","1","false","73","false","Medium","3","uses !important; same selector appears in multiple at-rule contexts"
"#overviewTwo .o2RevenueHeroV150 .o2TrendBox","@media (max-width: 900px)","1-2-0","Overview","1","DashboardBaseStyles.html:5964","","DashboardBaseStyles.html","1","false","73","false","Medium","3","uses !important; same selector appears in multiple at-rule contexts"
"#overviewTwo .o2StoryTabsV158","@media (max-width: 1040px)","1-1-0","Overview","1","DashboardBaseStyles.html:7924","","DashboardBaseStyles.html","3","false","72","false","Medium","3","uses !important; same selector appears in multiple at-rule contexts"
"#overviewTwo .o2StoryTabsV158","@media (max-width: 780px)","1-1-0","Overview","1","DashboardBaseStyles.html:8360","","DashboardBaseStyles.html","2","false","72","false","Medium","3","uses !important; same selector appears in multiple at-rule contexts"
"#overviewTwo .o2TopBarChartsV150","@media (max-width: 1280px)","1-1-0","Overview","1","DashboardBaseStyles.html:8343","","DashboardBaseStyles.html","1","false","72","false","Medium","3","uses !important; same selector appears in multiple at-rule contexts"
"#overviewTwo .o2TopBarChartsV150","@media (max-width: 900px)","1-1-0","Overview","1","DashboardBaseStyles.html:5946","","DashboardBaseStyles.html","1","false","72","false","Medium","3","uses !important; same selector appears in multiple at-rule contexts"
"#overviewTwo .o2YearRowV150","@media (max-width: 1320px)","1-1-0","Overview","1","DashboardBaseStyles.html:5934","","DashboardBaseStyles.html","1","false","73","false","Medium","3","uses !important; same selector appears in multiple at-rule contexts"
"#overviewTwo .o2YearStackRowsV150","@media (max-width: 1320px)","1-1-0","Overview","1","DashboardBaseStyles.html:5930","","DashboardBaseStyles.html","1","false","72","false","Medium","3","uses !important; same selector appears in multiple at-rule contexts"
"#overviewTwo .o2YearStackRowsV150","@media (max-width: 1500px)","1-1-0","Overview","1","DashboardBaseStyles.html:6724","","DashboardBaseStyles.html","1","false","72","false","Medium","3","uses !important; same selector appears in multiple at-rule contexts"
"#overviewTwo .o2YearStackRowsV150","@media (max-width: 780px)","1-1-0","Overview","1","DashboardBaseStyles.html:6780","","DashboardBaseStyles.html","1","false","72","false","Medium","3","uses !important; same selector appears in multiple at-rule contexts"
"#overviewTwo .o2YearStackRowsV150","@media (max-width: 900px)","1-1-0","Overview","1","DashboardBaseStyles.html:5956","","DashboardBaseStyles.html","1","false","72","false","Medium","3","uses !important; same selector appears in multiple at-rule contexts"
"#overviewTwo .overviewTwoShellV150","@media (max-width: 900px)","1-1-0","Overview","1","DashboardBaseStyles.html:5940","","DashboardBaseStyles.html","3","false","72","false","Medium","3","uses !important; same selector appears in multiple at-rule contexts"
"#remakeCompactToolbarV6382 .remakeCompactToolV6382","@media (max-width:1279px)","1-1-0","Remake","1","RemakeResponsiveStyles.html:314","","RemakeResponsiveStyles.html","17","false","10","false","Medium","3","uses !important; same selector appears in multiple at-rule contexts"
"#remakeCompactToolbarV6382 .remakeCompactToolV6382","@media (max-width:600px)","1-1-0","Remake","1","RemakeResponsiveStyles.html:834","","RemakeResponsiveStyles.html","4","false","10","false","Medium","3","uses !important; same selector appears in multiple at-rule contexts"
"#remakeCompactToolbarV6382 .remakeCompactToolV6382 svg","@media (max-width:1279px)","1-1-1","Remake","1","RemakeResponsiveStyles.html:348","","RemakeResponsiveStyles.html","8","false","10","false","Medium","3","uses !important; same selector appears in multiple at-rule contexts"
"#remakeFactorPage *","","1-0-0","Remake","1","Index.html:4007","","Index.html","2","false","727","false","Medium","3","uses !important; same selector appears in multiple at-rule contexts"
"#remakeFactorPage *","@media (prefers-reduced-motion: reduce)","1-0-0","Remake","1","Index.html:4276","","Index.html","1","false","727","false","Medium","3","uses !important; same selector appears in multiple at-rule contexts"
"#remakeFactorPage.cleanRemakeV6230 .ceramistDetailSelectionMetricsV6368","","1-2-0","Remake","1","Index.html:2654","","Index.html","4","false","1317","false","Medium","3","uses !important; same selector appears in multiple at-rule contexts"
"#remakeFactorPage.cleanRemakeV6230 .ceramistDetailSelectionMetricsV6368","@media(max-width:720px)","1-2-0","Remake","1","Index.html:2724","","Index.html","1","false","1317","false","Medium","3","uses !important; same selector appears in multiple at-rule contexts"
"#remakeFactorPage.cleanRemakeV6230 .ceramistPanelV6343.detailOpenV6368 .ceramistPreviewTableWrapV6342","@media(max-width:1180px)","1-4-0","Remake","1","Index.html:2719","","Index.html","1","false","1382","false","Medium","3","uses !important; same selector appears in multiple at-rule contexts"
"#remakeFactorPage.cleanRemakeV6230 .ceramistPanelV6343.detailOpenV6368 .ceramistPreviewTableWrapV6342","@media(max-width:720px)","1-4-0","Remake","1","Index.html:2727","","Index.html","1","false","1382","false","Medium","3","uses !important; same selector appears in multiple at-rule contexts"
"#remakeFactorPage.cleanRemakeV6230 .ceramistPreviewTableWrapV6342","","1-2-0","Remake","1","Index.html:1817","","Index.html","6","false","1320","false","Medium","3","uses !important; same selector appears in multiple at-rule contexts"
"#remakeFactorPage.cleanRemakeV6230 .ceramistPreviewTableWrapV6342","@media(max-width:1180px)","1-2-0","Remake","1","Index.html:1883","","Index.html","1","false","1320","false","Medium","3","uses !important; same selector appears in multiple at-rule contexts"
"#remakeFactorPage.cleanRemakeV6230 .ceramistWorkspaceV6343","","1-2-0","Remake","1","Index.html:1813","","Index.html","2","false","1369","false","Medium","3","uses !important; same selector appears in multiple at-rule contexts"
"#remakeFactorPage.cleanRemakeV6230 .ceramistWorkspaceV6343","@media (max-width:1279px)","1-2-0","Remake","1","RemakeResponsiveStyles.html:651","","RemakeResponsiveStyles.html","8","false","1369","false","Medium","3","uses !important; same selector appears in multiple at-rule contexts"
"#remakeFactorPage.cleanRemakeV6230 .ceramistWorkspaceV6343","@media(max-width:1180px)","1-2-0","Remake","1","Index.html:1878","","Index.html","1","false","1369","false","Medium","3","uses !important; same selector appears in multiple at-rule contexts"
"#remakeFactorPage.cleanRemakeV6230 .remakeCardTitle","@media (max-width:1279px)","1-2-0","Remake","1","RemakeResponsiveStyles.html:685","","RemakeResponsiveStyles.html","4","false","1337","false","Medium","3","uses !important; same selector appears in multiple at-rule contexts"
"#remakeFactorPage.cleanRemakeV6230 .remakeCustomerBreakdownGridV6503","","1-2-0","Remake","1","Index.html:358","","Index.html","5","false","1313","false","Medium","3","uses !important; same selector appears in multiple at-rule contexts"
"#remakeFactorPage.cleanRemakeV6230 .remakeCustomerBreakdownGridV6503","@media(max-width:1380px)","1-2-0","Remake","1","Index.html:417","","Index.html","1","false","1313","false","Medium","3","uses !important; same selector appears in multiple at-rule contexts"
"#remakeFactorPage.cleanRemakeV6230 .remakeCustomerBreakdownGridV6503","@media(max-width:760px)","1-2-0","Remake","1","Index.html:422","","Index.html","1","false","1313","false","Medium","3","uses !important; same selector appears in multiple at-rule contexts"
"#remakeFactorPage.cleanRemakeV6230 .remakeDropdownHeaderV6245","","1-2-0","Remake","1","Index.html:3041","","Index.html","8","false","1318","false","Medium","3","uses !important; same selector appears in multiple at-rule contexts"
"#remakeFactorPage.cleanRemakeV6230 .remakeDropdownHeaderV6245","@media (max-width: 430px)","1-2-0","Remake","1","Index.html:3077","","Index.html","3","false","1318","false","Medium","3","uses !important; same selector appears in multiple at-rule contexts"
"#remakeFactorPage.cleanRemakeV6230 .remakeDropdownHeaderV6245 button","","1-2-1","Remake","1","Index.html:3053","","Index.html","2","false","1318","false","Medium","3","uses !important; same selector appears in multiple at-rule contexts"
"#remakeFactorPage.cleanRemakeV6230 .remakeDropdownHeaderV6245 button","@media (max-width: 430px)","1-2-1","Remake","1","Index.html:3084","","Index.html","2","false","1318","false","Medium","3","uses !important; same selector appears in multiple at-rule contexts"
"#remakeFactorPage.cleanRemakeV6230 .remakeFilterBarV6230","@media (max-width:1279px)","1-2-0","Remake","1","RemakeResponsiveStyles.html:460","","RemakeResponsiveStyles.html","1","false","1325","false","Medium","3","uses !important; same selector appears in multiple at-rule contexts"
"#remakeFactorPage.cleanRemakeV6230 .remakeFilterBarV6230","@media (min-width: 981px)","1-2-0","Remake","1","Index.html:168","","Index.html","6","false","1325","false","Medium","3","uses !important; same selector appears in multiple at-rule contexts"
"#remakeFactorPage.cleanRemakeV6230 .remakeFilterBarV6230","@media (min-width: 981px) and (max-width: 1250px)","1-2-0","Remake","1","Index.html:220","","Index.html","1","false","1325","false","Medium","3","uses !important; same selector appears in multiple at-rule contexts"
"#remakeFactorPage.cleanRemakeV6230 .remakeGlobalSearchBarV6304","@media (max-width:1279px)","1-2-0","Remake","1","RemakeResponsiveStyles.html:432","","RemakeResponsiveStyles.html","7","false","1317","false","Medium","3","uses !important; same selector appears in multiple at-rule contexts"
"#remakeFactorPage.cleanRemakeV6230 .remakeGlobalSearchBarV6304","@media (min-width: 981px)","1-2-0","Remake","1","Index.html:207","","Index.html","2","false","1317","false","Medium","3","uses !important; same selector appears in multiple at-rule contexts"
"#remakeFactorPage.cleanRemakeV6230 .remakeKpi","@media (max-width:1279px)","1-2-0","Remake","1","RemakeResponsiveStyles.html:606","","RemakeResponsiveStyles.html","7","false","1409","false","Medium","3","uses !important; same selector appears in multiple at-rule contexts"
"#remakeFactorPage.cleanRemakeV6230 .remakeKpi","@media (min-width: 1280px)","1-2-0","Remake","1","Index.html:3558","","Index.html","2","false","1409","false","Medium","3","uses !important; same selector appears in multiple at-rule contexts"
"#remakeFactorPage.cleanRemakeV6230 .remakeKpi .label","@media (max-width:1279px)","1-3-0","Remake","1","RemakeResponsiveStyles.html:620","","RemakeResponsiveStyles.html","4","false","2366","false","Medium","3","uses !important; same selector appears in multiple at-rule contexts"
"#remakeFactorPage.cleanRemakeV6230 .remakeKpi .label","@media (min-width: 1280px)","1-3-0","Remake","1","Index.html:3563","","Index.html","1","false","2366","false","Medium","3","uses !important; same selector appears in multiple at-rule contexts"
"#remakeFactorPage.cleanRemakeV6230 .remakeKpiAreaV6406","","1-2-0","Remake","1","Index.html:3684","","Index.html","9","false","1316","false","Medium","3","uses !important; same selector appears in multiple at-rule contexts"
"#remakeFactorPage.cleanRemakeV6230 .remakeKpiAreaV6406","@media (max-width: 760px)","1-2-0","Remake","1","Index.html:3767","","Index.html","1","false","1316","false","Medium","3","uses !important; same selector appears in multiple at-rule contexts"
"#remakeFactorPage.cleanRemakeV6230 .remakeKpiAreaV6406 .remakeKpisV6230","","1-3-0","Remake","1","Index.html:3755","","Index.html","1","false","1323","false","Medium","3","uses !important; same selector appears in multiple at-rule contexts"
"#remakeFactorPage.cleanRemakeV6230 .remakeKpiAreaV6406 .remakeKpisV6230","@media (min-width: 1280px)","1-3-0","Remake","1","Index.html:3760","","Index.html","2","false","1323","false","Medium","3","uses !important; same selector appears in multiple at-rule contexts"
"#remakeFactorPage.cleanRemakeV6230 .remakeKpisV6230","","1-2-0","Remake","1","Index.html:3546","","Index.html","2","false","1320","false","Medium","3","uses !important; same selector appears in multiple at-rule contexts"
"#remakeFactorPage.cleanRemakeV6230 .remakeKpisV6230","@media (max-width: 760px)","1-2-0","Remake","1","Index.html:3679","","Index.html","1","false","1320","false","Medium","3","uses !important; same selector appears in multiple at-rule contexts"
"#remakeFactorPage.cleanRemakeV6230 .remakeKpisV6230","@media (max-width:1279px)","1-2-0","Remake","1","RemakeResponsiveStyles.html:591","","RemakeResponsiveStyles.html","12","false","1320","false","Medium","3","uses !important; same selector appears in multiple at-rule contexts"
"#remakeFactorPage.cleanRemakeV6230 .remakeKpisV6230","@media (min-width: 1280px)","1-2-0","Remake","1","Index.html:3552","","Index.html","3","false","1320","false","Medium","3","uses !important; same selector appears in multiple at-rule contexts"
"#remakeFactorPage.cleanRemakeV6230 .remakePillsV6230:not(:empty)","@media (max-width:1279px)","1-3-0","Remake","1","RemakeResponsiveStyles.html:570","","RemakeResponsiveStyles.html","9","false","1320","false","Medium","3","uses !important; same selector appears in multiple at-rule contexts"
"#remakeFactorPage.cleanRemakeV6230 .remakePillsV6230:not(:empty)","@media (min-width: 981px)","1-3-0","Remake","1","Index.html:215","","Index.html","1","false","1320","false","Medium","3","uses !important; same selector appears in multiple at-rule contexts"
"#remakeFactorPage.cleanRemakeV6230 .remakeSectionToggleV6402","","1-2-0","Remake","1","Index.html:3184","","Index.html","15","false","1314","false","Medium","3","uses !important; same selector appears in multiple at-rule contexts"
"#remakeFactorPage.cleanRemakeV6230 .remakeSectionToggleV6402","@media (max-width: 760px)","1-2-0","Remake","1","Index.html:3259","","Index.html","4","false","1314","false","Medium","3","uses !important; same selector appears in multiple at-rule contexts"
"#remakeFactorPage.cleanRemakeV6230 .remakeShellV6230 > #remakePillsV6230.remakePillsV6230","","2-3-0","Remake","1","Index.html:4485","","Index.html","15","false","1324","false","Medium","3","uses !important; same selector appears in multiple at-rule contexts"
"#remakeFactorPage.cleanRemakeV6230 .remakeShellV6230 > #remakePillsV6230.remakePillsV6230","@media (max-width: 760px)","2-3-0","Remake","1","Index.html:4520","","Index.html","5","false","1324","false","Medium","3","uses !important; same selector appears in multiple at-rule contexts"
"#remakeFactorPage.cleanRemakeV6230 .remakeStickyTopV6245","@media (min-width: 981px)","1-2-0","Remake","1","Index.html:165","","Index.html","1","false","1324","false","Medium","3","uses !important; same selector appears in multiple at-rule contexts"
"#remakeFactorPage.cleanRemakeV6230 .remakeTable","","1-2-0","Remake","1","Index.html:2184","","Index.html","2","false","1429","false","Medium","3","uses !important; same selector appears in multiple at-rule contexts"
"#remakeFactorPage.cleanRemakeV6230 .remakeTable","@media (max-width:1279px)","1-2-0","Remake","1","RemakeResponsiveStyles.html:753","","RemakeResponsiveStyles.html","4","false","1429","false","Medium","3","uses !important; same selector appears in multiple at-rule contexts"
"#remakeFactorPage.cleanRemakeV6230 .remakeTableWrap","@media(max-width:980px)","1-2-0","Remake","1","Index.html:2163","","Index.html","1","false","1336","false","Medium","3","uses !important; same selector appears in multiple at-rule contexts"
"#remakeFactorPage.cleanRemakeV6230 .remakeTableWrap","@media(min-width:981px)","1-2-0","Remake","1","Index.html:2380","","Index.html","1","false","1336","false","Medium","3","uses !important; same selector appears in multiple at-rule contexts"
"#remakeFactorPage.cleanRemakeV6230 #remakeCeramistDetailTableV6343","","2-1-0","Remake","1","Index.html:1825","","Index.html","4","false","1326","false","Medium","3","uses !important; same selector appears in multiple at-rule contexts"
"#remakeFactorPage.cleanRemakeV6230 #remakeCeramistDetailTableV6343","@media (max-width:1279px)","2-1-0","Remake","1","RemakeResponsiveStyles.html:764","","RemakeResponsiveStyles.html","1","false","1326","false","Medium","3","uses !important; same selector appears in multiple at-rule contexts"
"#remakeFactorPage.cleanRemakeV6230 #remakeCeramistTableV6342","@media (max-width:1279px)","2-1-0","Remake","1","RemakeResponsiveStyles.html:760","","RemakeResponsiveStyles.html","1","false","1334","false","Medium","3","uses !important; same selector appears in multiple at-rule contexts"
"#remakeFactorPage.cleanRemakeV6230 #remakeCeramistTableV6342 tbody tr.ceramistPinnedWorkerV6361 > td","@media (max-width:760px)","2-2-3","Remake","1","Index.html:2478","","Index.html","4","false","1335","false","Medium","3","uses !important; same selector appears in multiple at-rule contexts"
"#remakeFactorPage.cleanRemakeV6230 #remakeCeramistTableV6342 tbody tr.ceramistPinnedWorkerV6361 > td","@media (min-width:761px)","2-2-3","Remake","1","Index.html:2448","","Index.html","5","false","1335","false","Medium","3","uses !important; same selector appears in multiple at-rule contexts"
"#remakeFactorPage.cleanRemakeV6230 #remakeCeramistTableV6342 tbody tr.ceramistSectionRowV6348","","2-2-2","Remake","1","Index.html:2401","","Index.html","2","false","1337","false","Medium","3","uses !important; same selector appears in multiple at-rule contexts"
"#remakeFactorPage.cleanRemakeV6230 #remakeCeramistTableV6342 tbody tr.ceramistSectionRowV6348","@media (min-width:761px)","2-2-2","Remake","1","Index.html:2464","","Index.html","6","false","1337","false","Medium","3","uses !important; same selector appears in multiple at-rule contexts"
"#remakeFactorPage.cleanRemakeV6230 #remakeCeramistTableV6342 tbody tr.ceramistSectionRowV6348 > td","","2-2-3","Remake","1","Index.html:2407","","Index.html","11","false","1337","false","Medium","3","uses !important; same selector appears in multiple at-rule contexts"
"#remakeFactorPage.cleanRemakeV6230 #remakeCeramistTableV6342 tbody tr.ceramistSectionRowV6348 > td","@media (min-width:761px)","2-2-3","Remake","1","Index.html:2464","","Index.html","6","false","1337","false","Medium","3","uses !important; same selector appears in multiple at-rule contexts"
"#remakeFactorPage.cleanRemakeV6230 #remakeCeramistTableV6342 thead th","","2-1-2","Remake","1","Index.html:3171","","Index.html","2","false","1334","false","Medium","3","uses !important; same selector appears in multiple at-rule contexts"
"#remakeFactorPage.cleanRemakeV6230 #remakeCeramistTableV6342 thead th","@media (min-width:761px)","2-1-2","Remake","1","Index.html:2437","","Index.html","4","false","1334","false","Medium","3","uses !important; same selector appears in multiple at-rule contexts"
"#remakeTabFilterHostV6337 .remakeDropdownHeaderV6245","@media (max-width: 430px)","1-1-0","Remake","1","Index.html:3077","","Index.html","3","false","14","false","Medium","3","uses !important; same selector appears in multiple at-rule contexts"
"#remakeTabFilterHostV6337 .remakeDropdownHeaderV6245 button","@media (max-width: 430px)","1-1-1","Remake","1","Index.html:3084","","Index.html","2","false","14","false","Medium","3","uses !important; same selector appears in multiple at-rule contexts"
"#remakeViewsPanelV6382","@media (max-width:1279px)","1-0-0","Remake","1","RemakeResponsiveStyles.html:557","","RemakeResponsiveStyles.html","5","false","7","false","Medium","3","uses !important; same selector appears in multiple at-rule contexts"
"#tatDashboardPageV6509.cleanRemakeV6230 .tatCoverageV6509","","1-2-0","TAT","1","Index.html:4645","","Index.html","13","false","597","false","Medium","3","uses !important; same selector appears in multiple at-rule contexts"
"#tatDashboardPageV6509.cleanRemakeV6230 .tatCoverageV6509","@media(max-width:560px)","1-2-0","TAT","1","Index.html:4674","","Index.html","1","false","597","false","Medium","3","uses !important; same selector appears in multiple at-rule contexts"
"#tatDashboardPageV6509.cleanRemakeV6230 .tatCoverageV6509","@media(max-width:900px)","1-2-0","TAT","1","Index.html:4673","","Index.html","1","false","597","false","Medium","3","uses !important; same selector appears in multiple at-rule contexts"
"#tatDashboardPageV6509.cleanRemakeV6230 .tatQualityCoverageV6513","","1-2-0","TAT","1","Index.html:4640","","Index.html","3","false","597","false","Medium","3","uses !important; same selector appears in multiple at-rule contexts"
"#tatDashboardPageV6509.cleanRemakeV6230 .tatQualityCoverageV6513","@media(max-width:900px)","1-2-0","TAT","1","Index.html:4642","","Index.html","1","false","597","false","Medium","3","uses !important; same selector appears in multiple at-rule contexts"
"#tatDashboardPageV6509.cleanRemakeV6230 .tatQualityTitleRowV6513","","1-2-0","TAT","1","Index.html:4639","","Index.html","4","false","595","false","Medium","3","uses !important; same selector appears in multiple at-rule contexts"
"#tatDashboardPageV6509.cleanRemakeV6230 .tatQualityTitleRowV6513","@media(max-width:900px)","1-2-0","TAT","1","Index.html:4642","","Index.html","3","false","595","false","Medium","3","uses !important; same selector appears in multiple at-rule contexts"
"#tatDashboardPageV6509.cleanRemakeV6230 #tatCustomerTableV6509 tr.clickable","@media(prefers-reduced-motion:reduce)","2-2-1","TAT","1","Index.html:4699","","Index.html","1","false","624","false","Medium","3","uses !important; same selector appears in multiple at-rule contexts"
"#tatDashboardPageV6509.cleanRemakeV6230 #tatDepartmentTableV6509 tr.clickable","@media(prefers-reduced-motion:reduce)","2-2-1","TAT","1","Index.html:4699","","Index.html","1","false","624","false","Medium","3","uses !important; same selector appears in multiple at-rule contexts"
"body.remakeCompactActiveV6382 #remakeCompactToolbarV6382","@media (max-width:420px)","1-1-1","Remake","1","Index.html:3008","","Index.html","3","false","5","false","Medium","3","uses !important; same selector appears in multiple at-rule contexts"
"body.remakeCompactActiveV6382 #remakeCompactToolbarV6382","@media (max-width:600px)","1-1-1","Remake","1","RemakeResponsiveStyles.html:826","","RemakeResponsiveStyles.html","5","false","5","false","Medium","3","uses !important; same selector appears in multiple at-rule contexts"
"body.remakeCompactActiveV6382 #remakeCompactToolbarV6382 .remakeCompactFiltersV6382","@media (max-width:1279px)","1-2-1","Remake","1","Index.html:2834","","Index.html","13","false","10","false","Medium","3","uses !important; same selector appears in multiple at-rule contexts"
"body.remakeCompactActiveV6382 #remakeCompactToolbarV6382 .remakeCompactFiltersV6382","@media (max-width:420px)","1-2-1","Remake","1","Index.html:3014","","Index.html","5","false","10","false","Medium","3","uses !important; same selector appears in multiple at-rule contexts"
"body.remakeCompactActiveV6382 #remakeCompactToolbarV6382 .remakeCompactFiltersV6382 svg","@media (max-width:1279px)","1-2-2","Remake","1","Index.html:2862","","Index.html","3","false","10","false","Medium","3","uses !important; same selector appears in multiple at-rule contexts"
"body.remakeCompactActiveV6382 #remakeCompactToolbarV6382 .remakeCompactFiltersV6382 svg","@media (max-width:420px)","1-2-2","Remake","1","Index.html:3022","","Index.html","1","false","10","false","Medium","3","uses !important; same selector appears in multiple at-rule contexts"
"body.remakeCompactActiveV6382 #remakeCompactToolbarV6382 .remakeCompactToolV6382:not(.remakeCompactFiltersV6382)","@media (max-width:1279px)","1-3-1","Remake","1","Index.html:2868","","Index.html","7","false","16","false","Medium","3","uses !important; same selector appears in multiple at-rule contexts"
"body.remakeCompactActiveV6382 #remakeCompactToolbarV6382 .remakeCompactToolV6382:not(.remakeCompactFiltersV6382)","@media (max-width:420px)","1-3-1","Remake","1","Index.html:3026","","Index.html","6","false","16","false","Medium","3","uses !important; same selector appears in multiple at-rule contexts"
"body.remakeCompactFiltersOpenV6382 #remakeFactorPage.cleanRemakeV6230 .remakeFilterBarV6230","@media (max-width:1279px)","1-3-1","Remake","1","RemakeResponsiveStyles.html:464","","RemakeResponsiveStyles.html","20","false","1327","false","Medium","3","uses !important; same selector appears in multiple at-rule contexts"
"body.remakeCompactFiltersOpenV6382 #remakeFactorPage.cleanRemakeV6230 .remakeFilterBarV6230","@media (max-width:600px)","1-3-1","Remake","1","RemakeResponsiveStyles.html:841","","RemakeResponsiveStyles.html","1","false","1327","false","Medium","3","uses !important; same selector appears in multiple at-rule contexts"
"html","@media (max-width:1279px)","0-0-1","Remake","1","RemakeResponsiveStyles.html:265","","RemakeResponsiveStyles.html","3","false","0","false","Medium","3","uses !important; same selector appears in multiple at-rule contexts"
"td:first-child","","0-1-1","Shared","1","DashboardBaseStyles.html:379","","DashboardBaseStyles.html","0","false","0","false","Medium","3","shared or cross-dashboard ownership"
"th:first-child","","0-1-1","Shared","1","DashboardBaseStyles.html:379","","DashboardBaseStyles.html","0","false","0","false","Medium","3","shared or cross-dashboard ownership"
".remakeViewDefaultsV6382 select","","0-1-1","Remake","2","RemakeResponsiveStyles.html:71","RemakeResponsiveStyles.html:144","RemakeResponsiveStyles.html","0","false","1","false","Low","2","repeated selector"
".remakeViewNameV6382","","0-1-0","Remake","2","RemakeResponsiveStyles.html:71","RemakeResponsiveStyles.html:191","RemakeResponsiveStyles.html","0","false","1","false","Low","2","repeated selector"
".remakeViewNameV6382:focus","","0-2-0","Remake","2","RemakeResponsiveStyles.html:87","RemakeResponsiveStyles.html:199","RemakeResponsiveStyles.html","0","false","1","false","Low","2","repeated selector"
".remakeViewPrimaryV6382","","0-1-0","Remake","2","RemakeResponsiveStyles.html:94","RemakeResponsiveStyles.html:108","RemakeResponsiveStyles.html","0","false","1","false","Low","2","repeated selector"
".remakeViewUtilityV6382","","0-1-0","Remake","2","RemakeResponsiveStyles.html:94","RemakeResponsiveStyles.html:224","RemakeResponsiveStyles.html","0","false","2","false","Low","2","repeated selector"
"#overviewTwo .o2DriverCard","","1-1-0","Overview","2","DashboardBaseStyles.html:5034","DashboardBaseStyles.html:5392","DashboardBaseStyles.html","0","false","72","false","Low","2","repeated selector"
"#overviewTwo .o2KpiCard .label","","1-2-0","Overview","2","DashboardBaseStyles.html:4944","DashboardBaseStyles.html:5262","DashboardBaseStyles.html","0","false","1033","false","Low","2","repeated selector"
"#overviewTwo .o2KpiCard .value","","1-2-0","Overview","2","DashboardBaseStyles.html:4952","DashboardBaseStyles.html:5267","DashboardBaseStyles.html","0","false","1687","false","Low","2","repeated selector"
"#overviewTwo .o2KpiSub","","1-1-0","Overview","2","DashboardBaseStyles.html:4960","DashboardBaseStyles.html:5272","DashboardBaseStyles.html","0","false","76","false","Low","2","repeated selector"
"#overviewTwo .overviewTwoShellV127","","1-1-0","Overview","2","DashboardBaseStyles.html:4914","DashboardBaseStyles.html:5241","DashboardBaseStyles.html","0","false","72","false","Low","2","repeated selector"
".customerActiveOnlyToggle","","0-1-0","Overview","1","DashboardBaseStyles.html:7399","","DashboardBaseStyles.html","4","false","1","false","Low","2","uses !important"
".customerActiveOnlyToggle.active","","0-2-0","Overview","1","DashboardBaseStyles.html:7406","","DashboardBaseStyles.html","3","false","600","false","Low","2","uses !important"
".managerTabs .navActionStrip .navIconBtn","","0-3-0","Overview","1","DashboardBaseStyles.html:4765","","DashboardBaseStyles.html","11","false","26","false","Low","2","uses !important"
".managerTabs .navActionStrip .navIconBtn:disabled","","0-4-0","Overview","1","DashboardBaseStyles.html:4779","","DashboardBaseStyles.html","4","false","26","false","Low","2","uses !important"
".managerTabs .navActionStrip .navResetBtn","","0-3-0","Overview","1","DashboardBaseStyles.html:4786","","DashboardBaseStyles.html","3","false","25","false","Low","2","uses !important"
".managerTabs .navActionStrip .segBtn + .segBtn","","0-4-0","Overview","1","DashboardBaseStyles.html:4756","","DashboardBaseStyles.html","1","false","28","false","Low","2","uses !important"
".managerTabs .navActionStrip .segBtn.active","","0-4-0","Overview","1","DashboardBaseStyles.html:4760","","DashboardBaseStyles.html","2","false","627","false","Low","2","uses !important"
".managerTabs .navActionStrip .segGroup","","0-3-0","Overview","1","DashboardBaseStyles.html:4726","","DashboardBaseStyles.html","10","false","26","false","Low","2","uses !important"
".managerTabs.remakeTabFiltersActiveV6337","","0-2-0","Remake","1","Index.html:1452","","Index.html","4","false","22","false","Low","2","uses !important"
".multiRow.inactiveCustomerOption","","0-2-0","Overview","1","DashboardBaseStyles.html:7412","","DashboardBaseStyles.html","1","false","17","false","Low","2","uses !important"
".multiRow.inactiveCustomerOption:not(.active)","","0-3-0","Overview","1","DashboardBaseStyles.html:7416","","DashboardBaseStyles.html","1","false","616","false","Low","2","uses !important"
".o2InactiveBadge","","0-1-0","Overview","1","DashboardBaseStyles.html:7428","","DashboardBaseStyles.html","14","false","2","false","Low","2","uses !important"
".remakeColumnChooserCloseV6357","","0-1-0","Remake","1","Index.html:2286","","Index.html","10","false","1","false","Low","2","uses !important"
".remakeColumnChooserFooterV6357","","0-1-0","Remake","1","Index.html:2352","","Index.html","7","false","1","false","Low","2","uses !important"
".remakeColumnChooserFooterV6357 button","","0-1-1","Remake","1","Index.html:2362","","Index.html","8","false","1","false","Low","2","uses !important"
".remakeColumnChooserFooterV6357 button.primaryV6357","","0-2-1","Remake","1","Index.html:2373","","Index.html","3","false","2","false","Low","2","uses !important"
".remakeColumnChooserHeaderV6357","","0-1-0","Remake","1","Index.html:2263","","Index.html","6","false","1","false","Low","2","uses !important"
".remakeColumnChooserHintV6357","","0-1-0","Remake","1","Index.html:2278","","Index.html","5","false","1","false","Low","2","uses !important"
".remakeColumnChooserLockV6357","","0-1-0","Remake","1","Index.html:2344","","Index.html","5","false","0","true","Low","2","uses !important; no static runtime token reference found"
".remakeColumnChooserOptionV6357","","0-1-0","Remake","1","Index.html:2313","","Index.html","11","false","1","false","Low","2","uses !important"
".remakeColumnChooserOptionV6357 input","","0-1-1","Remake","1","Index.html:2331","","Index.html","5","false","1","false","Low","2","uses !important"
".remakeColumnChooserOptionV6357:hover","","0-2-0","Remake","1","Index.html:2327","","Index.html","1","false","1","false","Low","2","uses !important"
".remakeColumnChooserOptionV6357.isLockedV6357","","0-2-0","Remake","1","Index.html:2339","","Index.html","2","false","2","false","Low","2","uses !important"
".remakeColumnChooserPopoverV6357","","0-1-0","Remake","1","Index.html:2246","","Index.html","14","false","1","false","Low","2","uses !important"
".remakeColumnChooserSectionTitleV6357","","0-1-0","Remake","1","Index.html:2303","","Index.html","7","false","1","false","Low","2","uses !important"
".remakeColumnChooserSectionV6357","","0-1-0","Remake","1","Index.html:2299","","Index.html","1","false","1","false","Low","2","uses !important"
".remakeColumnChooserTitleV6357","","0-1-0","Remake","1","Index.html:2272","","Index.html","3","false","1","false","Low","2","uses !important"
".remakeKpiChooserCloseV6403","","0-1-0","Remake","1","Index.html:3614","","Index.html","10","false","4","false","Low","2","uses !important"
".remakeKpiChooserFooterV6403","","0-1-0","Remake","1","Index.html:3657","","Index.html","7","false","2","false","Low","2","uses !important"
".remakeKpiChooserFooterV6403 button","","0-1-1","Remake","1","Index.html:3667","","Index.html","8","false","2","false","Low","2","uses !important"
".remakeKpiChooserHeaderV6403","","0-1-0","Remake","1","Index.html:3591","","Index.html","6","false","2","false","Low","2","uses !important"
".remakeKpiChooserHintV6403","","0-1-0","Remake","1","Index.html:3606","","Index.html","5","false","0","true","Low","2","uses !important; no static runtime token reference found"
".remakeKpiChooserOptionsV6403","","0-1-0","Remake","1","Index.html:3627","","Index.html","1","false","2","false","Low","2","uses !important"
".remakeKpiChooserOptionV6403","","0-1-0","Remake","1","Index.html:3631","","Index.html","11","false","2","false","Low","2","uses !important"
".remakeKpiChooserOptionV6403 input","","0-1-1","Remake","1","Index.html:3649","","Index.html","5","false","2","false","Low","2","uses !important"
".remakeKpiChooserOptionV6403:hover","","0-2-0","Remake","1","Index.html:3645","","Index.html","1","false","2","false","Low","2","uses !important"
".remakeKpiChooserPopoverV6403","","0-1-0","Remake","1","Index.html:3576","","Index.html","12","false","3","false","Low","2","uses !important"
".remakeKpiChooserTitleV6403","","0-1-0","Remake","1","Index.html:3600","","Index.html","3","false","2","false","Low","2","uses !important"
"#overviewFilterDeck.topOverviewFilterDeck .customerDropdownPanel","","1-2-0","Overview","1","DashboardBaseStyles.html:5521","","DashboardBaseStyles.html","2","false","188","false","Low","2","uses !important"
"#overviewFilterDeck.topOverviewFilterDeck .dropdownButton","","1-2-0","Overview","1","DashboardBaseStyles.html:5487","","DashboardBaseStyles.html","16","false","163","false","Low","2","uses !important"
"#overviewFilterDeck.topOverviewFilterDeck .dropdownButton::after","","1-2-1","Overview","1","DashboardBaseStyles.html:5506","","DashboardBaseStyles.html","3","false","163","false","Low","2","uses !important"
"#overviewFilterDeck.topOverviewFilterDeck .dropdownPanel","","1-2-0","Overview","1","DashboardBaseStyles.html:5512","","DashboardBaseStyles.html","6","false","187","false","Low","2","uses !important"
"#overviewFilterDeck.topOverviewFilterDeck .filterCard","","1-2-0","Overview","1","DashboardBaseStyles.html:5470","","DashboardBaseStyles.html","10","false","173","false","Low","2","uses !important"
"#overviewFilterDeck.topOverviewFilterDeck .miniLabel","","1-2-0","Overview","1","DashboardBaseStyles.html:5483","","DashboardBaseStyles.html","1","false","158","false","Low","2","uses !important"
"#overviewFilterDeck.topOverviewFilterDeck .productDropdownPanel","","1-2-0","Overview","1","DashboardBaseStyles.html:5521","","DashboardBaseStyles.html","2","false","184","false","Low","2","uses !important"
"#overviewNavActions","","1-0-0","Overview","1","Index.html:243","","Index.html","3","false","19","false","Low","2","uses !important"
"#overviewOne :is(.deptRow,.multiRow,.yearRow)","","1-1-0","Overview","1","Index.html:4243","","Index.html","1","false","324","false","Low","2","uses !important"
"#overviewOne :is(.segBtn,.resetBtn,.tinyBtn,.componentMenuBtn,.dropdownButton)","","1-1-0","Overview","1","Index.html:4228","","Index.html","1","false","341","false","Low","2","uses !important"
"#overviewOne :is(.segBtn,.resetBtn,.tinyBtn,.componentMenuBtn,.dropdownButton):active","","1-2-0","Overview","1","Index.html:4238","","Index.html","1","false","341","false","Low","2","uses !important"
"#overviewOne .areaAvg .chartTitle","","1-2-0","Overview","1","DashboardBaseStyles.html:4374","","DashboardBaseStyles.html","4","false","313","false","Low","2","uses !important"
"#overviewOne .areaCustomers .chartTitle","","1-2-0","Overview","1","DashboardBaseStyles.html:4374","","DashboardBaseStyles.html","4","false","313","false","Low","2","uses !important"
"#overviewOne .areaCustomerTable .cardHeader","","1-2-0","Overview","1","DashboardBaseStyles.html:3791","","DashboardBaseStyles.html","5","false","301","false","Low","2","uses !important"
"#overviewOne .areaCustomerTable .tableScroll","","1-2-0","Overview","1","DashboardBaseStyles.html:3800","","DashboardBaseStyles.html","9","false","300","false","Low","2","uses !important"
"#overviewOne .areaProductTable .cardHeader","","1-2-0","Overview","1","DashboardBaseStyles.html:3791","","DashboardBaseStyles.html","5","false","311","false","Low","2","uses !important"
"#overviewOne .areaProductTable .tableScroll","","1-2-0","Overview","1","DashboardBaseStyles.html:3800","","DashboardBaseStyles.html","9","false","310","false","Low","2","uses !important"
"#overviewOne .areaProductTable td:nth-child(1)","","1-2-1","Overview","1","DashboardBaseStyles.html:4144","","DashboardBaseStyles.html","2","false","302","false","Low","2","uses !important"
"#overviewOne .areaProductTable th:nth-child(1)","","1-2-1","Overview","1","DashboardBaseStyles.html:4144","","DashboardBaseStyles.html","2","false","302","false","Low","2","uses !important"
"#overviewOne .areaRevenue .chartTitle","","1-2-0","Overview","1","DashboardBaseStyles.html:4393","","DashboardBaseStyles.html","2","false","315","false","Low","2","uses !important"
"#overviewOne .areaRpac .chartTitle","","1-2-0","Overview","1","DashboardBaseStyles.html:4374","","DashboardBaseStyles.html","4","false","313","false","Low","2","uses !important"
"#overviewOne .areaUnits .chartTitle","","1-2-0","Overview","1","DashboardBaseStyles.html:4374","","DashboardBaseStyles.html","4","false","313","false","Low","2","uses !important"
"#overviewOne .card","","1-1-0","Overview","1","DashboardBaseStyles.html:3718","","DashboardBaseStyles.html","8","false","563","false","Low","2","uses !important"
"#overviewOne .card canvas","","1-1-1","Overview","1","DashboardBaseStyles.html:3776","","DashboardBaseStyles.html","4","false","563","false","Low","2","uses !important"
"#overviewOne .cardHeader","","1-1-0","Overview","1","DashboardBaseStyles.html:3745","","DashboardBaseStyles.html","3","false","296","false","Low","2","uses !important"
"#overviewOne .chartBox","","1-1-0","Overview","1","DashboardBaseStyles.html:3765","","DashboardBaseStyles.html","3","false","298","false","Low","2","uses !important"
"#overviewOne .chartTitle","","1-1-0","Overview","1","DashboardBaseStyles.html:3751","","DashboardBaseStyles.html","4","false","309","false","Low","2","uses !important"
"#overviewOne .comparisonKpi","","1-1-0","Overview","1","DashboardBaseStyles.html:4398","","DashboardBaseStyles.html","1","false","336","false","Low","2","uses !important"
"#overviewOne .componentMenuBtn","","1-1-0","Overview","1","DashboardBaseStyles.html:3758","","DashboardBaseStyles.html","4","false","302","false","Low","2","uses !important"
"#overviewOne .controlButtonStrip .segBtn","","1-2-0","Overview","1","DashboardBaseStyles.html:3577","","DashboardBaseStyles.html","9","false","292","false","Low","2","uses !important"
"#overviewOne .controlButtonStrip .segBtn.active","","1-3-0","Overview","1","DashboardBaseStyles.html:3590","","DashboardBaseStyles.html","2","false","891","false","Low","2","uses !important"
"#overviewOne .controlButtonStrip .segGroup","","1-2-0","Overview","1","DashboardBaseStyles.html:3569","","DashboardBaseStyles.html","5","false","290","false","Low","2","uses !important"
"#overviewOne .controlFilterRow .chip","","1-2-0","Overview","1","DashboardBaseStyles.html:3624","","DashboardBaseStyles.html","10","false","366","false","Low","2","uses !important"
"#overviewOne .controlFilterRow .chip button","","1-2-1","Overview","1","DashboardBaseStyles.html:3637","","DashboardBaseStyles.html","1","false","366","false","Low","2","uses !important"
"#overviewOne .dropdownPanelHeader","","1-1-0","Overview","1","DashboardBaseStyles.html:3695","","DashboardBaseStyles.html","1","false","295","false","Low","2","uses !important"
"#overviewOne .dropdownPanelHeader button","","1-1-1","Overview","1","DashboardBaseStyles.html:3699","","DashboardBaseStyles.html","4","false","295","false","Low","2","uses !important"
"#overviewOne .footer","","1-1-0","Overview","1","DashboardBaseStyles.html:3870","","DashboardBaseStyles.html","3","false","304","false","Low","2","uses !important"
"#overviewOne .inactiveBadge","","1-1-0","Overview","1","DashboardBaseStyles.html:4253","","DashboardBaseStyles.html","14","false","304","false","Low","2","uses !important"
"#overviewOne .miniLabel","","1-1-0","Overview","1","DashboardBaseStyles.html:3660","","DashboardBaseStyles.html","6","false","291","false","Low","2","uses !important"
"#overviewOne .moverArea","","1-1-0","Overview","1","DashboardBaseStyles.html:3988","","DashboardBaseStyles.html","11","false","292","false","Low","2","uses !important"
"#overviewOne .moverArea .cardActions","","1-2-0","Overview","1","DashboardBaseStyles.html:4026","","DashboardBaseStyles.html","5","false","304","false","Low","2","uses !important"
"#overviewOne .moverArea .componentMenuBtn","","1-2-0","Overview","1","DashboardBaseStyles.html:4063","","DashboardBaseStyles.html","7","false","307","false","Low","2","uses !important"
"#overviewOne .moverArea .inactiveBadge","","1-2-0","Overview","1","DashboardBaseStyles.html:4253","","DashboardBaseStyles.html","14","false","309","false","Low","2","uses !important"
"#overviewOne .moverArea .negative","","1-2-0","Overview","1","DashboardBaseStyles.html:4212","","DashboardBaseStyles.html","2","false","305","false","Low","2","uses !important"
"#overviewOne .moverArea .positive","","1-2-0","Overview","1","DashboardBaseStyles.html:4218","","DashboardBaseStyles.html","2","false","312","false","Low","2","uses !important"
"#overviewOne .moverArea .tinyBtn","","1-2-0","Overview","1","DashboardBaseStyles.html:4043","","DashboardBaseStyles.html","10","false","304","false","Low","2","uses !important"
"#overviewOne .moverArea .tinyBtn.active","","1-3-0","Overview","1","DashboardBaseStyles.html:4056","","DashboardBaseStyles.html","4","false","903","false","Low","2","uses !important"
"#overviewOne .moverArea .tinyBtn.metricBtn.active","","1-4-0","Overview","1","DashboardBaseStyles.html:4291","","DashboardBaseStyles.html","3","false","905","false","Low","2","uses !important"
"#overviewOne .moverArea tbody td","","1-1-2","Overview","1","Index.html:4250","","Index.html","1","false","292","false","Low","2","uses !important"
"#overviewOne .moverArea tbody td:first-child","","1-2-2","Overview","1","DashboardBaseStyles.html:4175","","DashboardBaseStyles.html","1","false","292","false","Low","2","uses !important"
"#overviewOne .moverArea tbody td:last-child","","1-2-2","Overview","1","DashboardBaseStyles.html:4180","","DashboardBaseStyles.html","1","false","292","false","Low","2","uses !important"
"#overviewOne .moverArea tbody tr td","","1-1-3","Overview","1","Index.html:4250","","Index.html","1","false","292","false","Low","2","uses !important"
"#overviewOne .moverArea tbody tr:last-child td","","1-2-3","Overview","1","DashboardBaseStyles.html:4185","","DashboardBaseStyles.html","1","false","292","false","Low","2","uses !important"
"#overviewOne .moverArea td.negative","","1-2-1","Overview","1","DashboardBaseStyles.html:4212","","DashboardBaseStyles.html","2","false","305","false","Low","2","uses !important"
"#overviewOne .moverArea td.positive","","1-2-1","Overview","1","DashboardBaseStyles.html:4218","","DashboardBaseStyles.html","2","false","312","false","Low","2","uses !important"
"#overviewOne .moverArea th","","1-1-1","Overview","1","DashboardBaseStyles.html:4398","","DashboardBaseStyles.html","1","false","292","false","Low","2","uses !important"
"#overviewOne .moverArea thead th:first-child","","1-2-2","Overview","1","DashboardBaseStyles.html:4175","","DashboardBaseStyles.html","1","false","292","false","Low","2","uses !important"
"#overviewOne .moverArea thead th:last-child","","1-2-2","Overview","1","DashboardBaseStyles.html:4180","","DashboardBaseStyles.html","1","false","292","false","Low","2","uses !important"
"#overviewOne .moverArea tr:nth-child(even) td","","1-2-2","Overview","1","DashboardBaseStyles.html:4126","","DashboardBaseStyles.html","1","false","292","false","Low","2","uses !important"
"#overviewOne .moverArea tr.active .negative","","1-3-1","Overview","1","DashboardBaseStyles.html:4228","","DashboardBaseStyles.html","1","false","904","false","Low","2","uses !important"
"#overviewOne .moverArea tr.active .positive","","1-3-1","Overview","1","DashboardBaseStyles.html:4233","","DashboardBaseStyles.html","1","false","911","false","Low","2","uses !important"
"#overviewOne .moverArea tr.active td","","1-2-2","Overview","1","DashboardBaseStyles.html:4224","","DashboardBaseStyles.html","1","false","891","false","Low","2","uses !important"
"#overviewOne .moverArea tr.active td.negative","","1-3-2","Overview","1","DashboardBaseStyles.html:4228","","DashboardBaseStyles.html","1","false","904","false","Low","2","uses !important"
"#overviewOne .moverArea tr.active td.positive","","1-3-2","Overview","1","DashboardBaseStyles.html:4233","","DashboardBaseStyles.html","1","false","911","false","Low","2","uses !important"
"#overviewOne .negative","","1-1-0","Overview","1","DashboardBaseStyles.html:3547","","DashboardBaseStyles.html","1","false","300","false","Low","2","uses !important"
"#overviewOne .positive","","1-1-0","Overview","1","DashboardBaseStyles.html:3542","","DashboardBaseStyles.html","1","false","307","false","Low","2","uses !important"
"#overviewOne .tableToggles","","1-1-0","Overview","1","DashboardBaseStyles.html:3850","","DashboardBaseStyles.html","4","false","292","false","Low","2","uses !important"
"#overviewOne .tinyBtn.active","","1-2-0","Overview","1","DashboardBaseStyles.html:3864","","DashboardBaseStyles.html","3","false","898","false","Low","2","uses !important"
"#overviewOne .topBar.executiveTop .compactChipOnlyRow.v6205PillSlot","","1-4-0","Overview","1","Index.html:4141","","Index.html","19","false","564","false","Low","2","uses !important"
"#overviewOne .topBar.executiveTop .comparisonKpi::before","","1-3-1","Overview","1","DashboardBaseStyles.html:3507","","DashboardBaseStyles.html","1","false","593","false","Low","2","uses !important"
"#overviewOne .topBar.executiveTop .controlFilterRow.compactChipOnlyRow","","1-4-0","Overview","1","Index.html:4141","","Index.html","19","false","573","false","Low","2","uses !important"
"#overviewOne .topBar.executiveTop .kpiDelta.bad","","1-4-0","Overview","1","DashboardBaseStyles.html:3547","","DashboardBaseStyles.html","1","false","611","false","Low","2","uses !important"
"#overviewOne .topBar.executiveTop .kpiDelta.good","","1-4-0","Overview","1","DashboardBaseStyles.html:3542","","DashboardBaseStyles.html","1","false","581","false","Low","2","uses !important"
"#overviewOne .topBar.executiveTop .v6205PillSlot","","1-3-0","Overview","1","Index.html:4141","","Index.html","19","false","553","false","Low","2","uses !important"
"#overviewOne .topBar.executiveTop #activeFilterPillBarV6170","","2-2-0","Overview","1","Index.html:4165","","Index.html","9","false","619","false","Low","2","uses !important"
"#overviewOne .topBar.executiveTop > #activeFilterPillBarV6170","","2-2-0","Overview","1","Index.html:4165","","Index.html","9","false","619","false","Low","2","uses !important"
"#overviewOne #activeFilterPillRailV6205","","2-0-0","Overview","1","Index.html:4178","","Index.html","13","false","290","false","Low","2","uses !important"
"#overviewOne #activeFilterPillRailV6205 .v6205FilterPill","","2-1-0","Overview","1","Index.html:4198","","Index.html","8","false","303","false","Low","2","uses !important"
"#overviewOne #activeFilterPillRailV6205 .v6205FilterPill:hover","","2-2-0","Overview","1","Index.html:4220","","Index.html","3","false","303","false","Low","2","uses !important"
"#overviewOne #activeFilterPillRailV6205 .v6205FilterPill.hot","","2-2-0","Overview","1","Index.html:4214","","Index.html","3","false","792","false","Low","2","uses !important"
"#overviewOne #activeFilterPillRailV6205[data-empty=""true""]","","2-1-0","Overview","1","Index.html:4194","","Index.html","1","false","290","false","Low","2","uses !important"
"#overviewOne input[type=""text""]","","1-1-1","Overview","1","DashboardBaseStyles.html:3669","","DashboardBaseStyles.html","7","false","287","false","Low","2","uses !important"
"#overviewOne select","","1-0-1","Overview","1","DashboardBaseStyles.html:3669","","DashboardBaseStyles.html","7","false","287","false","Low","2","uses !important"
"#overviewOne table","","1-0-1","Overview","1","DashboardBaseStyles.html:3821","","DashboardBaseStyles.html","3","false","287","false","Low","2","uses !important"
"#overviewOne td","","1-0-1","Overview","1","DashboardBaseStyles.html:3837","","DashboardBaseStyles.html","6","false","287","false","Low","2","uses !important"
"#overviewOne th","","1-0-1","Overview","1","DashboardBaseStyles.html:3827","","DashboardBaseStyles.html","7","false","287","false","Low","2","uses !important"
"#overviewOne tr:nth-child(even) td","","1-1-2","Overview","1","DashboardBaseStyles.html:3846","","DashboardBaseStyles.html","1","false","287","false","Low","2","uses !important"
"#overviewOne.legacyOverviewReference:not(.active)","","1-2-0","Overview","1","DashboardBaseStyles.html:5237","","DashboardBaseStyles.html","1","false","886","false","Low","2","uses !important"
"#overviewOne.tabPage","","1-1-0","Overview","1","DashboardBaseStyles.html:3466","","DashboardBaseStyles.html","2","false","294","false","Low","2","uses !important"
"#overviewPage","","1-0-0","Overview","1","Index.html:4007","","Index.html","2","false","1","false","Low","2","uses !important"
"#overviewPage :is(.card,.panel,.tableCard,.chartCard,.componentCard,table,tbody,tr,td,th,canvas)","","1-1-0","Overview","1","Index.html:4018","","Index.html","4","false","660","false","Low","2","uses !important"
"#overviewPage *","","1-0-0","Overview","1","Index.html:4007","","Index.html","2","false","1","false","Low","2","uses !important"
"#overviewTwo","","1-0-0","Overview","1","Index.html:243","","Index.html","3","false","71","false","Low","2","uses !important"
"#overviewTwo .inactiveBadge","","1-1-0","Overview","1","DashboardBaseStyles.html:7428","","DashboardBaseStyles.html","14","false","88","false","Low","2","uses !important"
"#overviewTwo .o2AnalyticsCardV150 .o2CardHeader.compactV150","","1-3-0","Overview","1","DashboardBaseStyles.html:6364","","DashboardBaseStyles.html","2","false","80","false","Low","2","uses !important"
"#overviewTwo .o2CardHeader.compactV150","","1-2-0","Overview","1","DashboardBaseStyles.html:5824","","DashboardBaseStyles.html","2","false","79","false","Low","2","uses !important"
"#overviewTwo .o2DeepDiveContentV155 .o2HealthTileV152 .value","","1-3-0","Overview","1","DashboardBaseStyles.html:6985","","DashboardBaseStyles.html","1","false","1687","false","Low","2","uses !important"
"#overviewTwo .o2DeepDiveContentV155 .o2InsightBodyV152","","1-2-0","Overview","1","DashboardBaseStyles.html:6938","","DashboardBaseStyles.html","2","false","79","false","Low","2","uses !important"
"#overviewTwo .o2DeepDiveContentV155 .o2InsightRowV152 .name","","1-3-0","Overview","1","DashboardBaseStyles.html:6961","","DashboardBaseStyles.html","2","false","438","false","Low","2","uses !important"
"#overviewTwo .o2DeepDiveContentV155 .o2InsightRowV152 .value","","1-3-0","Overview","1","DashboardBaseStyles.html:6966","","DashboardBaseStyles.html","3","false","1689","false","Low","2","uses !important"
"#overviewTwo .o2DeepDiveHeaderV155 .o2ChartTitle","","1-2-0","Overview","1","DashboardBaseStyles.html:6852","","DashboardBaseStyles.html","2","false","81","false","Low","2","uses !important"
"#overviewTwo .o2DeepDiveTabsV155 button:hover","","1-2-1","Overview","1","DashboardBaseStyles.html:6883","","DashboardBaseStyles.html","2","false","72","false","Low","2","uses !important"
"#overviewTwo .o2DeepDiveTabsV155 button.active","","1-2-1","Overview","1","DashboardBaseStyles.html:6888","","DashboardBaseStyles.html","3","false","671","false","Low","2","uses !important"
"#overviewTwo .o2DeepPanelIntroV155 .sub","","1-2-0","Overview","1","DashboardBaseStyles.html:6931","","DashboardBaseStyles.html","4","false","169","false","Low","2","uses !important"
"#overviewTwo .o2DeepPanelIntroV155 .title","","1-2-0","Overview","1","DashboardBaseStyles.html:6923","","DashboardBaseStyles.html","5","false","515","false","Low","2","uses !important"
"#overviewTwo .o2DriverSectionV150","","1-1-0","Overview","1","DashboardBaseStyles.html:5904","","DashboardBaseStyles.html","1","false","72","false","Low","2","uses !important"
"#overviewTwo .o2ExecutiveInsightsBodyV158 .o2InsightLeadV153","","1-2-0","Overview","1","DashboardBaseStyles.html:8246","","DashboardBaseStyles.html","4","false","73","false","Low","2","uses !important"
"#overviewTwo .o2ExecutiveInsightsBodyV158 .o2InsightRowsV153","","1-2-0","Overview","1","DashboardBaseStyles.html:8253","","DashboardBaseStyles.html","1","false","72","false","Low","2","uses !important"
"#overviewTwo .o2ExecutiveInsightsBodyV158 .o2InsightRowV153","","1-2-0","Overview","1","DashboardBaseStyles.html:8257","","DashboardBaseStyles.html","3","false","72","false","Low","2","uses !important"
"#overviewTwo .o2ExecutiveInsightsBodyV158 .o2InsightStatGridV153","","1-2-0","Overview","1","DashboardBaseStyles.html:8263","","DashboardBaseStyles.html","2","false","73","false","Low","2","uses !important"
"#overviewTwo .o2ExecutiveInsightsBodyV158 .o2InsightStatV153","","1-2-0","Overview","1","DashboardBaseStyles.html:8268","","DashboardBaseStyles.html","3","false","73","false","Low","2","uses !important"
"#overviewTwo .o2HealthTileV152","","1-1-0","Overview","1","DashboardBaseStyles.html:6628","","DashboardBaseStyles.html","9","false","72","false","Low","2","uses !important"
"#overviewTwo .o2HealthTileV152 .label","","1-2-0","Overview","1","DashboardBaseStyles.html:6650","","DashboardBaseStyles.html","8","false","1029","false","Low","2","uses !important"
"#overviewTwo .o2HealthTileV152 .sub","","1-2-0","Overview","1","DashboardBaseStyles.html:6669","","DashboardBaseStyles.html","6","false","166","false","Low","2","uses !important"
"#overviewTwo .o2HealthTileV152 .value","","1-2-0","Overview","1","DashboardBaseStyles.html:6661","","DashboardBaseStyles.html","5","false","1683","false","Low","2","uses !important"
"#overviewTwo .o2HealthTileV152.bad","","1-2-0","Overview","1","DashboardBaseStyles.html:6645","","DashboardBaseStyles.html","2","false","130","false","Low","2","uses !important"
"#overviewTwo .o2HealthTileV152.bad .sub","","1-3-0","Overview","1","DashboardBaseStyles.html:6683","","DashboardBaseStyles.html","1","false","224","false","Low","2","uses !important"
"#overviewTwo .o2HealthTileV152.bad .value","","1-3-0","Overview","1","DashboardBaseStyles.html:6683","","DashboardBaseStyles.html","1","false","1741","false","Low","2","uses !important"
"#overviewTwo .o2HealthTileV152.good","","1-2-0","Overview","1","DashboardBaseStyles.html:6640","","DashboardBaseStyles.html","2","false","100","false","Low","2","uses !important"
"#overviewTwo .o2HealthTileV152.good .sub","","1-3-0","Overview","1","DashboardBaseStyles.html:6678","","DashboardBaseStyles.html","1","false","194","false","Low","2","uses !important"
"#overviewTwo .o2HealthTileV152.good .value","","1-3-0","Overview","1","DashboardBaseStyles.html:6678","","DashboardBaseStyles.html","1","false","1711","false","Low","2","uses !important"
"#overviewTwo .o2InactiveBadge","","1-1-0","Overview","1","DashboardBaseStyles.html:7428","","DashboardBaseStyles.html","14","false","73","false","Low","2","uses !important"
"#overviewTwo .o2InsightBodyV152","","1-1-0","Overview","1","DashboardBaseStyles.html:6562","","DashboardBaseStyles.html","7","false","75","false","Low","2","uses !important"
"#overviewTwo .o2InsightBulletV153 .dot","","1-2-0","Overview","1","DashboardBaseStyles.html:6171","","DashboardBaseStyles.html","11","false","76","false","Low","2","uses !important"
"#overviewTwo .o2InsightBulletV153 .label","","1-2-0","Overview","1","DashboardBaseStyles.html:6185","","DashboardBaseStyles.html","4","false","1029","false","Low","2","uses !important"
"#overviewTwo .o2InsightBulletV153 .value","","1-2-0","Overview","1","DashboardBaseStyles.html:6192","","DashboardBaseStyles.html","4","false","1683","false","Low","2","uses !important"
"#overviewTwo .o2InsightBulletV153.bad .dot","","1-3-0","Overview","1","DashboardBaseStyles.html:6204","","DashboardBaseStyles.html","1","false","134","false","Low","2","uses !important"
"#overviewTwo .o2InsightBulletV153.bad .value","","1-3-0","Overview","1","DashboardBaseStyles.html:6204","","DashboardBaseStyles.html","1","false","1741","false","Low","2","uses !important"
"#overviewTwo .o2InsightBulletV153.good .dot","","1-3-0","Overview","1","DashboardBaseStyles.html:6199","","DashboardBaseStyles.html","1","false","104","false","Low","2","uses !important"
"#overviewTwo .o2InsightBulletV153.good .value","","1-3-0","Overview","1","DashboardBaseStyles.html:6199","","DashboardBaseStyles.html","1","false","1711","false","Low","2","uses !important"
"#overviewTwo .o2InsightButtonV153 .chev","","1-2-0","Overview","1","DashboardBaseStyles.html:6070","","DashboardBaseStyles.html","3","false","79","false","Low","2","uses !important"
"#overviewTwo .o2InsightButtonV153 .icon","","1-2-0","Overview","1","DashboardBaseStyles.html:6042","","DashboardBaseStyles.html","11","false","87","false","Low","2","uses !important"
"#overviewTwo .o2InsightButtonV153 .text","","1-2-0","Overview","1","DashboardBaseStyles.html:6061","","DashboardBaseStyles.html","6","false","1063","false","Low","2","uses !important"
"#overviewTwo .o2InsightButtonV153:hover","","1-2-0","Overview","1","DashboardBaseStyles.html:6029","","DashboardBaseStyles.html","3","false","74","false","Low","2","uses !important"
"#overviewTwo .o2InsightButtonV153.active","","1-2-0","Overview","1","DashboardBaseStyles.html:6035","","DashboardBaseStyles.html","4","false","673","false","Low","2","uses !important"
"#overviewTwo .o2InsightButtonV153.active .chev","","1-3-0","Overview","1","DashboardBaseStyles.html:6076","","DashboardBaseStyles.html","1","false","678","false","Low","2","uses !important"
"#overviewTwo .o2InsightButtonV153.active .icon","","1-3-0","Overview","1","DashboardBaseStyles.html:6056","","DashboardBaseStyles.html","2","false","686","false","Low","2","uses !important"
"#overviewTwo .o2InsightCardV152","","1-1-0","Overview","1","DashboardBaseStyles.html:6522","","DashboardBaseStyles.html","11","false","71","false","Low","2","uses !important"
"#overviewTwo .o2InsightCardV152 .o2CardHeader","","1-2-0","Overview","1","DashboardBaseStyles.html:6536","","DashboardBaseStyles.html","5","false","78","false","Low","2","uses !important"
"#overviewTwo .o2InsightCardV152 .o2ChartSubtle","","1-2-0","Overview","1","DashboardBaseStyles.html:6551","","DashboardBaseStyles.html","8","false","80","false","Low","2","uses !important"
"#overviewTwo .o2InsightCardV152 .o2ChartTitle","","1-2-0","Overview","1","DashboardBaseStyles.html:6544","","DashboardBaseStyles.html","4","false","80","false","Low","2","uses !important"
"#overviewTwo .o2InsightLeadV153.bad","","1-2-0","Overview","1","DashboardBaseStyles.html:6145","","DashboardBaseStyles.html","3","false","130","false","Low","2","uses !important"
"#overviewTwo .o2InsightLeadV153.good","","1-2-0","Overview","1","DashboardBaseStyles.html:6139","","DashboardBaseStyles.html","3","false","100","false","Low","2","uses !important"
"#overviewTwo .o2InsightRowV152","","1-1-0","Overview","1","DashboardBaseStyles.html:6578","","DashboardBaseStyles.html","11","false","74","false","Low","2","uses !important"
"#overviewTwo .o2InsightRowV152 .name","","1-2-0","Overview","1","DashboardBaseStyles.html:6592","","DashboardBaseStyles.html","8","false","434","false","Low","2","uses !important"
"#overviewTwo .o2InsightRowV152 .value","","1-2-0","Overview","1","DashboardBaseStyles.html:6603","","DashboardBaseStyles.html","5","false","1685","false","Low","2","uses !important"
"#overviewTwo .o2InsightRowV152 .value.bad","","1-3-0","Overview","1","DashboardBaseStyles.html:6616","","DashboardBaseStyles.html","1","false","1743","false","Low","2","uses !important"
"#overviewTwo .o2InsightRowV152 .value.good","","1-3-0","Overview","1","DashboardBaseStyles.html:6611","","DashboardBaseStyles.html","1","false","1713","false","Low","2","uses !important"
"#overviewTwo .o2InsightRowV152.bad .value","","1-3-0","Overview","1","DashboardBaseStyles.html:6616","","DashboardBaseStyles.html","1","false","1743","false","Low","2","uses !important"
"#overviewTwo .o2InsightRowV152.good .value","","1-3-0","Overview","1","DashboardBaseStyles.html:6611","","DashboardBaseStyles.html","1","false","1713","false","Low","2","uses !important"
"#overviewTwo .o2InsightsBadgeV153","","1-1-0","Overview","1","DashboardBaseStyles.html:6099","","DashboardBaseStyles.html","10","false","72","false","Low","2","uses !important"
"#overviewTwo .o2InsightStatV153 .label","","1-2-0","Overview","1","DashboardBaseStyles.html:6228","","DashboardBaseStyles.html","8","false","1029","false","Low","2","uses !important"
"#overviewTwo .o2InsightStatV153 .sub","","1-2-0","Overview","1","DashboardBaseStyles.html:6249","","DashboardBaseStyles.html","6","false","166","false","Low","2","uses !important"
"#overviewTwo .o2MiniChartGridV150","","1-1-0","Overview","1","DashboardBaseStyles.html:7879","","DashboardBaseStyles.html","2","false","71","false","Low","2","uses !important"
"#overviewTwo .o2MiniChartGridV150 .o2Card","","1-2-0","Overview","1","DashboardBaseStyles.html:7884","","DashboardBaseStyles.html","1","false","88","false","Low","2","uses !important"
"#overviewTwo .o2MiniChartGridV150 .o2ChartBox","","1-2-0","Overview","1","DashboardBaseStyles.html:7888","","DashboardBaseStyles.html","1","false","71","false","Low","2","uses !important"
"#overviewTwo .o2MiniChartGridV150 .o2MiniChartBox","","1-2-0","Overview","1","DashboardBaseStyles.html:7888","","DashboardBaseStyles.html","1","false","71","false","Low","2","uses !important"
"#overviewTwo .o2MonthTileV150.bad","","1-2-0","Overview","1","DashboardBaseStyles.html:5885","","DashboardBaseStyles.html","2","false","129","false","Low","2","uses !important"
"#overviewTwo .o2MonthTileV150.good","","1-2-0","Overview","1","DashboardBaseStyles.html:5877","","DashboardBaseStyles.html","2","false","99","false","Low","2","uses !important"
"#overviewTwo .o2NameCell .customerNameText","","1-2-0","Overview","1","DashboardBaseStyles.html:7453","","DashboardBaseStyles.html","6","false","84","false","Low","2","uses !important"
"#overviewTwo .o2NameCell.customerNameWithBadge","","1-2-0","Overview","1","DashboardBaseStyles.html:7447","","DashboardBaseStyles.html","3","false","74","false","Low","2","uses !important"
"#overviewTwo .o2PaceBarTrackV156","","1-1-0","Overview","1","DashboardBaseStyles.html:7260","","DashboardBaseStyles.html","5","false","72","false","Low","2","uses !important"
"#overviewTwo .o2PaceBarTrackV156 i","","1-1-1","Overview","1","DashboardBaseStyles.html:7268","","DashboardBaseStyles.html","4","false","72","false","Low","2","uses !important"
"#overviewTwo .o2PaceBarTrackV158","","1-1-0","Overview","1","DashboardBaseStyles.html:7658","","DashboardBaseStyles.html","4","false","72","false","Low","2","uses !important"
"#overviewTwo .o2PaceBarTrackV158 i","","1-1-1","Overview","1","DashboardBaseStyles.html:7665","","DashboardBaseStyles.html","4","false","72","false","Low","2","uses !important"
"#overviewTwo .o2PaceEmptyV156","","1-1-0","Overview","1","DashboardBaseStyles.html:7278","","DashboardBaseStyles.html","8","false","72","false","Low","2","uses !important"
"#overviewTwo .o2PaceMonthLabelV156","","1-1-0","Overview","1","DashboardBaseStyles.html:7202","","DashboardBaseStyles.html","10","false","72","false","Low","2","uses !important"
"#overviewTwo .o2PaceMonthlyV156 b","","1-1-1","Overview","1","DashboardBaseStyles.html:7240","","DashboardBaseStyles.html","5","false","72","false","Low","2","uses !important"
"#overviewTwo .o2PaceMonthlyV156 span","","1-1-1","Overview","1","DashboardBaseStyles.html:7231","","DashboardBaseStyles.html","5","false","72","false","Low","2","uses !important"
"#overviewTwo .o2PaceMonthlyV156.bad b","","1-2-1","Overview","1","DashboardBaseStyles.html:7254","","DashboardBaseStyles.html","1","false","130","false","Low","2","uses !important"
"#overviewTwo .o2PaceMonthlyV156.bad span","","1-2-1","Overview","1","DashboardBaseStyles.html:7254","","DashboardBaseStyles.html","1","false","130","false","Low","2","uses !important"
"#overviewTwo .o2PaceMonthlyV156.good b","","1-2-1","Overview","1","DashboardBaseStyles.html:7248","","DashboardBaseStyles.html","1","false","100","false","Low","2","uses !important"
"#overviewTwo .o2PaceMonthlyV156.good span","","1-2-1","Overview","1","DashboardBaseStyles.html:7248","","DashboardBaseStyles.html","1","false","100","false","Low","2","uses !important"
"#overviewTwo .o2PaceMonthlyV158","","1-1-0","Overview","1","DashboardBaseStyles.html:7621","","DashboardBaseStyles.html","5","false","72","false","Low","2","uses !important"
"#overviewTwo .o2PaceMonthV156","","1-1-0","Overview","1","DashboardBaseStyles.html:7189","","DashboardBaseStyles.html","6","false","72","false","Low","2","uses !important"
"#overviewTwo .o2PaceMonthV156:last-child","","1-2-0","Overview","1","DashboardBaseStyles.html:7198","","DashboardBaseStyles.html","1","false","72","false","Low","2","uses !important"
"#overviewTwo .o2PaceMonthV158.bad","","1-2-0","Overview","1","DashboardBaseStyles.html:7608","","DashboardBaseStyles.html","2","false","130","false","Low","2","uses !important"
"#overviewTwo .o2PaceMonthV158.good","","1-2-0","Overview","1","DashboardBaseStyles.html:7603","","DashboardBaseStyles.html","2","false","100","false","Low","2","uses !important"
"#overviewTwo .o2PaceStatV156 strong.bad","","1-2-1","Overview","1","DashboardBaseStyles.html:7147","","DashboardBaseStyles.html","1","false","132","false","Low","2","uses !important"
"#overviewTwo .o2PaceStatV156 strong.good","","1-2-1","Overview","1","DashboardBaseStyles.html:7146","","DashboardBaseStyles.html","1","false","102","false","Low","2","uses !important"
"#overviewTwo .o2PaceYtdV156","","1-1-0","Overview","1","DashboardBaseStyles.html:7215","","DashboardBaseStyles.html","8","false","72","false","Low","2","uses !important"
"#overviewTwo .o2PaceYtdV156 span","","1-1-1","Overview","1","DashboardBaseStyles.html:7231","","DashboardBaseStyles.html","5","false","72","false","Low","2","uses !important"
"#overviewTwo .o2PaceYtdV156.bad .o2PaceBarTrackV156 i","","1-3-1","Overview","1","DashboardBaseStyles.html:7276","","DashboardBaseStyles.html","1","false","131","false","Low","2","uses !important"
"#overviewTwo .o2PaceYtdV156.bad span","","1-2-1","Overview","1","DashboardBaseStyles.html:7254","","DashboardBaseStyles.html","1","false","130","false","Low","2","uses !important"
"#overviewTwo .o2PaceYtdV156.good .o2PaceBarTrackV156 i","","1-3-1","Overview","1","DashboardBaseStyles.html:7275","","DashboardBaseStyles.html","1","false","101","false","Low","2","uses !important"
"#overviewTwo .o2PaceYtdV156.good span","","1-2-1","Overview","1","DashboardBaseStyles.html:7248","","DashboardBaseStyles.html","1","false","100","false","Low","2","uses !important"
"#overviewTwo .o2PaceYtdV158","","1-1-0","Overview","1","DashboardBaseStyles.html:7635","","DashboardBaseStyles.html","7","false","72","false","Low","2","uses !important"
"#overviewTwo .o2PaceYtdV158.bad .o2PaceBarTrackV158 i","","1-3-1","Overview","1","DashboardBaseStyles.html:7673","","DashboardBaseStyles.html","1","false","131","false","Low","2","uses !important"
"#overviewTwo .o2PaceYtdV158.bad b","","1-2-1","Overview","1","DashboardBaseStyles.html:7656","","DashboardBaseStyles.html","1","false","130","false","Low","2","uses !important"
"#overviewTwo .o2PaceYtdV158.good .o2PaceBarTrackV158 i","","1-3-1","Overview","1","DashboardBaseStyles.html:7672","","DashboardBaseStyles.html","1","false","101","false","Low","2","uses !important"
"#overviewTwo .o2PaceYtdV158.good b","","1-2-1","Overview","1","DashboardBaseStyles.html:7655","","DashboardBaseStyles.html","1","false","100","false","Low","2","uses !important"
"#overviewTwo .o2ReadoutTitleBlockV158 .o2ChartSubtle","","1-2-0","Overview","1","DashboardBaseStyles.html:8217","","DashboardBaseStyles.html","1","false","81","false","Low","2","uses !important"
"#overviewTwo .o2RealFilterDeck .customerDropdownPanel","","1-2-0","Overview","1","DashboardBaseStyles.html:5367","","DashboardBaseStyles.html","1","false","106","false","Low","2","uses !important"
"#overviewTwo .o2RealFilterDeck .dropdownButton","","1-2-0","Overview","1","DashboardBaseStyles.html:5348","","DashboardBaseStyles.html","7","false","81","false","Low","2","uses !important"
"#overviewTwo .o2RealFilterDeck .dropdownPanel","","1-2-0","Overview","1","DashboardBaseStyles.html:5361","","DashboardBaseStyles.html","3","false","105","false","Low","2","uses !important"
"#overviewTwo .o2RealFilterDeck .filterCard","","1-2-0","Overview","1","DashboardBaseStyles.html:5336","","DashboardBaseStyles.html","5","false","91","false","Low","2","uses !important"
"#overviewTwo .o2RealFilterDeck .miniLabel","","1-2-0","Overview","1","DashboardBaseStyles.html:5344","","DashboardBaseStyles.html","1","false","76","false","Low","2","uses !important"
"#overviewTwo .o2RealFilterDeck .productDropdownPanel","","1-2-0","Overview","1","DashboardBaseStyles.html:5367","","DashboardBaseStyles.html","1","false","102","false","Low","2","uses !important"
"#overviewTwo .o2SnapshotToneV150.bad","","1-2-0","Overview","1","DashboardBaseStyles.html:5704","","DashboardBaseStyles.html","3","false","130","false","Low","2","uses !important"
"#overviewTwo .o2SnapshotToneV150.good","","1-2-0","Overview","1","DashboardBaseStyles.html:5698","","DashboardBaseStyles.html","3","false","100","false","Low","2","uses !important"
"#overviewTwo .o2StoryTabV158.active","","1-2-0","Overview","1","DashboardBaseStyles.html:7765","","DashboardBaseStyles.html","2","false","673","false","Low","2","uses !important"
"#overviewTwo .o2TopBarChartsV150 .o2CardHeader","","1-2-0","Overview","1","DashboardBaseStyles.html:8313","","DashboardBaseStyles.html","2","false","79","false","Low","2","uses !important"
"#overviewTwo .o2YearRowV150 .delta.bad","","1-3-0","Overview","1","DashboardBaseStyles.html:5808","","DashboardBaseStyles.html","1","false","278","false","Low","2","uses !important"
"#overviewTwo .o2YearRowV150 .delta.good","","1-3-0","Overview","1","DashboardBaseStyles.html:5807","","DashboardBaseStyles.html","1","false","248","false","Low","2","uses !important"
"#overviewTwo .o2YearStackHeaderV150 span","","1-1-1","Overview","1","DashboardBaseStyles.html:5762","","DashboardBaseStyles.html","4","false","72","false","Low","2","uses !important"
"#overviewTwo tr.pinned td","","1-1-2","Overview","1","DashboardBaseStyles.html:5179","","DashboardBaseStyles.html","1","false","117","false","Low","2","uses !important"
"#overviewTwo.o2BossViewV153 .o2DriverSectionV150","","1-2-0","Overview","1","DashboardBaseStyles.html:6258","","DashboardBaseStyles.html","1","false","73","false","Low","2","uses !important"
"#overviewTwo.o2BossViewV153 .o2FeatureDockV153","","1-2-0","Overview","1","DashboardBaseStyles.html:6263","","DashboardBaseStyles.html","1","false","74","false","Low","2","uses !important"
"#overviewTwo.o2BossViewV153 .o2InsightGridV152","","1-2-0","Overview","1","DashboardBaseStyles.html:6267","","DashboardBaseStyles.html","1","false","72","false","Low","2","uses !important"
"#overviewTwo.o2BossViewV153 .o2TopBarChartsV150","","1-2-0","Overview","1","DashboardBaseStyles.html:6258","","DashboardBaseStyles.html","1","false","73","false","Low","2","uses !important"
"#remakeCompactToolbarV6382 .remakeCompactFiltersV6382","@media (max-width:1279px)","1-1-0","Remake","1","RemakeResponsiveStyles.html:360","","RemakeResponsiveStyles.html","10","false","9","false","Low","2","uses !important"
"#remakeCompactToolbarV6382 .remakeCompactFiltersV6382[aria-expanded=""true""]","@media (max-width:1279px)","1-2-0","Remake","1","RemakeResponsiveStyles.html:373","","RemakeResponsiveStyles.html","3","false","9","false","Low","2","uses !important"
"#remakeCompactToolbarV6382 .remakeCompactToolV6382:disabled","@media (max-width:1279px)","1-2-0","Remake","1","RemakeResponsiveStyles.html:343","","RemakeResponsiveStyles.html","2","false","10","false","Low","2","uses !important"
"#remakeCompactToolbarV6382 .remakeCompactToolV6382:focus-visible","@media (max-width:1279px)","1-2-0","Remake","1","RemakeResponsiveStyles.html:334","","RemakeResponsiveStyles.html","4","false","10","false","Low","2","uses !important"
"#remakeCompactToolbarV6382 .remakeCompactToolV6382:hover","@media (max-width:1279px)","1-2-0","Remake","1","RemakeResponsiveStyles.html:334","","RemakeResponsiveStyles.html","4","false","10","false","Low","2","uses !important"
"#remakeCompactToolbarV6382 .remakeCompactToolV6382[aria-expanded=""true""]","@media (max-width:1279px)","1-2-0","Remake","1","RemakeResponsiveStyles.html:334","","RemakeResponsiveStyles.html","4","false","10","false","Low","2","uses !important"
"#remakeFactorPage :is(.remakeCard,.remakeCardV6230,.remakeSectionCardV6230,.remakeTableWrap,.remakeTable,table,tbody,tr,td,th,canvas)","","1-1-0","Remake","1","Index.html:4018","","Index.html","4","false","963","false","Low","2","uses !important"
"#remakeFactorPage :is(button,.remakeButton,.remakeDropdownButtonV6245,.remakeTabToolButtonV6337)","","1-1-0","Remake","1","Index.html:4228","","Index.html","1","false","772","false","Low","2","uses !important"
"#remakeFactorPage :is(button,.remakeButton,.remakeDropdownButtonV6245,.remakeTabToolButtonV6337):active","","1-2-0","Remake","1","Index.html:4238","","Index.html","1","false","772","false","Low","2","uses !important"
"#remakeFactorPage .remakeCanvasOverlayV6300","","1-1-0","Remake","1","Index.html:4034","","Index.html","1","false","732","false","Low","2","uses !important"
"#remakeFactorPage .remakeDropdownPanelV6245","","1-1-0","Remake","1","Index.html:4258","","Index.html","1","false","736","false","Low","2","uses !important"
"#remakeFactorPage .remakeGentleOverlayV6297","","1-1-0","Remake","1","Index.html:4034","","Index.html","1","false","729","false","Low","2","uses !important"
"#remakeFactorPage.cleanRemakeV6230","@media (max-width:1279px)","1-1-0","Remake","1","RemakeResponsiveStyles.html:400","","RemakeResponsiveStyles.html","8","false","1313","false","Low","2","uses !important"
"#remakeFactorPage.cleanRemakeV6230 .ceramistBreakdownBarV6343","@media (max-width:1279px)","1-2-0","Remake","1","RemakeResponsiveStyles.html:692","","RemakeResponsiveStyles.html","8","false","1320","false","Low","2","uses !important"
"#remakeFactorPage.cleanRemakeV6230 .ceramistBreakdownBarV6343 button","@media (max-width:1279px)","1-2-1","Remake","1","RemakeResponsiveStyles.html:708","","RemakeResponsiveStyles.html","3","false","1320","false","Low","2","uses !important"
"#remakeFactorPage.cleanRemakeV6230 .ceramistDetailClickableV6368:focus .ceramistDetailChevronV6368","","1-4-0","Remake","1","Index.html:2707","","Index.html","1","false","1321","false","Low","2","uses !important"
"#remakeFactorPage.cleanRemakeV6230 .ceramistDetailClickableV6368:hover .ceramistDetailChevronV6368","","1-4-0","Remake","1","Index.html:2707","","Index.html","1","false","1321","false","Low","2","uses !important"
"#remakeFactorPage.cleanRemakeV6230 .ceramistDetailLabelV6368","","1-2-0","Remake","1","Index.html:2695","","Index.html","5","false","1314","false","Low","2","uses !important"
"#remakeFactorPage.cleanRemakeV6230 .ceramistDetailSelectionCloseV6368","","1-2-0","Remake","1","Index.html:2642","","Index.html","10","false","1314","false","Low","2","uses !important"
"#remakeFactorPage.cleanRemakeV6230 .ceramistDetailSelectionContextV6368","","1-2-0","Remake","1","Index.html:2680","","Index.html","4","false","1314","false","Low","2","uses !important"
"#remakeFactorPage.cleanRemakeV6230 .ceramistDetailSelectionHeaderV6368","","1-2-0","Remake","1","Index.html:2618","","Index.html","4","false","1314","false","Low","2","uses !important"
"#remakeFactorPage.cleanRemakeV6230 .ceramistDetailSelectionHeadingV6368","","1-2-0","Remake","1","Index.html:2624","","Index.html","4","false","1316","false","Low","2","uses !important"
"#remakeFactorPage.cleanRemakeV6230 .ceramistDetailSelectionHeadingV6368 span","","1-2-1","Remake","1","Index.html:2637","","Index.html","3","false","1316","false","Low","2","uses !important"
"#remakeFactorPage.cleanRemakeV6230 .ceramistDetailSelectionHeadingV6368 strong","","1-2-1","Remake","1","Index.html:2630","","Index.html","5","false","1316","false","Low","2","uses !important"
"#remakeFactorPage.cleanRemakeV6230 .ceramistDetailSelectionMetricsV6368 > div","","1-2-1","Remake","1","Index.html:2660","","Index.html","9","false","1317","false","Low","2","uses !important"
"#remakeFactorPage.cleanRemakeV6230 .ceramistDetailSelectionMetricsV6368 span","","1-2-1","Remake","1","Index.html:2671","","Index.html","2","false","1317","false","Low","2","uses !important"
"#remakeFactorPage.cleanRemakeV6230 .ceramistDetailSelectionMetricsV6368 strong","","1-2-1","Remake","1","Index.html:2675","","Index.html","3","false","1317","false","Low","2","uses !important"
"#remakeFactorPage.cleanRemakeV6230 .ceramistFlagBarV6342","@media (max-width:1279px)","1-2-0","Remake","1","RemakeResponsiveStyles.html:692","","RemakeResponsiveStyles.html","8","false","1319","false","Low","2","uses !important"
"#remakeFactorPage.cleanRemakeV6230 .ceramistFlagBarV6342 button","@media (max-width:1279px)","1-2-1","Remake","1","RemakeResponsiveStyles.html:708","","RemakeResponsiveStyles.html","3","false","1319","false","Low","2","uses !important"
"#remakeFactorPage.cleanRemakeV6230 .ceramistPanelV6343","@media (max-width:1279px)","1-2-0","Remake","1","RemakeResponsiveStyles.html:664","","RemakeResponsiveStyles.html","7","false","1374","false","Low","2","uses !important"
"#remakeFactorPage.cleanRemakeV6230 .ceramistPanelV6343 + .ceramistPanelV6343","@media(max-width:1180px)","1-3-0","Remake","1","Index.html:1879","","Index.html","2","false","1374","false","Low","2","uses !important"
"#remakeFactorPage.cleanRemakeV6230 .ceramistSectionRowV6348 td","","1-2-1","Remake","1","Index.html:1866","","Index.html","9","false","1316","false","Low","2","uses !important"
"#remakeFactorPage.cleanRemakeV6230 .columnHiddenV6357","","1-2-0","Remake","1","Index.html:2223","","Index.html","1","false","1317","false","Low","2","uses !important"
"#remakeFactorPage.cleanRemakeV6230 .remakeCacheActionBarV6338","@media (max-width:1279px)","1-2-0","Remake","1","RemakeResponsiveStyles.html:810","","RemakeResponsiveStyles.html","1","false","1320","false","Low","2","uses !important"
"#remakeFactorPage.cleanRemakeV6230 .remakeCard","@media (max-width:1279px)","1-2-0","Remake","1","RemakeResponsiveStyles.html:664","","RemakeResponsiveStyles.html","7","false","1410","false","Low","2","uses !important"
"#remakeFactorPage.cleanRemakeV6230 .remakeCardActionsV6230","@media (max-width:1279px)","1-2-0","Remake","1","RemakeResponsiveStyles.html:692","","RemakeResponsiveStyles.html","8","false","1326","false","Low","2","uses !important"
"#remakeFactorPage.cleanRemakeV6230 .remakeCardActionsV6230 button","@media (max-width:1279px)","1-2-1","Remake","1","RemakeResponsiveStyles.html:708","","RemakeResponsiveStyles.html","3","false","1326","false","Low","2","uses !important"
"#remakeFactorPage.cleanRemakeV6230 .remakeCardHeader","@media (max-width:1279px)","1-2-0","Remake","1","RemakeResponsiveStyles.html:675","","RemakeResponsiveStyles.html","7","false","1340","false","Low","2","uses !important"
"#remakeFactorPage.cleanRemakeV6230 .remakeCardTitle[data-remake-section-title-v6408]","","1-3-0","Remake","1","Index.html:3211","","Index.html","2","false","1337","false","Low","2","uses !important"
"#remakeFactorPage.cleanRemakeV6230 .remakeCardTitle[data-remake-section-title-v6408]:focus-visible","","1-4-0","Remake","1","Index.html:3216","","Index.html","3","false","1337","false","Low","2","uses !important"
"#remakeFactorPage.cleanRemakeV6230 .remakeChartBoxV6230","@media (max-width:1279px)","1-2-0","Remake","1","RemakeResponsiveStyles.html:717","","RemakeResponsiveStyles.html","8","false","1320","false","Low","2","uses !important"
"#remakeFactorPage.cleanRemakeV6230 .remakeChartModeBarV6230","@media (max-width:1279px)","1-2-0","Remake","1","RemakeResponsiveStyles.html:692","","RemakeResponsiveStyles.html","8","false","1327","false","Low","2","uses !important"
"#remakeFactorPage.cleanRemakeV6230 .remakeChartModeBarV6230 button","@media (max-width:1279px)","1-2-1","Remake","1","RemakeResponsiveStyles.html:708","","RemakeResponsiveStyles.html","3","false","1327","false","Low","2","uses !important"
"#remakeFactorPage.cleanRemakeV6230 .remakeClearAllV6230","@media (max-width:1279px)","1-2-0","Remake","1","RemakeResponsiveStyles.html:584","","RemakeResponsiveStyles.html","3","false","1317","false","Low","2","uses !important"
"#remakeFactorPage.cleanRemakeV6230 .remakeColumnChooserButtonV6357","","1-2-0","Remake","1","Index.html:2227","","Index.html","10","false","1314","false","Low","2","uses !important"
"#remakeFactorPage.cleanRemakeV6230 .remakeColumnChooserButtonV6357.hasHiddenColumnsV6357","","1-3-0","Remake","1","Index.html:2240","","Index.html","3","false","1315","false","Low","2","uses !important"
"#remakeFactorPage.cleanRemakeV6230 .remakeCustomerBreakdownEmptyV6503","","1-2-0","Remake","1","Index.html:330","","Index.html","8","false","1313","false","Low","2","uses !important"
"#remakeFactorPage.cleanRemakeV6230 .remakeCustomerBreakdownHeadingV6503","","1-2-0","Remake","1","Index.html:340","","Index.html","5","false","1313","false","Low","2","uses !important"
"#remakeFactorPage.cleanRemakeV6230 .remakeCustomerBreakdownHeadingV6503 span","","1-2-1","Remake","1","Index.html:352","","Index.html","4","false","1313","false","Low","2","uses !important"
"#remakeFactorPage.cleanRemakeV6230 .remakeCustomerBreakdownHeadingV6503 strong","","1-2-1","Remake","1","Index.html:347","","Index.html","3","false","1313","false","Low","2","uses !important"
"#remakeFactorPage.cleanRemakeV6230 .remakeCustomerBreakdownMetricV6503","","1-2-0","Remake","1","Index.html:365","","Index.html","5","false","1313","false","Low","2","uses !important"
"#remakeFactorPage.cleanRemakeV6230 .remakeCustomerBreakdownMetricV6503 span","","1-2-1","Remake","1","Index.html:372","","Index.html","9","false","1313","false","Low","2","uses !important"
"#remakeFactorPage.cleanRemakeV6230 .remakeCustomerBreakdownMetricV6503 strong","","1-2-1","Remake","1","Index.html:383","","Index.html","4","false","1313","false","Low","2","uses !important"
"#remakeFactorPage.cleanRemakeV6230 .remakeCustomerBreakdownMetricV6503.responsibilityV6503 strong","","1-3-1","Remake","1","Index.html:389","","Index.html","1","false","1313","false","Low","2","uses !important"
"#remakeFactorPage.cleanRemakeV6230 .remakeCustomerDetailEmptyChartV6503","","1-2-0","Remake","1","Index.html:399","","Index.html","9","false","1314","false","Low","2","uses !important"
"#remakeFactorPage.cleanRemakeV6230 .remakeCustomerDetailPanelV6503","","1-2-0","Remake","1","Index.html:314","","Index.html","8","false","1314","false","Low","2","uses !important"
"#remakeFactorPage.cleanRemakeV6230 .remakeCustomerResponsibilitySummaryV6502","","1-2-0","Remake","1","Index.html:324","","Index.html","4","false","1316","false","Low","2","uses !important"
"#remakeFactorPage.cleanRemakeV6230 .remakeCustomerSplitV6230","@media (max-width:1279px)","1-2-0","Remake","1","RemakeResponsiveStyles.html:651","","RemakeResponsiveStyles.html","8","false","1318","false","Low","2","uses !important"
"#remakeFactorPage.cleanRemakeV6230 .remakeDropdownButtonV6245","@media (min-width: 981px)","1-2-0","Remake","1","Index.html:194","","Index.html","8","false","1325","false","Low","2","uses !important"
"#remakeFactorPage.cleanRemakeV6230 .remakeDropdownButtonV6245.active","@media (min-width: 981px)","1-3-0","Remake","1","Index.html:204","","Index.html","1","false","1924","false","Low","2","uses !important"
"#remakeFactorPage.cleanRemakeV6230 .remakeDropdownCountV6245","","1-2-0","Remake","1","Index.html:3059","","Index.html","13","false","1317","false","Low","2","uses !important"
"#remakeFactorPage.cleanRemakeV6230 .remakeDropdownListV6245","@media (max-width:1279px)","1-2-0","Remake","1","RemakeResponsiveStyles.html:547","","RemakeResponsiveStyles.html","2","false","1317","false","Low","2","uses !important"
"#remakeFactorPage.cleanRemakeV6230 .remakeDropdownPanelV6245","@media (max-width:1279px)","1-2-0","Remake","1","RemakeResponsiveStyles.html:532","","RemakeResponsiveStyles.html","12","false","1322","false","Low","2","uses !important"
"#remakeFactorPage.cleanRemakeV6230 .remakeDropdownRowV6245","@media (max-width:1279px)","1-2-0","Remake","1","RemakeResponsiveStyles.html:552","","RemakeResponsiveStyles.html","2","false","1320","false","Low","2","uses !important"
"#remakeFactorPage.cleanRemakeV6230 .remakeFilter","@media (min-width: 981px)","1-2-0","Remake","1","Index.html:176","","Index.html","5","false","1358","false","Low","2","uses !important"
"#remakeFactorPage.cleanRemakeV6230 .remakeFilter .remakeDropdownHeaderV6245 label.remakeVisibleToggleV6502","","1-4-1","Remake","1","Index.html:262","","Index.html","23","false","1367","false","Low","2","uses !important"
"#remakeFactorPage.cleanRemakeV6230 .remakeFilter .remakeDropdownHeaderV6245 label.remakeVisibleToggleV6502 input","","1-4-2","Remake","1","Index.html:288","","Index.html","9","false","1367","false","Low","2","uses !important"
"#remakeFactorPage.cleanRemakeV6230 .remakeFilter label","@media (min-width: 981px)","1-2-1","Remake","1","Index.html:183","","Index.html","9","false","1358","false","Low","2","uses !important"
"#remakeFactorPage.cleanRemakeV6230 .remakeFooterStampV6338","@media (max-width:1279px)","1-2-0","Remake","1","RemakeResponsiveStyles.html:814","","RemakeResponsiveStyles.html","7","false","1316","false","Low","2","uses !important"
"#remakeFactorPage.cleanRemakeV6230 .remakeGlobalSearchBarV6304 > .remakeGlobalSearchButtonV6304","@media (max-width:1279px)","1-3-0","Remake","1","RemakeResponsiveStyles.html:442","","RemakeResponsiveStyles.html","1","false","1328","false","Low","2","uses !important"
"#remakeFactorPage.cleanRemakeV6230 .remakeGlobalSearchButtonV6304","@media (min-width: 981px)","1-2-0","Remake","1","Index.html:211","","Index.html","2","false","1324","false","Low","2","uses !important"
"#remakeFactorPage.cleanRemakeV6230 .remakeGlobalSearchPanelV6304","@media (max-width:1279px)","1-2-0","Remake","1","RemakeResponsiveStyles.html:446","","RemakeResponsiveStyles.html","11","false","1322","false","Low","2","uses !important"
"#remakeFactorPage.cleanRemakeV6230 .remakeGridV6230","@media (max-width:1279px)","1-2-0","Remake","1","RemakeResponsiveStyles.html:651","","RemakeResponsiveStyles.html","8","false","1322","false","Low","2","uses !important"
"#remakeFactorPage.cleanRemakeV6230 .remakeKpi .sub","@media (max-width:1279px)","1-3-0","Remake","1","RemakeResponsiveStyles.html:633","","RemakeResponsiveStyles.html","7","false","1503","false","Low","2","uses !important"
"#remakeFactorPage.cleanRemakeV6230 .remakeKpi .value","@media (max-width:1279px)","1-3-0","Remake","1","RemakeResponsiveStyles.html:627","","RemakeResponsiveStyles.html","3","false","3020","false","Low","2","uses !important"
"#remakeFactorPage.cleanRemakeV6230 .remakeKpiAreaV6406 .remakeKpiChooserButtonV6403","","1-3-0","Remake","1","Index.html:3711","","Index.html","14","false","1319","false","Low","2","uses !important"
"#remakeFactorPage.cleanRemakeV6230 .remakeKpiAreaV6406 .remakeKpiChooserButtonV6403:focus-visible","","1-4-0","Remake","1","Index.html:3728","","Index.html","4","false","1319","false","Low","2","uses !important"
"#remakeFactorPage.cleanRemakeV6230 .remakeKpiAreaV6406 .remakeKpiChooserButtonV6403:hover","","1-4-0","Remake","1","Index.html:3728","","Index.html","4","false","1319","false","Low","2","uses !important"
"#remakeFactorPage.cleanRemakeV6230 .remakeKpiAreaV6406 .remakeKpiChooserButtonV6403.hasHiddenKpisV6403","","1-4-0","Remake","1","Index.html:3736","","Index.html","3","false","1321","false","Low","2","uses !important"
"#remakeFactorPage.cleanRemakeV6230 .remakeKpiAreaV6406 .remakeKpiChooserButtonV6403.hasHiddenKpisV6403::after","","1-4-1","Remake","1","Index.html:3742","","Index.html","10","false","1321","false","Low","2","uses !important"
"#remakeFactorPage.cleanRemakeV6230 .remakeKpiAreaV6406 .remakeKpiToolbarV6403","","1-3-0","Remake","1","Index.html:3696","","Index.html","12","false","1319","false","Low","2","uses !important"
"#remakeFactorPage.cleanRemakeV6230 .remakeKpiChooserButtonV6403","","1-2-0","Remake","1","Index.html:3521","","Index.html","9","false","1316","false","Low","2","uses !important"
"#remakeFactorPage.cleanRemakeV6230 .remakeKpiChooserButtonV6403:focus-visible","","1-3-0","Remake","1","Index.html:3533","","Index.html","3","false","1316","false","Low","2","uses !important"
"#remakeFactorPage.cleanRemakeV6230 .remakeKpiChooserButtonV6403:hover","","1-3-0","Remake","1","Index.html:3533","","Index.html","3","false","1316","false","Low","2","uses !important"
"#remakeFactorPage.cleanRemakeV6230 .remakeKpiChooserButtonV6403.hasHiddenKpisV6403","","1-3-0","Remake","1","Index.html:3540","","Index.html","3","false","1318","false","Low","2","uses !important"
"#remakeFactorPage.cleanRemakeV6230 .remakeKpiControlsV6279","@media (max-width:1279px)","1-2-0","Remake","1","RemakeResponsiveStyles.html:643","","RemakeResponsiveStyles.html","5","false","1323","false","Low","2","uses !important"
"#remakeFactorPage.cleanRemakeV6230 .remakeKpiHiddenV6403","","1-2-0","Remake","1","Index.html:3568","","Index.html","1","false","1315","false","Low","2","uses !important"
"#remakeFactorPage.cleanRemakeV6230 .remakeKpisAllHiddenV6403","","1-2-0","Remake","1","Index.html:3572","","Index.html","1","false","1315","false","Low","2","uses !important"
"#remakeFactorPage.cleanRemakeV6230 .remakeKpisV6230 > .remakeKpi:last-of-type","@media (max-width:1279px)","1-4-0","Remake","1","RemakeResponsiveStyles.html:616","","RemakeResponsiveStyles.html","1","false","1416","false","Low","2","uses !important"
"#remakeFactorPage.cleanRemakeV6230 .remakeKpiToolbarV6403","","1-2-0","Remake","1","Index.html:3513","","Index.html","5","false","1316","false","Low","2","uses !important"
"#remakeFactorPage.cleanRemakeV6230 .remakeOverviewChartBox","@media (max-width:1279px)","1-2-0","Remake","1","RemakeResponsiveStyles.html:717","","RemakeResponsiveStyles.html","8","false","1317","false","Low","2","uses !important"
"#remakeFactorPage.cleanRemakeV6230 .remakePageFooterV6338","@media (max-width:1279px)","1-2-0","Remake","1","RemakeResponsiveStyles.html:799","","RemakeResponsiveStyles.html","8","false","1316","false","Low","2","uses !important"
"#remakeFactorPage.cleanRemakeV6230 .remakePillsV6230:empty","@media (max-width:1279px)","1-3-0","Remake","1","RemakeResponsiveStyles.html:565","","RemakeResponsiveStyles.html","1","false","1320","false","Low","2","uses !important"
"#remakeFactorPage.cleanRemakeV6230 .remakePillV6230","@media (max-width:1279px)","1-2-0","Remake","1","RemakeResponsiveStyles.html:584","","RemakeResponsiveStyles.html","3","false","1320","false","Low","2","uses !important"
"#remakeFactorPage.cleanRemakeV6230 .remakeResponsibilityEmptyV6504","","1-2-0","Remake","1","Index.html:439","","Index.html","8","false","1315","false","Low","2","uses !important"
"#remakeFactorPage.cleanRemakeV6230 .remakeResponsibilityHeaderV6504","","1-2-0","Remake","1","Index.html:429","","Index.html","5","false","1314","false","Low","2","uses !important"
"#remakeFactorPage.cleanRemakeV6230 .remakeResponsibilityKickerV6504","","1-2-0","Remake","1","Index.html:430","","Index.html","5","false","1314","false","Low","2","uses !important"
"#remakeFactorPage.cleanRemakeV6230 .remakeResponsibilityMetricsV6504","","1-2-0","Remake","1","Index.html:433","","Index.html","5","false","1314","false","Low","2","uses !important"
"#remakeFactorPage.cleanRemakeV6230 .remakeResponsibilityMetricV6504","","1-2-0","Remake","1","Index.html:434","","Index.html","5","false","1321","false","Low","2","uses !important"
"#remakeFactorPage.cleanRemakeV6230 .remakeResponsibilityMetricV6504 span","","1-2-1","Remake","1","Index.html:435","","Index.html","9","false","1321","false","Low","2","uses !important"
"#remakeFactorPage.cleanRemakeV6230 .remakeResponsibilityMetricV6504 strong","","1-2-1","Remake","1","Index.html:436","","Index.html","4","false","1321","false","Low","2","uses !important"
"#remakeFactorPage.cleanRemakeV6230 .remakeResponsibilityMetricV6504.shareV6504 strong","","1-3-1","Remake","1","Index.html:437","","Index.html","1","false","1324","false","Low","2","uses !important"
"#remakeFactorPage.cleanRemakeV6230 .remakeResponsibilityMultipleV6504","","1-2-0","Remake","1","Index.html:439","","Index.html","8","false","1314","false","Low","2","uses !important"
"#remakeFactorPage.cleanRemakeV6230 .remakeResponsibilityNameV6504","","1-2-0","Remake","1","Index.html:431","","Index.html","5","false","1314","false","Low","2","uses !important"
"#remakeFactorPage.cleanRemakeV6230 .remakeResponsibilityRateNoteV6504","","1-2-0","Remake","1","Index.html:438","","Index.html","3","false","1314","false","Low","2","uses !important"
"#remakeFactorPage.cleanRemakeV6230 .remakeResponsibilityTypeV6504","","1-2-0","Remake","1","Index.html:432","","Index.html","4","false","1314","false","Low","2","uses !important"
"#remakeFactorPage.cleanRemakeV6230 .remakeSectionChevronV6402","","1-2-0","Remake","1","Index.html:3222","","Index.html","6","false","1314","false","Low","2","uses !important"
"#remakeFactorPage.cleanRemakeV6230 .remakeSectionCollapsedV6402","","1-2-0","Remake","1","Index.html:3232","","Index.html","4","false","1314","false","Low","2","uses !important"
"#remakeFactorPage.cleanRemakeV6230 .remakeSectionCollapsedV6402 .remakeSectionChevronV6402","","1-3-0","Remake","1","Index.html:3254","","Index.html","1","false","1315","false","Low","2","uses !important"
"#remakeFactorPage.cleanRemakeV6230 .remakeSectionCollapsedV6402 > :not(.remakeCardHeader)","","1-3-0","Remake","1","Index.html:3246","","Index.html","1","false","1341","false","Low","2","uses !important"
"#remakeFactorPage.cleanRemakeV6230 .remakeSectionCollapsedV6402 > .remakeCardHeader","","1-3-0","Remake","1","Index.html:3250","","Index.html","1","false","1341","false","Low","2","uses !important"
"#remakeFactorPage.cleanRemakeV6230 .remakeSectionToggleV6402:focus-visible","","1-3-0","Remake","1","Index.html:3202","","Index.html","3","false","1314","false","Low","2","uses !important"
"#remakeFactorPage.cleanRemakeV6230 .remakeSectionToggleV6402:hover","","1-3-0","Remake","1","Index.html:3202","","Index.html","3","false","1314","false","Low","2","uses !important"
"#remakeFactorPage.cleanRemakeV6230 .remakeShellV6230","@media (max-width:1279px)","1-2-0","Remake","1","RemakeResponsiveStyles.html:411","","RemakeResponsiveStyles.html","11","false","1317","false","Low","2","uses !important"
"#remakeFactorPage.cleanRemakeV6230 .remakeShellV6230 > #remakePillsV6230 .remakeClearAllV6230","","2-3-0","Remake","1","Index.html:4509","","Index.html","1","false","1328","false","Low","2","uses !important"
"#remakeFactorPage.cleanRemakeV6230 .remakeShellV6230 > #remakePillsV6230 .remakePillV6230","","2-3-0","Remake","1","Index.html:4509","","Index.html","1","false","1331","false","Low","2","uses !important"
"#remakeFactorPage.cleanRemakeV6230 .remakeShellV6230 > #remakePillsV6230.remakePillsV6230:empty","","2-4-0","Remake","1","Index.html:4503","","Index.html","3","false","1324","false","Low","2","uses !important"
"#remakeFactorPage.cleanRemakeV6230 .remakeTable .ceramistNoteBadgeV6343","","1-3-0","Remake","1","Index.html:2216","","Index.html","2","false","1432","false","Low","2","uses !important"
"#remakeFactorPage.cleanRemakeV6230 .remakeTable .customerNameText","","1-3-0","Remake","1","Index.html:2209","","Index.html","2","false","1440","false","Low","2","uses !important"
"#remakeFactorPage.cleanRemakeV6230 .remakeTable .inactiveBadge","","1-3-0","Remake","1","Index.html:2216","","Index.html","2","false","1446","false","Low","2","uses !important"
"#remakeFactorPage.cleanRemakeV6230 .remakeTable .productNameText","","1-3-0","Remake","1","Index.html:2209","","Index.html","2","false","1429","false","Low","2","uses !important"
"#remakeFactorPage.cleanRemakeV6230 .remakeTable .remakeNameText","","1-3-0","Remake","1","Index.html:2209","","Index.html","2","false","1429","false","Low","2","uses !important"
"#remakeFactorPage.cleanRemakeV6230 .remakeTable tbody td","","1-2-2","Remake","1","Index.html:2200","","Index.html","6","false","1429","false","Low","2","uses !important"
"#remakeFactorPage.cleanRemakeV6230 .remakeTable tbody tr:nth-child(even) td:first-child","@media (max-width:1279px)","1-4-3","Remake","1","RemakeResponsiveStyles.html:795","","RemakeResponsiveStyles.html","1","false","1429","false","Low","2","uses !important"
"#remakeFactorPage.cleanRemakeV6230 .remakeTable tbody tr:nth-child(odd) td:first-child","@media (max-width:1279px)","1-4-3","Remake","1","RemakeResponsiveStyles.html:791","","RemakeResponsiveStyles.html","1","false","1429","false","Low","2","uses !important"
"#remakeFactorPage.cleanRemakeV6230 .remakeTable tbody tr.clickable:hover > td","","1-4-3","Remake","1","Index.html:4579","","Index.html","2","false","1456","false","Low","2","uses !important"
"#remakeFactorPage.cleanRemakeV6230 .remakeTable tbody tr.clickable:hover > td:first-child","","1-5-3","Remake","1","Index.html:4579","","Index.html","2","false","1456","false","Low","2","uses !important"
"#remakeFactorPage.cleanRemakeV6230 .remakeTable tbody tr.dimmedV6266:hover > td","","1-4-3","Remake","1","Index.html:4592","","Index.html","1","false","1437","false","Low","2","uses !important"
"#remakeFactorPage.cleanRemakeV6230 .remakeTable tbody tr.dimmedV6266:hover > td:first-child","","1-5-3","Remake","1","Index.html:4592","","Index.html","1","false","1437","false","Low","2","uses !important"
"#remakeFactorPage.cleanRemakeV6230 .remakeTable tbody tr.selectedPinnedV6311:hover > td","","1-4-3","Remake","1","Index.html:4585","","Index.html","1","false","1436","false","Low","2","uses !important"
"#remakeFactorPage.cleanRemakeV6230 .remakeTable tbody tr.selectedPinnedV6311:hover > td:first-child","","1-5-3","Remake","1","Index.html:4585","","Index.html","1","false","1436","false","Low","2","uses !important"
"#remakeFactorPage.cleanRemakeV6230 .remakeTable tbody tr.selectedV6230:hover > td","","1-4-3","Remake","1","Index.html:4585","","Index.html","1","false","1444","false","Low","2","uses !important"
"#remakeFactorPage.cleanRemakeV6230 .remakeTable tbody tr.selectedV6230:hover > td:first-child","","1-5-3","Remake","1","Index.html:4585","","Index.html","1","false","1444","false","Low","2","uses !important"
"#remakeFactorPage.cleanRemakeV6230 .remakeTable td","@media (max-width:1279px)","1-2-1","Remake","1","RemakeResponsiveStyles.html:768","","RemakeResponsiveStyles.html","5","false","1429","false","Low","2","uses !important"
"#remakeFactorPage.cleanRemakeV6230 .remakeTable td:first-child","@media (max-width:1279px)","1-3-1","Remake","1","RemakeResponsiveStyles.html:777","","RemakeResponsiveStyles.html","5","false","1429","false","Low","2","uses !important"
"#remakeFactorPage.cleanRemakeV6230 .remakeTable th","@media (max-width:1279px)","1-2-1","Remake","1","RemakeResponsiveStyles.html:768","","RemakeResponsiveStyles.html","5","false","1429","false","Low","2","uses !important"
"#remakeFactorPage.cleanRemakeV6230 .remakeTable th:first-child","@media (max-width:1279px)","1-3-1","Remake","1","RemakeResponsiveStyles.html:777","","RemakeResponsiveStyles.html","5","false","1429","false","Low","2","uses !important"
"#remakeFactorPage.cleanRemakeV6230 .remakeTable thead th","","1-2-2","Remake","1","Index.html:2189","","Index.html","8","false","1429","false","Low","2","uses !important"
"#remakeFactorPage.cleanRemakeV6230 .remakeTable thead th:first-child","@media (max-width:1279px)","1-3-2","Remake","1","RemakeResponsiveStyles.html:786","","RemakeResponsiveStyles.html","2","false","1429","false","Low","2","uses !important"
"#remakeFactorPage.cleanRemakeV6230 .remakeTable:not(.compareColumnsV6301)","","1-3-0","Remake","1","Index.html:2051","","Index.html","6","false","1648","false","Low","2","uses !important"
"#remakeFactorPage.cleanRemakeV6230 .remakeTable:not(.compareColumnsV6301) .ceramistNoteBadgeV6343","","1-4-0","Remake","1","Index.html:2087","","Index.html","2","false","1651","false","Low","2","uses !important"
"#remakeFactorPage.cleanRemakeV6230 .remakeTable:not(.compareColumnsV6301) .customerNameText","","1-4-0","Remake","1","Index.html:2080","","Index.html","2","false","1659","false","Low","2","uses !important"
"#remakeFactorPage.cleanRemakeV6230 .remakeTable:not(.compareColumnsV6301) .inactiveBadge","","1-4-0","Remake","1","Index.html:2087","","Index.html","2","false","1665","false","Low","2","uses !important"
"#remakeFactorPage.cleanRemakeV6230 .remakeTable:not(.compareColumnsV6301) .productNameText","","1-4-0","Remake","1","Index.html:2080","","Index.html","2","false","1648","false","Low","2","uses !important"
"#remakeFactorPage.cleanRemakeV6230 .remakeTable:not(.compareColumnsV6301) .remakeNameText","","1-4-0","Remake","1","Index.html:2080","","Index.html","2","false","1648","false","Low","2","uses !important"
"#remakeFactorPage.cleanRemakeV6230 .remakeTable:not(.compareColumnsV6301) tbody td","","1-3-2","Remake","1","Index.html:2071","","Index.html","6","false","1648","false","Low","2","uses !important"
"#remakeFactorPage.cleanRemakeV6230 .remakeTable:not(.compareColumnsV6301) thead th","","1-3-2","Remake","1","Index.html:2060","","Index.html","8","false","1648","false","Low","2","uses !important"
"#remakeFactorPage.cleanRemakeV6230 .remakeTableWrap:has(#remakeCustomerTable)","@media(min-width:981px)","2-2-0","Remake","1","Index.html:2105","","Index.html","1","false","1426","false","Low","2","uses !important"
"#remakeFactorPage.cleanRemakeV6230 .remakeTableWrap:has(#remakeDepartmentTable)","@media(min-width:981px)","2-2-0","Remake","1","Index.html:2105","","Index.html","1","false","1411","false","Low","2","uses !important"
"#remakeFactorPage.cleanRemakeV6230 .remakeTableWrap:has(#remakeProductTable)","@media(min-width:981px)","2-2-0","Remake","1","Index.html:2105","","Index.html","1","false","1433","false","Low","2","uses !important"
"#remakeFactorPage.cleanRemakeV6230 .remakeTableWrap:has(#remakeReasonTable)","@media(min-width:981px)","2-2-0","Remake","1","Index.html:2105","","Index.html","1","false","1350","false","Low","2","uses !important"
"#remakeFactorPage.cleanRemakeV6230 .remakeTrendCanvasWrapV6230","@media (max-width:1279px)","1-2-0","Remake","1","RemakeResponsiveStyles.html:717","","RemakeResponsiveStyles.html","8","false","1315","false","Low","2","uses !important"
"#remakeFactorPage.cleanRemakeV6230 .remakeVisibleToggleV6502:has(input:checked)","","1-3-1","Remake","1","Index.html:300","","Index.html","3","false","1317","false","Low","2","uses !important"
"#remakeFactorPage.cleanRemakeV6230 .remakeVisibleToggleV6502:has(input:indeterminate)","","1-3-1","Remake","1","Index.html:300","","Index.html","3","false","1317","false","Low","2","uses !important"
"#remakeFactorPage.cleanRemakeV6230 #remakeCeramistCardV6342 .ceramistPreviewMetaV6342","","2-2-0","Remake","1","Index.html:2605","","Index.html","1","false","1329","false","Low","2","uses !important"
"#remakeFactorPage.cleanRemakeV6230 #remakeCeramistCardV6342 .ceramistTopControlsV6351","","2-2-0","Remake","1","Index.html:2608","","Index.html","1","false","1348","false","Low","2","uses !important"
"#remakeFactorPage.cleanRemakeV6230 #remakeCeramistCardV6342.remakeSectionCollapsedV6402","","2-2-0","Remake","1","Index.html:3239","","Index.html","3","false","1323","false","Low","2","uses !important"
"#remakeFactorPage.cleanRemakeV6230 #remakeCeramistDetailTableV6343 tbody tr.ceramistDetailClickableV6368:nth-child(even):hover td","","2-4-3","Remake","1","Index.html:2692","","Index.html","1","false","1332","false","Low","2","uses !important"
"#remakeFactorPage.cleanRemakeV6230 #remakeCeramistDetailTableV6343 tbody tr.ceramistDetailClickableV6368:nth-child(odd):hover td","","2-4-3","Remake","1","Index.html:2689","","Index.html","1","false","1332","false","Low","2","uses !important"
"#remakeFactorPage.cleanRemakeV6230 #remakeCeramistDetailTableV6343 tbody tr.ceramistDetailSelectedV6368 td","","2-2-3","Remake","1","Index.html:2711","","Index.html","2","false","1327","false","Low","2","uses !important"
"#remakeFactorPage.cleanRemakeV6230 #remakeCeramistDetailTableV6343 td","","2-1-1","Remake","1","Index.html:1832","","Index.html","7","false","1326","false","Low","2","uses !important"
"#remakeFactorPage.cleanRemakeV6230 #remakeCeramistDetailTableV6343 td:nth-child(1)","","2-2-1","Remake","1","Index.html:1856","","Index.html","2","false","1326","false","Low","2","uses !important"
"#remakeFactorPage.cleanRemakeV6230 #remakeCeramistDetailTableV6343 td:nth-child(2)","","2-2-1","Remake","1","Index.html:1858","","Index.html","2","false","1326","false","Low","2","uses !important"
"#remakeFactorPage.cleanRemakeV6230 #remakeCeramistDetailTableV6343 td:nth-child(3)","","2-2-1","Remake","1","Index.html:1860","","Index.html","2","false","1326","false","Low","2","uses !important"
"#remakeFactorPage.cleanRemakeV6230 #remakeCeramistDetailTableV6343 td:nth-child(4)","","2-2-1","Remake","1","Index.html:1862","","Index.html","2","false","1326","false","Low","2","uses !important"
"#remakeFactorPage.cleanRemakeV6230 #remakeCeramistDetailTableV6343 td:nth-child(5)","","2-2-1","Remake","1","Index.html:1864","","Index.html","2","false","1326","false","Low","2","uses !important"
"#remakeFactorPage.cleanRemakeV6230 #remakeCeramistDetailTableV6343 th","","2-1-1","Remake","1","Index.html:1832","","Index.html","7","false","1326","false","Low","2","uses !important"
"#remakeFactorPage.cleanRemakeV6230 #remakeCeramistDetailTableV6343 th:nth-child(1)","","2-2-1","Remake","1","Index.html:1856","","Index.html","2","false","1326","false","Low","2","uses !important"
"#remakeFactorPage.cleanRemakeV6230 #remakeCeramistDetailTableV6343 th:nth-child(2)","","2-2-1","Remake","1","Index.html:1858","","Index.html","2","false","1326","false","Low","2","uses !important"
"#remakeFactorPage.cleanRemakeV6230 #remakeCeramistDetailTableV6343 th:nth-child(3)","","2-2-1","Remake","1","Index.html:1860","","Index.html","2","false","1326","false","Low","2","uses !important"
"#remakeFactorPage.cleanRemakeV6230 #remakeCeramistDetailTableV6343 th:nth-child(4)","","2-2-1","Remake","1","Index.html:1862","","Index.html","2","false","1326","false","Low","2","uses !important"
"#remakeFactorPage.cleanRemakeV6230 #remakeCeramistDetailTableV6343 th:nth-child(5)","","2-2-1","Remake","1","Index.html:1864","","Index.html","2","false","1326","false","Low","2","uses !important"
"#remakeFactorPage.cleanRemakeV6230 #remakeCeramistTableV6342 tbody tr.ceramistPinnedWorkerV6361 > td:first-child","@media (min-width:761px)","2-3-3","Remake","1","Index.html:2457","","Index.html","3","false","1335","false","Low","2","uses !important"
"#remakeFactorPage.cleanRemakeV6230 #remakeCeramistTableV6342 tbody tr.ceramistSectionRowV6348:nth-child(even) > td","","2-3-3","Remake","1","Index.html:2422","","Index.html","1","false","1337","false","Low","2","uses !important"
"#remakeFactorPage.cleanRemakeV6230 #remakeCeramistTableV6342 tbody tr.ceramistSectionRowV6348:nth-child(odd) > td","","2-3-3","Remake","1","Index.html:2422","","Index.html","1","false","1337","false","Low","2","uses !important"
"#remakeFactorPage.cleanRemakeV6230 #remakeCeramistTableV6342 tbody tr.ceramistSelectedV6343 td","","2-2-3","Remake","1","Index.html:2095","","Index.html","2","false","1340","false","Low","2","uses !important"
"#remakeFactorPage.cleanRemakeV6230 #remakeCeramistTableV6342 td","","2-1-1","Remake","1","Index.html:1832","","Index.html","7","false","1334","false","Low","2","uses !important"
"#remakeFactorPage.cleanRemakeV6230 #remakeCeramistTableV6342 th","","2-1-1","Remake","1","Index.html:1832","","Index.html","7","false","1334","false","Low","2","uses !important"
"#remakeFactorPage.cleanRemakeV6230 #remakeCeramistTableV6342 thead th:first-child","@media (min-width:761px)","2-2-2","Remake","1","Index.html:2444","","Index.html","1","false","1334","false","Low","2","uses !important"
"#remakeFactorPage.cleanRemakeV6230 #remakeCustomerCardV6230.remakeSectionCollapsedV6402","","2-2-0","Remake","1","Index.html:3239","","Index.html","3","false","1325","false","Low","2","uses !important"
"#remakeFactorPage.cleanRemakeV6230 #remakeCustomerTable:not(.compareColumnsV6301)","","2-2-0","Remake","1","Index.html:410","","Index.html","1","false","1622","false","Low","2","uses !important"
"#remakeFactorPage.cleanRemakeV6230 #remakeCustomerTable:not(.compareColumnsV6301) td","@media(min-width:981px)","2-2-1","Remake","1","Index.html:2113","","Index.html","2","false","1622","false","Low","2","uses !important"
"#remakeFactorPage.cleanRemakeV6230 #remakeCustomerTable:not(.compareColumnsV6301) td:first-child","@media(min-width:981px)","2-3-1","Remake","1","Index.html:2149","","Index.html","4","false","1622","false","Low","2","uses !important"
"#remakeFactorPage.cleanRemakeV6230 #remakeCustomerTable:not(.compareColumnsV6301) td:not(:first-child)","@media(min-width:981px)","2-3-1","Remake","1","Index.html:2156","","Index.html","1","false","1622","false","Low","2","uses !important"
"#remakeFactorPage.cleanRemakeV6230 #remakeCustomerTable:not(.compareColumnsV6301) th","@media(min-width:981px)","2-2-1","Remake","1","Index.html:2113","","Index.html","2","false","1622","false","Low","2","uses !important"
"#remakeFactorPage.cleanRemakeV6230 #remakeCustomerTable:not(.compareColumnsV6301) th:first-child","@media(min-width:981px)","2-3-1","Remake","1","Index.html:2149","","Index.html","4","false","1622","false","Low","2","uses !important"
"#remakeFactorPage.cleanRemakeV6230 #remakeCustomerTable:not(.compareColumnsV6301) th:not(:first-child)","@media(min-width:981px)","2-3-1","Remake","1","Index.html:2156","","Index.html","1","false","1622","false","Low","2","uses !important"
"#remakeFactorPage.cleanRemakeV6230 #remakeCustomerTable.compareColumnsV6301","","2-2-0","Remake","1","Index.html:413","","Index.html","1","false","1622","false","Low","2","uses !important"
"#remakeFactorPage.cleanRemakeV6230 #remakeDepartmentTable:not(.compareColumnsV6301) td","@media(min-width:981px)","2-2-1","Remake","1","Index.html:2113","","Index.html","2","false","1607","false","Low","2","uses !important"
"#remakeFactorPage.cleanRemakeV6230 #remakeDepartmentTable:not(.compareColumnsV6301) td:first-child","@media(min-width:981px)","2-3-1","Remake","1","Index.html:2135","","Index.html","2","false","1607","false","Low","2","uses !important"
"#remakeFactorPage.cleanRemakeV6230 #remakeDepartmentTable:not(.compareColumnsV6301) td:not(:first-child)","@media(min-width:981px)","2-3-1","Remake","1","Index.html:2142","","Index.html","1","false","1607","false","Low","2","uses !important"
"#remakeFactorPage.cleanRemakeV6230 #remakeDepartmentTable:not(.compareColumnsV6301) th","@media(min-width:981px)","2-2-1","Remake","1","Index.html:2113","","Index.html","2","false","1607","false","Low","2","uses !important"
"#remakeFactorPage.cleanRemakeV6230 #remakeDepartmentTable:not(.compareColumnsV6301) th:first-child","@media(min-width:981px)","2-3-1","Remake","1","Index.html:2135","","Index.html","2","false","1607","false","Low","2","uses !important"
"#remakeFactorPage.cleanRemakeV6230 #remakeDepartmentTable:not(.compareColumnsV6301) th:not(:first-child)","@media(min-width:981px)","2-3-1","Remake","1","Index.html:2142","","Index.html","1","false","1607","false","Low","2","uses !important"
"#remakeFactorPage.cleanRemakeV6230 #remakeNotice:empty","@media (max-width:1279px)","2-2-0","Remake","1","RemakeResponsiveStyles.html:565","","RemakeResponsiveStyles.html","1","false","1331","false","Low","2","uses !important"
"#remakeFactorPage.cleanRemakeV6230 #remakeProductTable:not(.compareColumnsV6301) td","@media(min-width:981px)","2-2-1","Remake","1","Index.html:2113","","Index.html","2","false","1629","false","Low","2","uses !important"
"#remakeFactorPage.cleanRemakeV6230 #remakeProductTable:not(.compareColumnsV6301) td:first-child","@media(min-width:981px)","2-3-1","Remake","1","Index.html:2135","","Index.html","2","false","1629","false","Low","2","uses !important"
"#remakeFactorPage.cleanRemakeV6230 #remakeProductTable:not(.compareColumnsV6301) td:not(:first-child)","@media(min-width:981px)","2-3-1","Remake","1","Index.html:2142","","Index.html","1","false","1629","false","Low","2","uses !important"
"#remakeFactorPage.cleanRemakeV6230 #remakeProductTable:not(.compareColumnsV6301) th","@media(min-width:981px)","2-2-1","Remake","1","Index.html:2113","","Index.html","2","false","1629","false","Low","2","uses !important"
"#remakeFactorPage.cleanRemakeV6230 #remakeProductTable:not(.compareColumnsV6301) th:first-child","@media(min-width:981px)","2-3-1","Remake","1","Index.html:2135","","Index.html","2","false","1629","false","Low","2","uses !important"
"#remakeFactorPage.cleanRemakeV6230 #remakeProductTable:not(.compareColumnsV6301) th:not(:first-child)","@media(min-width:981px)","2-3-1","Remake","1","Index.html:2142","","Index.html","1","false","1629","false","Low","2","uses !important"
"#remakeFactorPage.cleanRemakeV6230 #remakeReasonTable:not(.compareColumnsV6301) td","@media(min-width:981px)","2-2-1","Remake","1","Index.html:2113","","Index.html","2","false","1546","false","Low","2","uses !important"
"#remakeFactorPage.cleanRemakeV6230 #remakeReasonTable:not(.compareColumnsV6301) td:first-child","@media(min-width:981px)","2-3-1","Remake","1","Index.html:2125","","Index.html","2","false","1546","false","Low","2","uses !important"
"#remakeFactorPage.cleanRemakeV6230 #remakeReasonTable:not(.compareColumnsV6301) td:not(:first-child)","@media(min-width:981px)","2-3-1","Remake","1","Index.html:2130","","Index.html","1","false","1546","false","Low","2","uses !important"
"#remakeFactorPage.cleanRemakeV6230 #remakeReasonTable:not(.compareColumnsV6301) th","@media(min-width:981px)","2-2-1","Remake","1","Index.html:2113","","Index.html","2","false","1546","false","Low","2","uses !important"
"#remakeFactorPage.cleanRemakeV6230 #remakeReasonTable:not(.compareColumnsV6301) th:first-child","@media(min-width:981px)","2-3-1","Remake","1","Index.html:2125","","Index.html","2","false","1546","false","Low","2","uses !important"
"#remakeFactorPage.cleanRemakeV6230 #remakeReasonTable:not(.compareColumnsV6301) th:not(:first-child)","@media(min-width:981px)","2-3-1","Remake","1","Index.html:2130","","Index.html","1","false","1546","false","Low","2","uses !important"
"#remakeFactorPage.cleanRemakeV6230 canvas","@media (max-width:1279px)","1-1-1","Remake","1","RemakeResponsiveStyles.html:730","","RemakeResponsiveStyles.html","1","false","1313","false","Low","2","uses !important"
"#remakeFactorPage.remakeRenderPendingV6301 .remakeStickyTopV6245::after","","1-2-1","Remake","1","Index.html:4034","","Index.html","1","false","745","false","Low","2","uses !important"
"#remakeFactorPage.remakeTabFiltersDockedV6337 .remakeGlobalSearchBarV6304","","1-2-0","Remake","1","Index.html:1682","","Index.html","6","false","733","false","Low","2","uses !important"
"#remakeFactorPage.remakeTabFiltersDockedV6337 .remakeGlobalSearchBarV6304 > .remakeGlobalSearchButtonV6304","","1-3-0","Remake","1","Index.html:1690","","Index.html","1","false","744","false","Low","2","uses !important"
"#remakeFactorPage.remakeTabFiltersDockedV6337 .remakeGlobalSearchPanelV6304","","1-2-0","Remake","1","Index.html:1693","","Index.html","2","false","738","false","Low","2","uses !important"
"#remakeFactorPage.remakeTabFiltersDockedV6337 .remakeStickyTopV6245","","1-2-0","Remake","1","Index.html:1678","","Index.html","2","false","740","false","Low","2","uses !important"
"#remakeFilterHomeV6337","","1-0-0","Remake","1","Index.html:1437","","Index.html","1","false","2","false","Low","2","uses !important"
"#remakeTabFilterHostV6337 .remakeFilter .remakeDropdownHeaderV6245 label.remakeVisibleToggleV6502","","1-3-1","Remake","1","Index.html:262","","Index.html","23","false","63","false","Low","2","uses !important"
"#remakeTabFilterHostV6337 .remakeFilter .remakeDropdownHeaderV6245 label.remakeVisibleToggleV6502 input","","1-3-2","Remake","1","Index.html:288","","Index.html","9","false","63","false","Low","2","uses !important"
"#remakeTabFilterHostV6337 .remakeFilter label","","1-1-1","Remake","1","Index.html:1485","","Index.html","9","false","54","false","Low","2","uses !important"
"#remakeTabFilterHostV6337 .remakeHiddenSelectV6245","","1-1-0","Remake","1","Index.html:1496","","Index.html","1","false","11","false","Low","2","uses !important"
"#remakeTabFilterHostV6337 .remakeMultiFilterV6245","","1-1-0","Remake","1","Index.html:1481","","Index.html","2","false","12","false","Low","2","uses !important"
"#remakeTabViewsV6382 svg","@media (max-width:1279px)","1-0-1","Remake","1","RemakeResponsiveStyles.html:348","","RemakeResponsiveStyles.html","8","false","7","false","Low","2","uses !important"
"#remakeViewsPanelV6382.open","","1-1-0","Remake","1","RemakeResponsiveStyles.html:23","","RemakeResponsiveStyles.html","1","false","319","false","Low","2","uses !important"
"#singleShellClientError:empty","","1-1-0","Remake","1","DashboardBaseStyles.html:8373","","DashboardBaseStyles.html","1","false","10","false","Low","2","uses !important"
"#tatDashboardPageV6509.cleanRemakeV6230 .tatCardHeadV6509","","1-2-0","TAT","1","Index.html:4636","","Index.html","3","false","600","false","Low","2","uses !important"
"#tatDashboardPageV6509.cleanRemakeV6230 .tatCardTitleV6509","","1-2-0","TAT","1","Index.html:4637","","Index.html","1","false","600","false","Low","2","uses !important"
"#tatDashboardPageV6509.cleanRemakeV6230 .tatCoverageMetricV6509","","1-2-0","TAT","1","Index.html:4660","","Index.html","6","false","599","false","Low","2","uses !important"
"#tatDashboardPageV6509.cleanRemakeV6230 .tatCoverageMetricV6509 span","","1-2-1","TAT","1","Index.html:4668","","Index.html","2","false","599","false","Low","2","uses !important"
"#tatDashboardPageV6509.cleanRemakeV6230 .tatCoverageMetricV6509 strong","","1-2-1","TAT","1","Index.html:4669","","Index.html","2","false","599","false","Low","2","uses !important"
"#tatDashboardPageV6509.cleanRemakeV6230 .tatCoverageNoteV6509","","1-2-0","TAT","1","Index.html:4670","","Index.html","1","false","597","false","Low","2","uses !important"
"#tatDashboardPageV6509.cleanRemakeV6230 .tatCoverageV6509.warn","","1-3-0","TAT","1","Index.html:4671","","Index.html","2","false","760","false","Low","2","uses !important"
"#tatDashboardPageV6509.cleanRemakeV6230 .tatCoverageV6509.warn .tatCoverageMetricV6509:last-of-type strong","","1-5-1","TAT","1","Index.html:4672","","Index.html","1","false","765","false","Low","2","uses !important"
"#tatDashboardPageV6509.cleanRemakeV6230 .tatCoverageV6509[hidden]","","1-3-0","TAT","1","Index.html:4634","","Index.html","1","false","597","false","Low","2","uses !important"
"#tatDashboardPageV6509.cleanRemakeV6230 .tatProductDetailRowV6523 td","","1-2-1","TAT","1","Index.html:4687","","Index.html","4","false","595","false","Low","2","uses !important"
"#tatDashboardPageV6509.cleanRemakeV6230 .tatProductDetailRowV6523 td:first-child","","1-3-1","TAT","1","Index.html:4689","","Index.html","1","false","595","false","Low","2","uses !important"
"#tatDashboardPageV6509.cleanRemakeV6230 .tatProductDetailRowV6523:hover td","","1-3-1","TAT","1","Index.html:4688","","Index.html","1","false","595","false","Low","2","uses !important"
"#tatDashboardPageV6509.cleanRemakeV6230 .tatQualityCoverageV6513.warn","","1-3-0","TAT","1","Index.html:4641","","Index.html","1","false","760","false","Low","2","uses !important"
"#tatDashboardPageV6509.cleanRemakeV6230 .tatSrOnlyV6513","","1-2-0","TAT","1","Index.html:4638","","Index.html","9","false","595","false","Low","2","uses !important"
"#tatDashboardPageV6509.cleanRemakeV6230 #tatCoverageV6509[hidden]","","2-2-0","TAT","1","Index.html:4686","","Index.html","1","false","597","false","Low","2","uses !important"
"#tatDashboardPageV6509.cleanRemakeV6230 #tatCustomerTableV6509 tr.selected td","","2-2-2","TAT","1","Index.html:4693","","Index.html","1","false","2051","false","Low","2","uses !important"
"#tatDashboardPageV6509.cleanRemakeV6230 #tatDepartmentTableV6509 tr.selected td","","2-2-2","TAT","1","Index.html:4693","","Index.html","1","false","2051","false","Low","2","uses !important"
"body > .remakeColumnChooserPopoverV6357","","0-1-1","Remake","1","Index.html:308","","Index.html","3","false","1","false","Low","2","uses !important"
"body.remakeCompactActiveV6382 #remakeCompactToolbarV6382 .remakeCompactFiltersV6382 .remakeCompactFilterCountV6382","@media (max-width:1279px)","1-3-1","Remake","1","Index.html:2857","","Index.html","2","false","13","false","Low","2","uses !important"
"body.remakeCompactActiveV6382 #remakeCompactToolbarV6382 .remakeCompactFiltersV6382 > span:first-child","@media (max-width:1279px)","1-3-2","Remake","1","Index.html:2850","","Index.html","4","false","10","false","Low","2","uses !important"
"body.remakeCompactActiveV6382 #remakeFactorPage.cleanRemakeV6230 #remakeCustomerTable:not(.compareColumnsV6301) td:first-child","@media (max-width:1279px)","2-4-2","Remake","1","Index.html:2970","","Index.html","3","false","1623","false","Low","2","uses !important"
"body.remakeCompactActiveV6382 #remakeFactorPage.cleanRemakeV6230 #remakeCustomerTable:not(.compareColumnsV6301) td:not(:first-child)","@media (max-width:1279px)","2-4-2","Remake","1","Index.html:2977","","Index.html","3","false","1623","false","Low","2","uses !important"
"body.remakeCompactActiveV6382 #remakeFactorPage.cleanRemakeV6230 #remakeCustomerTable:not(.compareColumnsV6301) th:first-child","@media (max-width:1279px)","2-4-2","Remake","1","Index.html:2970","","Index.html","3","false","1623","false","Low","2","uses !important"
"body.remakeCompactActiveV6382 #remakeFactorPage.cleanRemakeV6230 #remakeCustomerTable:not(.compareColumnsV6301) th:not(:first-child)","@media (max-width:1279px)","2-4-2","Remake","1","Index.html:2977","","Index.html","3","false","1623","false","Low","2","uses !important"
"body.remakeCompactActiveV6382 #remakeFactorPage.cleanRemakeV6230 #remakeDepartmentTable:not(.compareColumnsV6301) td:first-child","@media (max-width:1279px)","2-4-2","Remake","1","Index.html:2942","","Index.html","3","false","1608","false","Low","2","uses !important"
"body.remakeCompactActiveV6382 #remakeFactorPage.cleanRemakeV6230 #remakeDepartmentTable:not(.compareColumnsV6301) td:not(:first-child)","@media (max-width:1279px)","2-4-2","Remake","1","Index.html:2949","","Index.html","3","false","1608","false","Low","2","uses !important"
"body.remakeCompactActiveV6382 #remakeFactorPage.cleanRemakeV6230 #remakeDepartmentTable:not(.compareColumnsV6301) th:first-child","@media (max-width:1279px)","2-4-2","Remake","1","Index.html:2942","","Index.html","3","false","1608","false","Low","2","uses !important"
"body.remakeCompactActiveV6382 #remakeFactorPage.cleanRemakeV6230 #remakeDepartmentTable:not(.compareColumnsV6301) th:not(:first-child)","@media (max-width:1279px)","2-4-2","Remake","1","Index.html:2949","","Index.html","3","false","1608","false","Low","2","uses !important"
"body.remakeCompactActiveV6382 #remakeFactorPage.cleanRemakeV6230 #remakeProductTable:not(.compareColumnsV6301) td:first-child","@media (max-width:1279px)","2-4-2","Remake","1","Index.html:2956","","Index.html","3","false","1630","false","Low","2","uses !important"
"body.remakeCompactActiveV6382 #remakeFactorPage.cleanRemakeV6230 #remakeProductTable:not(.compareColumnsV6301) td:not(:first-child)","@media (max-width:1279px)","2-4-2","Remake","1","Index.html:2963","","Index.html","3","false","1630","false","Low","2","uses !important"
"body.remakeCompactActiveV6382 #remakeFactorPage.cleanRemakeV6230 #remakeProductTable:not(.compareColumnsV6301) th:first-child","@media (max-width:1279px)","2-4-2","Remake","1","Index.html:2956","","Index.html","3","false","1630","false","Low","2","uses !important"
"body.remakeCompactActiveV6382 #remakeFactorPage.cleanRemakeV6230 #remakeProductTable:not(.compareColumnsV6301) th:not(:first-child)","@media (max-width:1279px)","2-4-2","Remake","1","Index.html:2963","","Index.html","3","false","1630","false","Low","2","uses !important"
"body.remakeCompactActiveV6382 #remakeFactorPage.cleanRemakeV6230 #remakeReasonTable:not(.compareColumnsV6301) td:first-child","@media (max-width:1279px)","2-4-2","Remake","1","Index.html:2928","","Index.html","3","false","1547","false","Low","2","uses !important"
"body.remakeCompactActiveV6382 #remakeFactorPage.cleanRemakeV6230 #remakeReasonTable:not(.compareColumnsV6301) td:not(:first-child)","@media (max-width:1279px)","2-4-2","Remake","1","Index.html:2935","","Index.html","3","false","1547","false","Low","2","uses !important"
"body.remakeCompactActiveV6382 #remakeFactorPage.cleanRemakeV6230 #remakeReasonTable:not(.compareColumnsV6301) th:first-child","@media (max-width:1279px)","2-4-2","Remake","1","Index.html:2928","","Index.html","3","false","1547","false","Low","2","uses !important"
"body.remakeCompactActiveV6382 #remakeFactorPage.cleanRemakeV6230 #remakeReasonTable:not(.compareColumnsV6301) th:not(:first-child)","@media (max-width:1279px)","2-4-2","Remake","1","Index.html:2935","","Index.html","3","false","1547","false","Low","2","uses !important"
"body.remakeCompactActiveV6382 #remakeFactorPage.cleanRemakeV6230 table.remakeTable.compareColumnsV6301","@media (max-width:1279px)","1-4-2","Remake","1","Index.html:2984","","Index.html","5","false","1649","false","Low","2","uses !important"
"body.remakeCompactActiveV6382 #remakeFactorPage.cleanRemakeV6230 table.remakeTable.compareColumnsV6301 .deltaCellV6301","@media (max-width:1279px)","1-5-2","Remake","1","Index.html:2999","","Index.html","3","false","1655","false","Low","2","uses !important"
"body.remakeCompactActiveV6382 #remakeFactorPage.cleanRemakeV6230 table.remakeTable.compareColumnsV6301 .deltaHeaderV6301","@media (max-width:1279px)","1-5-2","Remake","1","Index.html:2999","","Index.html","3","false","1655","false","Low","2","uses !important"
"body.remakeCompactActiveV6382 #remakeFactorPage.cleanRemakeV6230 table.remakeTable.compareColumnsV6301 td:not(:first-child)","@media (max-width:1279px)","1-5-3","Remake","1","Index.html:2992","","Index.html","3","false","1649","false","Low","2","uses !important"
"body.remakeCompactActiveV6382 #remakeFactorPage.cleanRemakeV6230 table.remakeTable.compareColumnsV6301 th:not(:first-child)","@media (max-width:1279px)","1-5-3","Remake","1","Index.html:2992","","Index.html","3","false","1649","false","Low","2","uses !important"
"body.remakeCompactFiltersOpenV6382 #remakeFactorPage.cleanRemakeV6230 .remakeDropdownButtonV6245","@media (max-width:1279px)","1-3-1","Remake","1","RemakeResponsiveStyles.html:518","","RemakeResponsiveStyles.html","11","false","1327","false","Low","2","uses !important"
"body.remakeCompactFiltersOpenV6382 #remakeFactorPage.cleanRemakeV6230 .remakeFilter","@media (max-width:1279px)","1-3-1","Remake","1","RemakeResponsiveStyles.html:487","","RemakeResponsiveStyles.html","12","false","1360","false","Low","2","uses !important"
"body.remakeCompactFiltersOpenV6382 #remakeFactorPage.cleanRemakeV6230 .remakeFilter label","@media (max-width:1279px)","1-3-2","Remake","1","RemakeResponsiveStyles.html:502","","RemakeResponsiveStyles.html","13","false","1360","false","Low","2","uses !important"
".managerTabs","@media (max-width: 700px)","0-1-0","Overview","1","DashboardBaseStyles.html:4555","","DashboardBaseStyles.html","0","false","20","false","Low","1","same selector appears in multiple at-rule contexts"
".managerTabs .tabBtn","@media (max-width: 700px)","0-2-0","Overview","1","DashboardBaseStyles.html:4561","","DashboardBaseStyles.html","0","false","33","false","Low","1","same selector appears in multiple at-rule contexts"
".o2ChartBox","","0-1-0","Overview","1","DashboardBaseStyles.html:3424","","DashboardBaseStyles.html","0","false","0","true","Low","1","same selector appears in multiple at-rule contexts; no static runtime token reference found"
".o2ChartBox","@media (max-width: 820px)","0-1-0","Overview","1","DashboardBaseStyles.html:3457","","DashboardBaseStyles.html","0","false","0","true","Low","1","same selector appears in multiple at-rule contexts; no static runtime token reference found"
".o2LeftRail","","0-1-0","Overview","1","DashboardBaseStyles.html:3332","","DashboardBaseStyles.html","0","false","0","true","Low","1","same selector appears in multiple at-rule contexts; no static runtime token reference found"
".o2MainPane","","0-1-0","Overview","1","DashboardBaseStyles.html:3332","","DashboardBaseStyles.html","0","false","0","true","Low","1","same selector appears in multiple at-rule contexts; no static runtime token reference found"
".o2MainPane","@media (max-width: 820px)","0-1-0","Overview","1","DashboardBaseStyles.html:3453","","DashboardBaseStyles.html","0","false","0","true","Low","1","same selector appears in multiple at-rule contexts; no static runtime token reference found"
".o2RightPane","","0-1-0","Overview","1","DashboardBaseStyles.html:3332","","DashboardBaseStyles.html","0","false","0","true","Low","1","same selector appears in multiple at-rule contexts; no static runtime token reference found"
".o2RightPane","@media (max-width: 1250px)","0-1-0","Overview","1","DashboardBaseStyles.html:3447","","DashboardBaseStyles.html","0","false","0","true","Low","1","same selector appears in multiple at-rule contexts; no static runtime token reference found"
".o2RightPane","@media (max-width: 820px)","0-1-0","Overview","1","DashboardBaseStyles.html:3453","","DashboardBaseStyles.html","0","false","0","true","Low","1","same selector appears in multiple at-rule contexts; no static runtime token reference found"
".o2Score .value","","0-2-0","Overview","1","DashboardBaseStyles.html:3353","","DashboardBaseStyles.html","0","false","1611","false","Low","1","same selector appears in multiple at-rule contexts"
".o2Score .value","@media (max-width: 820px)","0-2-0","Overview","1","DashboardBaseStyles.html:3456","","DashboardBaseStyles.html","0","false","1611","false","Low","1","same selector appears in multiple at-rule contexts"
".o2Summary","","0-1-0","Overview","1","DashboardBaseStyles.html:3340","","DashboardBaseStyles.html","0","false","0","true","Low","1","same selector appears in multiple at-rule contexts; no static runtime token reference found"
".o2Summary","@media (max-width: 1250px)","0-1-0","Overview","1","DashboardBaseStyles.html:3448","","DashboardBaseStyles.html","0","false","0","true","Low","1","same selector appears in multiple at-rule contexts; no static runtime token reference found"
".o2Summary","@media (max-width: 820px)","0-1-0","Overview","1","DashboardBaseStyles.html:3455","","DashboardBaseStyles.html","0","false","0","true","Low","1","same selector appears in multiple at-rule contexts; no static runtime token reference found"
".o2TableWrap","","0-1-0","Overview","1","DashboardBaseStyles.html:3425","","DashboardBaseStyles.html","0","false","0","true","Low","1","same selector appears in multiple at-rule contexts; no static runtime token reference found"
".o2TableWrap","@media (max-width: 820px)","0-1-0","Overview","1","DashboardBaseStyles.html:3458","","DashboardBaseStyles.html","0","false","0","true","Low","1","same selector appears in multiple at-rule contexts; no static runtime token reference found"
".o2TableWrap.tall","","0-2-0","Overview","1","DashboardBaseStyles.html:3426","","DashboardBaseStyles.html","0","false","200","false","Low","1","same selector appears in multiple at-rule contexts"
".o2TableWrap.tall","@media (max-width: 820px)","0-2-0","Overview","1","DashboardBaseStyles.html:3458","","DashboardBaseStyles.html","0","false","200","false","Low","1","same selector appears in multiple at-rule contexts"
".o2TopControls","","0-1-0","Overview","1","DashboardBaseStyles.html:3323","","DashboardBaseStyles.html","0","false","0","true","Low","1","same selector appears in multiple at-rule contexts; no static runtime token reference found"
".o2TopControls","@media (max-width: 820px)","0-1-0","Overview","1","DashboardBaseStyles.html:3453","","DashboardBaseStyles.html","0","false","0","true","Low","1","same selector appears in multiple at-rule contexts; no static runtime token reference found"
".o2YearScoreBox","","0-1-0","Overview","1","DashboardBaseStyles.html:3364","","DashboardBaseStyles.html","0","false","0","true","Low","1","same selector appears in multiple at-rule contexts; no static runtime token reference found"
".o2YearScoreBox","@media (max-width: 1250px)","0-1-0","Overview","1","DashboardBaseStyles.html:3449","","DashboardBaseStyles.html","0","false","0","true","Low","1","same selector appears in multiple at-rule contexts; no static runtime token reference found"
".overviewTwoShell","","0-1-0","Overview","1","DashboardBaseStyles.html:3315","","DashboardBaseStyles.html","0","false","2","false","Low","1","same selector appears in multiple at-rule contexts"
".overviewTwoShell","@media (max-width: 1250px)","0-1-0","Overview","1","DashboardBaseStyles.html:3446","","DashboardBaseStyles.html","0","false","2","false","Low","1","same selector appears in multiple at-rule contexts"
".overviewTwoShell","@media (max-width: 820px)","0-1-0","Overview","1","DashboardBaseStyles.html:3452","","DashboardBaseStyles.html","0","false","2","false","Low","1","same selector appears in multiple at-rule contexts"
".remakeActions","","0-1-0","Remake","1","DashboardBaseStyles.html:8422","","DashboardBaseStyles.html","0","false","2","false","Low","1","same selector appears in multiple at-rule contexts"
".remakeActions","@media (max-width: 1100px)","0-1-0","Remake","1","DashboardBaseStyles.html:8641","","DashboardBaseStyles.html","0","false","2","false","Low","1","same selector appears in multiple at-rule contexts"
".remakeFilterBar","","0-1-0","Remake","1","DashboardBaseStyles.html:8475","","DashboardBaseStyles.html","0","false","17","false","Low","1","same selector appears in multiple at-rule contexts"
".remakeFilterBar","@media (max-width: 1100px)","0-1-0","Remake","1","DashboardBaseStyles.html:8637","","DashboardBaseStyles.html","0","false","17","false","Low","1","same selector appears in multiple at-rule contexts"
".remakeGrid","","0-1-0","Remake","1","DashboardBaseStyles.html:8543","","DashboardBaseStyles.html","0","false","15","false","Low","1","same selector appears in multiple at-rule contexts"
".remakeGrid","@media (max-width: 1100px)","0-1-0","Remake","1","DashboardBaseStyles.html:8639","","DashboardBaseStyles.html","0","false","15","false","Low","1","same selector appears in multiple at-rule contexts"
".remakeHeader","","0-1-0","Remake","1","DashboardBaseStyles.html:8394","","DashboardBaseStyles.html","0","false","7","false","Low","1","same selector appears in multiple at-rule contexts"
".remakeHeader","@media (max-width: 1100px)","0-1-0","Remake","1","DashboardBaseStyles.html:8640","","DashboardBaseStyles.html","0","false","7","false","Low","1","same selector appears in multiple at-rule contexts"
".remakeKpis","","0-1-0","Remake","1","DashboardBaseStyles.html:8507","","DashboardBaseStyles.html","0","false","14","false","Low","1","same selector appears in multiple at-rule contexts"
".remakeKpis","@media (max-width: 1100px)","0-1-0","Remake","1","DashboardBaseStyles.html:8638","","DashboardBaseStyles.html","0","false","14","false","Low","1","same selector appears in multiple at-rule contexts"
".remakeRefreshStamp","","0-1-0","Remake","1","DashboardBaseStyles.html:8453","","DashboardBaseStyles.html","0","false","9","false","Low","1","same selector appears in multiple at-rule contexts"
".remakeRefreshStamp","@media (max-width: 1100px)","0-1-0","Remake","1","DashboardBaseStyles.html:8642","","DashboardBaseStyles.html","0","false","9","false","Low","1","same selector appears in multiple at-rule contexts"
".remakeViewActionV6382","@media (max-width:600px)","0-1-0","Remake","1","RemakeResponsiveStyles.html:853","","RemakeResponsiveStyles.html","0","false","3","false","Low","1","same selector appears in multiple at-rule contexts"
".remakeViewDefaultsV6382","","0-1-0","Remake","1","RemakeResponsiveStyles.html:123","","RemakeResponsiveStyles.html","0","false","1","false","Low","1","same selector appears in multiple at-rule contexts"
".remakeViewDefaultsV6382","@media (max-width:600px)","0-1-0","Remake","1","RemakeResponsiveStyles.html:845","","RemakeResponsiveStyles.html","0","false","1","false","Low","1","same selector appears in multiple at-rule contexts"
".remakeViewRowV6382","","0-1-0","Remake","1","RemakeResponsiveStyles.html:170","","RemakeResponsiveStyles.html","0","false","1","false","Low","1","same selector appears in multiple at-rule contexts"
".remakeViewRowV6382","@media (max-width:600px)","0-1-0","Remake","1","RemakeResponsiveStyles.html:849","","RemakeResponsiveStyles.html","0","false","1","false","Low","1","same selector appears in multiple at-rule contexts"
".tabDropdown","","0-1-0","Overview","1","DashboardBaseStyles.html:4477","","DashboardBaseStyles.html","0","false","6","false","Low","1","same selector appears in multiple at-rule contexts"
".tabDropdown","@media (max-width: 700px)","0-1-0","Overview","1","DashboardBaseStyles.html:4566","","DashboardBaseStyles.html","0","false","6","false","Low","1","same selector appears in multiple at-rule contexts"
"#overviewTwo .o2ChipRow","@media (max-width: 1280px)","1-1-0","Overview","1","DashboardBaseStyles.html:5407","","DashboardBaseStyles.html","0","false","71","false","Low","1","same selector appears in multiple at-rule contexts"
"#overviewTwo .o2DriverToolbar","","1-1-0","Overview","1","DashboardBaseStyles.html:5108","","DashboardBaseStyles.html","0","false","72","false","Low","1","same selector appears in multiple at-rule contexts"
"#overviewTwo .o2DriverToolbar","@media (max-width: 1280px)","1-1-0","Overview","1","DashboardBaseStyles.html:5228","","DashboardBaseStyles.html","0","false","72","false","Low","1","same selector appears in multiple at-rule contexts"
"#overviewTwo .o2FilterDeck","","1-1-0","Overview","1","DashboardBaseStyles.html:4971","","DashboardBaseStyles.html","0","false","71","false","Low","1","same selector appears in multiple at-rule contexts"
"#overviewTwo .o2FilterDeck","@media (max-width: 1280px)","1-1-0","Overview","1","DashboardBaseStyles.html:5222","","DashboardBaseStyles.html","0","false","71","false","Low","1","same selector appears in multiple at-rule contexts"
"#overviewTwo .o2FilterRailHeader","","1-1-0","Overview","1","DashboardBaseStyles.html:5289","","DashboardBaseStyles.html","0","false","71","false","Low","1","same selector appears in multiple at-rule contexts"
"#overviewTwo .o2FilterRailHeader","@media (max-width: 1280px)","1-1-0","Overview","1","DashboardBaseStyles.html:5403","","DashboardBaseStyles.html","0","false","71","false","Low","1","same selector appears in multiple at-rule contexts"
"#overviewTwo .o2FocusCard","","1-1-0","Overview","1","DashboardBaseStyles.html:5055","","DashboardBaseStyles.html","0","false","73","false","Low","1","same selector appears in multiple at-rule contexts"
"#overviewTwo .o2FocusCard","@media (max-width: 1280px)","1-1-0","Overview","1","DashboardBaseStyles.html:5229","","DashboardBaseStyles.html","0","false","73","false","Low","1","same selector appears in multiple at-rule contexts"
"#overviewTwo .o2FocusStats","","1-1-0","Overview","1","DashboardBaseStyles.html:5079","","DashboardBaseStyles.html","0","false","73","false","Low","1","same selector appears in multiple at-rule contexts"
"#overviewTwo .o2FocusStats","@media (max-width: 1280px)","1-1-0","Overview","1","DashboardBaseStyles.html:5230","","DashboardBaseStyles.html","0","false","73","false","Low","1","same selector appears in multiple at-rule contexts"
"#overviewTwo .o2RealFilterDeck.filterDeck.dropdownDeck","","1-3-0","Overview","1","DashboardBaseStyles.html:5326","","DashboardBaseStyles.html","0","false","74","false","Low","1","same selector appears in multiple at-rule contexts"
"#remakeTabFilterHostV6337 .remakeCacheActionBarV6338 .remakeButton","@media (max-width:1500px) and (min-width:1280px)","1-2-0","Remake","1","Index.html:1698","","Index.html","0","false","43","false","Low","1","same selector appears in multiple at-rule contexts"
"#tatDashboardPageV6509.cleanRemakeV6230 #tatCustomerTableV6509 tr.clickable","","2-2-1","TAT","1","Index.html:4691","","Index.html","0","false","624","false","Low","1","same selector appears in multiple at-rule contexts"
"#tatDashboardPageV6509.cleanRemakeV6230 #tatDepartmentTableV6509 tr.clickable","","2-2-1","TAT","1","Index.html:4691","","Index.html","0","false","624","false","Low","1","same selector appears in multiple at-rule contexts"
".categoricalPlaceholder","","0-1-0","Overview","1","DashboardBaseStyles.html:4523","","DashboardBaseStyles.html","0","false","2","false","Low","0",""
".categoricalPlaceholder .placeholderEyebrow","","0-2-0","Overview","1","DashboardBaseStyles.html:4532","","DashboardBaseStyles.html","0","false","3","false","Low","0",""
".categoricalPlaceholder h1","","0-1-1","Overview","1","DashboardBaseStyles.html:4541","","DashboardBaseStyles.html","0","false","2","false","Low","0",""
".categoricalPlaceholder p","","0-1-1","Overview","1","DashboardBaseStyles.html:4548","","DashboardBaseStyles.html","0","false","2","false","Low","0",""
".categoricalPlaceholderShell","","0-1-0","Overview","1","DashboardBaseStyles.html:4515","","DashboardBaseStyles.html","0","false","1","false","Low","0",""
".customerActiveOnlyHint","","0-1-0","Overview","1","DashboardBaseStyles.html:7420","","DashboardBaseStyles.html","0","false","0","true","Low","0","no static runtime token reference found"
".o2Card","","0-1-0","Overview","1","DashboardBaseStyles.html:3377","","DashboardBaseStyles.html","0","false","17","false","Low","0",""
".o2Card table","","0-1-1","Overview","1","DashboardBaseStyles.html:3427","","DashboardBaseStyles.html","0","false","17","false","Low","0",""
".o2Card tbody tr:nth-child(even) td","","0-2-3","Overview","1","DashboardBaseStyles.html:3440","","DashboardBaseStyles.html","0","false","17","false","Low","0",""
".o2Card td","","0-1-1","Overview","1","DashboardBaseStyles.html:3439","","DashboardBaseStyles.html","0","false","17","false","Low","0",""
".o2Card td.num","","0-2-1","Overview","1","DashboardBaseStyles.html:3438","","DashboardBaseStyles.html","0","false","400","false","Low","0",""
".o2Card tfoot td","","0-1-2","Overview","1","DashboardBaseStyles.html:3441","","DashboardBaseStyles.html","0","false","17","false","Low","0",""
".o2Card th","","0-1-1","Overview","1","DashboardBaseStyles.html:3428","","DashboardBaseStyles.html","0","false","17","false","Low","0",""
".o2Card th.num","","0-2-1","Overview","1","DashboardBaseStyles.html:3438","","DashboardBaseStyles.html","0","false","400","false","Low","0",""
".o2ChartCard","","0-1-0","Overview","1","DashboardBaseStyles.html:3422","","DashboardBaseStyles.html","0","false","0","true","Low","0","no static runtime token reference found"
".o2ChartHeader","","0-1-0","Overview","1","DashboardBaseStyles.html:3423","","DashboardBaseStyles.html","0","false","0","true","Low","0","no static runtime token reference found"
".o2DropBox","","0-1-0","Overview","1","DashboardBaseStyles.html:3408","","DashboardBaseStyles.html","0","false","0","true","Low","0","no static runtime token reference found"
".o2Negative","","0-1-0","Overview","1","DashboardBaseStyles.html:3442","","DashboardBaseStyles.html","0","false","4","false","Low","0",""
".o2Positive","","0-1-0","Overview","1","DashboardBaseStyles.html:3443","","DashboardBaseStyles.html","0","false","4","false","Low","0",""
".o2RailBody","","0-1-0","Overview","1","DashboardBaseStyles.html:3395","","DashboardBaseStyles.html","0","false","0","true","Low","0","no static runtime token reference found"
".o2RailBox","","0-1-0","Overview","1","DashboardBaseStyles.html:3377","","DashboardBaseStyles.html","0","false","0","true","Low","0","no static runtime token reference found"
".o2RailHeader","","0-1-0","Overview","1","DashboardBaseStyles.html:3386","","DashboardBaseStyles.html","0","false","0","true","Low","0","no static runtime token reference found"
".o2RailRow","","0-1-0","Overview","1","DashboardBaseStyles.html:3396","","DashboardBaseStyles.html","0","false","0","true","Low","0","no static runtime token reference found"
".o2RailRow .val","","0-2-0","Overview","1","DashboardBaseStyles.html:3407","","DashboardBaseStyles.html","0","false","1690","false","Low","0",""
".o2RailRow input","","0-1-1","Overview","1","DashboardBaseStyles.html:3406","","DashboardBaseStyles.html","0","false","0","true","Low","0","no static runtime token reference found"
".o2RailRow:hover","","0-2-0","Overview","1","DashboardBaseStyles.html:3405","","DashboardBaseStyles.html","0","false","0","true","Low","0","no static runtime token reference found"
".o2Score .label","","0-2-0","Overview","1","DashboardBaseStyles.html:3347","","DashboardBaseStyles.html","0","false","957","false","Low","0",""
".o2Score .sub","","0-2-0","Overview","1","DashboardBaseStyles.html:3359","","DashboardBaseStyles.html","0","false","94","false","Low","0",""
".o2SparkBox","","0-1-0","Overview","1","DashboardBaseStyles.html:3421","","DashboardBaseStyles.html","0","false","0","true","Low","0","no static runtime token reference found"
".o2SparkCard","","0-1-0","Overview","1","DashboardBaseStyles.html:3420","","DashboardBaseStyles.html","0","false","0","true","Low","0","no static runtime token reference found"
".o2TopControls .resetBtn","","0-2-0","Overview","1","DashboardBaseStyles.html:3330","","DashboardBaseStyles.html","0","false","14","false","Low","0",""
".o2TopControls .segBtn","","0-2-0","Overview","1","DashboardBaseStyles.html:3330","","DashboardBaseStyles.html","0","false","4","false","Low","0",""
".o2Truncate","","0-1-0","Overview","1","DashboardBaseStyles.html:3444","","DashboardBaseStyles.html","0","false","0","true","Low","0","no static runtime token reference found"
".o2YearScoreBox .amount","","0-2-0","Overview","1","DashboardBaseStyles.html:3374","","DashboardBaseStyles.html","0","false","9","false","Low","0",""
".o2YearScoreBox .cell","","0-2-0","Overview","1","DashboardBaseStyles.html:3373","","DashboardBaseStyles.html","0","false","50","false","Low","0",""
".o2YearScoreBox .pct","","0-2-0","Overview","1","DashboardBaseStyles.html:3375","","DashboardBaseStyles.html","0","false","62","false","Low","0",""
".o2YearScoreBox .year","","0-2-0","Overview","1","DashboardBaseStyles.html:3376","","DashboardBaseStyles.html","0","false","867","false","Low","0",""
".remakeButton","","0-1-0","Remake","1","DashboardBaseStyles.html:8431","","DashboardBaseStyles.html","0","false","27","false","Low","0",""
".remakeButton:disabled","","0-2-0","Remake","1","DashboardBaseStyles.html:8448","","DashboardBaseStyles.html","0","false","27","false","Low","0",""
".remakeButton.secondary","","0-2-0","Remake","1","DashboardBaseStyles.html:8442","","DashboardBaseStyles.html","0","false","34","false","Low","0",""
".remakeCard","","0-1-0","Remake","1","DashboardBaseStyles.html:8550","","DashboardBaseStyles.html","0","false","97","false","Low","0",""
".remakeCardHeader","","0-1-0","Remake","1","DashboardBaseStyles.html:8558","","DashboardBaseStyles.html","0","false","27","false","Low","0",""
".remakeCardSubtle","","0-1-0","Remake","1","DashboardBaseStyles.html:8573","","DashboardBaseStyles.html","0","false","5","false","Low","0",""
".remakeCardTitle","","0-1-0","Remake","1","DashboardBaseStyles.html:8567","","DashboardBaseStyles.html","0","false","24","false","Low","0",""
".remakeCompactFilterCountV6382","@media (max-width:1279px)","0-1-0","Remake","1","RemakeResponsiveStyles.html:379","","RemakeResponsiveStyles.html","0","false","3","false","Low","0",""
".remakeCompactFilterCountV6382.active","@media (max-width:1279px)","0-2-0","Remake","1","RemakeResponsiveStyles.html:392","","RemakeResponsiveStyles.html","0","false","602","false","Low","0",""
".remakeDirectionalNote","","0-1-0","Remake","1","DashboardBaseStyles.html:8632","","DashboardBaseStyles.html","0","false","0","true","Low","0","no static runtime token reference found"
".remakeEyebrow","","0-1-0","Remake","1","DashboardBaseStyles.html:8406","","DashboardBaseStyles.html","0","false","0","true","Low","0","no static runtime token reference found"
".remakeFilter label","","0-1-1","Remake","1","DashboardBaseStyles.html:8486","","DashboardBaseStyles.html","0","false","45","false","Low","0",""
".remakeFilter select","","0-1-1","Remake","1","DashboardBaseStyles.html:8496","","DashboardBaseStyles.html","0","false","45","false","Low","0",""
".remakeKpi","","0-1-0","Remake","1","DashboardBaseStyles.html:8513","","DashboardBaseStyles.html","0","false","96","false","Low","0",""
".remakeKpi .label","","0-2-0","Remake","1","DashboardBaseStyles.html:8522","","DashboardBaseStyles.html","0","false","1053","false","Low","0",""
".remakeKpi .sub","","0-2-0","Remake","1","DashboardBaseStyles.html:8539","","DashboardBaseStyles.html","0","false","190","false","Low","0",""
".remakeKpi .value","","0-2-0","Remake","1","DashboardBaseStyles.html:8531","","DashboardBaseStyles.html","0","false","1707","false","Low","0",""
".remakeNotice","","0-1-0","Remake","1","DashboardBaseStyles.html:8460","","DashboardBaseStyles.html","0","false","18","false","Low","0",""
".remakeNotice.active","","0-2-0","Remake","1","DashboardBaseStyles.html:8471","","DashboardBaseStyles.html","0","false","617","false","Low","0",""
".remakeNotice.error","","0-2-0","Remake","1","DashboardBaseStyles.html:8472","","DashboardBaseStyles.html","0","false","611","false","Low","0",""
".remakeNotice.warn","","0-2-0","Remake","1","DashboardBaseStyles.html:8473","","DashboardBaseStyles.html","0","false","181","false","Low","0",""
".remakeShell","","0-1-0","Remake","1","DashboardBaseStyles.html:8386","","DashboardBaseStyles.html","0","false","7","false","Low","0",""
".remakeSubtitle","","0-1-0","Remake","1","DashboardBaseStyles.html:8418","","DashboardBaseStyles.html","0","false","0","true","Low","0","no static runtime token reference found"
".remakeTable","","0-1-0","Remake","1","DashboardBaseStyles.html:8583","","DashboardBaseStyles.html","0","false","116","false","Low","0",""
".remakeTable td","","0-1-1","Remake","1","DashboardBaseStyles.html:8601","","DashboardBaseStyles.html","0","false","116","false","Low","0",""
".remakeTable td.num","","0-2-1","Remake","1","DashboardBaseStyles.html:8610","","DashboardBaseStyles.html","0","false","499","false","Low","0",""
".remakeTable th","","0-1-1","Remake","1","DashboardBaseStyles.html:8589","","DashboardBaseStyles.html","0","false","116","false","Low","0",""
".remakeTable th.num","","0-2-1","Remake","1","DashboardBaseStyles.html:8610","","DashboardBaseStyles.html","0","false","499","false","Low","0",""
".remakeTable tr:nth-child(even) td","","0-2-2","Remake","1","DashboardBaseStyles.html:8609","","DashboardBaseStyles.html","0","false","116","false","Low","0",""
".remakeTableWrap","","0-1-0","Remake","1","DashboardBaseStyles.html:8577","","DashboardBaseStyles.html","0","false","23","false","Low","0",""
".remakeTitle","","0-1-0","Remake","1","DashboardBaseStyles.html:8410","","DashboardBaseStyles.html","0","false","4","false","Low","0",""
".remakeTrendBar","","0-1-0","Remake","1","DashboardBaseStyles.html:8629","","DashboardBaseStyles.html","0","false","2","false","Low","0",""
".remakeTrendBarTrack","","0-1-0","Remake","1","DashboardBaseStyles.html:8628","","DashboardBaseStyles.html","0","false","1","false","Low","0",""
".remakeTrendList","","0-1-0","Remake","1","DashboardBaseStyles.html:8612","","DashboardBaseStyles.html","0","false","5","false","Low","0",""
".remakeTrendMonth","","0-1-0","Remake","1","DashboardBaseStyles.html:8627","","DashboardBaseStyles.html","0","false","1","false","Low","0",""
".remakeTrendRow","","0-1-0","Remake","1","DashboardBaseStyles.html:8619","","DashboardBaseStyles.html","0","false","1","false","Low","0",""
".remakeTrendValue","","0-1-0","Remake","1","DashboardBaseStyles.html:8630","","DashboardBaseStyles.html","0","false","1","false","Low","0",""
".remakeViewActionV6382:hover","","0-2-0","Remake","1","RemakeResponsiveStyles.html:114","","RemakeResponsiveStyles.html","0","false","3","false","Low","0",""
".remakeViewDefaultsV6382 label","","0-1-1","Remake","1","RemakeResponsiveStyles.html:132","","RemakeResponsiveStyles.html","0","false","1","false","Low","0",""
".remakeViewDefaultsV6382 select:focus","","0-2-1","Remake","1","RemakeResponsiveStyles.html:87","","RemakeResponsiveStyles.html","0","false","1","false","Low","0",""
".remakeViewDeleteV6382[data-confirm=""1""]","","0-2-0","Remake","1","RemakeResponsiveStyles.html:211","","RemakeResponsiveStyles.html","0","false","1","false","Low","0",""
".remakeViewEmptyV6382","","0-1-0","Remake","1","RemakeResponsiveStyles.html:161","","RemakeResponsiveStyles.html","0","false","1","false","Low","0",""
".remakeViewListV6382","","0-1-0","Remake","1","RemakeResponsiveStyles.html:154","","RemakeResponsiveStyles.html","0","false","1","false","Low","0",""
".remakeViewNameV6382:hover","","0-2-0","Remake","1","RemakeResponsiveStyles.html:199","","RemakeResponsiveStyles.html","0","false","1","false","Low","0",""
".remakeViewPrimaryV6382:hover","","0-2-0","Remake","1","RemakeResponsiveStyles.html:119","","RemakeResponsiveStyles.html","0","false","1","false","Low","0",""
".remakeViewRowV6382.isOpenDefaultV6382","","0-2-0","Remake","1","RemakeResponsiveStyles.html:182","","RemakeResponsiveStyles.html","0","false","2","false","Low","0",""
".remakeViewRowV6382.isResetDefaultV6382","","0-2-0","Remake","1","RemakeResponsiveStyles.html:187","","RemakeResponsiveStyles.html","0","false","2","false","Low","0",""
".remakeViewSaveRowV6382","","0-1-0","Remake","1","RemakeResponsiveStyles.html:65","","RemakeResponsiveStyles.html","0","false","1","false","Low","0",""
".remakeViewSaveRowV6382 input","","0-1-1","Remake","1","RemakeResponsiveStyles.html:71","","RemakeResponsiveStyles.html","0","false","1","false","Low","0",""
".remakeViewSaveRowV6382 input:focus","","0-2-1","Remake","1","RemakeResponsiveStyles.html:87","","RemakeResponsiveStyles.html","0","false","1","false","Low","0",""
".remakeViewsBodyV6382","","0-1-0","Remake","1","RemakeResponsiveStyles.html:56","","RemakeResponsiveStyles.html","0","false","1","false","Low","0",""
".remakeViewsCloseV6382","","0-1-0","Remake","1","RemakeResponsiveStyles.html:43","","RemakeResponsiveStyles.html","0","false","3","false","Low","0",""
".remakeViewsCloseV6382:hover","","0-2-0","Remake","1","RemakeResponsiveStyles.html:114","","RemakeResponsiveStyles.html","0","false","3","false","Low","0",""
".remakeViewSectionLabelV6382","","0-1-0","Remake","1","RemakeResponsiveStyles.html:150","","RemakeResponsiveStyles.html","0","false","0","true","Low","0","no static runtime token reference found"
".remakeViewsFooterV6382","","0-1-0","Remake","1","RemakeResponsiveStyles.html:217","","RemakeResponsiveStyles.html","0","false","1","false","Low","0",""
".remakeViewsHeaderV6382","","0-1-0","Remake","1","RemakeResponsiveStyles.html:27","","RemakeResponsiveStyles.html","0","false","1","false","Low","0",""
".remakeViewsHeaderV6382 strong","","0-1-1","Remake","1","RemakeResponsiveStyles.html:38","","RemakeResponsiveStyles.html","0","false","1","false","Low","0",""
".remakeViewStatusV6382","","0-1-0","Remake","1","RemakeResponsiveStyles.html:240","","RemakeResponsiveStyles.html","0","false","4","false","Low","0",""
".remakeViewStatusV6382:empty","","0-2-0","Remake","1","RemakeResponsiveStyles.html:246","","RemakeResponsiveStyles.html","0","false","4","false","Low","0",""
".remakeViewStatusV6382.error","","0-2-0","Remake","1","RemakeResponsiveStyles.html:250","","RemakeResponsiveStyles.html","0","false","597","false","Low","0",""
".remakeViewUtilityV6382:hover","","0-2-0","Remake","1","RemakeResponsiveStyles.html:234","","RemakeResponsiveStyles.html","0","false","2","false","Low","0",""
".tabDropdown.open","","0-2-0","Overview","1","DashboardBaseStyles.html:4491","","DashboardBaseStyles.html","0","false","318","false","Low","0",""
".tabDropdownBtn","","0-1-0","Overview","1","DashboardBaseStyles.html:4496","","DashboardBaseStyles.html","0","false","3","false","Low","0",""
".tabDropdownBtn:hover","","0-2-0","Overview","1","DashboardBaseStyles.html:4509","","DashboardBaseStyles.html","0","false","3","false","Low","0",""
".tabDropdownBtn.active","","0-2-0","Overview","1","DashboardBaseStyles.html:4509","","DashboardBaseStyles.html","0","false","602","false","Low","0",""
".tabGroup","","0-1-0","Overview","1","DashboardBaseStyles.html:4471","","DashboardBaseStyles.html","0","false","6","false","Low","0",""
"#overviewOne .controlButtonStrip .undoBtn:disabled","","1-3-0","Overview","1","DashboardBaseStyles.html:4678","","DashboardBaseStyles.html","0","false","291","false","Low","0",""
"#overviewPage .tableWrap","","1-1-0","Overview","1","Index.html:4027","","Index.html","0","false","4","false","Low","0",""
"#overviewTwo .bad","","1-1-0","Overview","1","DashboardBaseStyles.html:5210","","DashboardBaseStyles.html","0","false","129","false","Low","0",""
"#overviewTwo .good","","1-1-0","Overview","1","DashboardBaseStyles.html:5208","","DashboardBaseStyles.html","0","false","99","false","Low","0",""
"#overviewTwo .o2ActionCol","","1-1-0","Overview","1","DashboardBaseStyles.html:5188","","DashboardBaseStyles.html","0","false","75","false","Low","0",""
"#overviewTwo .o2ButtonGroup","","1-1-0","Overview","1","DashboardBaseStyles.html:5116","","DashboardBaseStyles.html","0","false","73","false","Low","0",""
"#overviewTwo .o2ButtonGroup button","","1-1-1","Overview","1","DashboardBaseStyles.html:5122","","DashboardBaseStyles.html","0","false","73","false","Low","0",""
"#overviewTwo .o2ButtonGroup button:hover","","1-2-1","Overview","1","DashboardBaseStyles.html:5135","","DashboardBaseStyles.html","0","false","73","false","Low","0",""
"#overviewTwo .o2ButtonGroup button.active","","1-2-1","Overview","1","DashboardBaseStyles.html:5135","","DashboardBaseStyles.html","0","false","672","false","Low","0",""
"#overviewTwo .o2ClearFocusBtn","","1-1-0","Overview","1","DashboardBaseStyles.html:5122","","DashboardBaseStyles.html","0","false","72","false","Low","0",""
"#overviewTwo .o2ClearFocusBtn:hover","","1-2-0","Overview","1","DashboardBaseStyles.html:5135","","DashboardBaseStyles.html","0","false","72","false","Low","0",""
"#overviewTwo .o2DriverFocus","","1-1-0","Overview","1","DashboardBaseStyles.html:5038","","DashboardBaseStyles.html","0","false","75","false","Low","0",""
"#overviewTwo .o2FilterDeck .filterCard","","1-2-0","Overview","1","DashboardBaseStyles.html:4980","","DashboardBaseStyles.html","0","false","90","false","Low","0",""
"#overviewTwo .o2FilterEyebrow","","1-1-0","Overview","1","DashboardBaseStyles.html:5297","","DashboardBaseStyles.html","0","false","71","false","Low","0",""
"#overviewTwo .o2FilterHelp","","1-1-0","Overview","1","DashboardBaseStyles.html:5305","","DashboardBaseStyles.html","0","false","71","false","Low","0",""
"#overviewTwo .o2FilterRail","","1-1-0","Overview","1","DashboardBaseStyles.html:5277","","DashboardBaseStyles.html","0","false","71","false","Low","0",""
"#overviewTwo .o2FocusBtn","","1-1-0","Overview","1","DashboardBaseStyles.html:5190","","DashboardBaseStyles.html","0","false","73","false","Low","0",""
"#overviewTwo .o2FocusBtn:hover","","1-2-0","Overview","1","DashboardBaseStyles.html:5202","","DashboardBaseStyles.html","0","false","73","false","Low","0",""
"#overviewTwo .o2FocusEmpty","","1-1-0","Overview","1","DashboardBaseStyles.html:5045","","DashboardBaseStyles.html","0","false","73","false","Low","0",""
"#overviewTwo .o2FocusLabel","","1-1-0","Overview","1","DashboardBaseStyles.html:5062","","DashboardBaseStyles.html","0","false","73","false","Low","0",""
"#overviewTwo .o2FocusName","","1-1-0","Overview","1","DashboardBaseStyles.html:5070","","DashboardBaseStyles.html","0","false","73","false","Low","0",""
"#overviewTwo .o2FocusStats b","","1-1-1","Overview","1","DashboardBaseStyles.html:5100","","DashboardBaseStyles.html","0","false","73","false","Low","0",""
"#overviewTwo .o2FocusStats div","","1-1-1","Overview","1","DashboardBaseStyles.html:5085","","DashboardBaseStyles.html","0","false","73","false","Low","0",""
"#overviewTwo .o2FocusStats span","","1-1-1","Overview","1","DashboardBaseStyles.html:5092","","DashboardBaseStyles.html","0","false","73","false","Low","0",""
"#overviewTwo .o2Footer","","1-1-0","Overview","1","DashboardBaseStyles.html:5214","","DashboardBaseStyles.html","0","false","74","false","Low","0",""
"#overviewTwo .o2NameCell","","1-1-0","Overview","1","DashboardBaseStyles.html:5181","","DashboardBaseStyles.html","0","false","73","false","Low","0",""
"#overviewTwo .o2Negative","","1-1-0","Overview","1","DashboardBaseStyles.html:5210","","DashboardBaseStyles.html","0","false","75","false","Low","0",""
"#overviewTwo .o2Neutral","","1-1-0","Overview","1","DashboardBaseStyles.html:5212","","DashboardBaseStyles.html","0","false","75","false","Low","0",""
"#overviewTwo .o2Positive","","1-1-0","Overview","1","DashboardBaseStyles.html:5208","","DashboardBaseStyles.html","0","false","75","false","Low","0",""
"#overviewTwo .o2TableScroll","","1-1-0","Overview","1","DashboardBaseStyles.html:5143","","DashboardBaseStyles.html","0","false","72","false","Low","0",""
"#overviewTwo table","","1-0-1","Overview","1","DashboardBaseStyles.html:5148","","DashboardBaseStyles.html","0","false","71","false","Low","0",""
"#overviewTwo tbody tr:hover td","","1-1-3","Overview","1","DashboardBaseStyles.html:5178","","DashboardBaseStyles.html","0","false","71","false","Low","0",""
"#overviewTwo tbody tr:nth-child(even) td","","1-1-3","Overview","1","DashboardBaseStyles.html:5177","","DashboardBaseStyles.html","0","false","71","false","Low","0",""
"#overviewTwo td","","1-0-1","Overview","1","DashboardBaseStyles.html:5170","","DashboardBaseStyles.html","0","false","71","false","Low","0",""
"#overviewTwo td.num","","1-1-1","Overview","1","DashboardBaseStyles.html:5167","","DashboardBaseStyles.html","0","false","454","false","Low","0",""
"#overviewTwo th","","1-0-1","Overview","1","DashboardBaseStyles.html:5154","","DashboardBaseStyles.html","0","false","71","false","Low","0",""
"#overviewTwo th.num","","1-1-1","Overview","1","DashboardBaseStyles.html:5167","","DashboardBaseStyles.html","0","false","454","false","Low","0",""
"#remakeCompactToolbarV6382","","1-0-0","Remake","1","RemakeResponsiveStyles.html:2","","RemakeResponsiveStyles.html","0","false","4","false","Low","0",""
"#remakeFactorPage .ceramistPreviewTableWrapV6342","","1-1-0","Remake","1","Index.html:4027","","Index.html","0","false","734","false","Low","0",""
"#remakeFactorPage .remakeTableWrap","","1-1-0","Remake","1","Index.html:4027","","Index.html","0","false","750","false","Low","0",""
"#remakeFactorPage.cleanRemakeV6230 .remakeChartBoxV6230 canvas","","1-2-1","Remake","1","Index.html:158","","Index.html","0","false","1320","false","Low","0",""
"#remakeTabFilterHostV6337 .remakeCacheActionBarV6338 .remakeButton:disabled","","1-3-0","Remake","1","Index.html:1676","","Index.html","0","false","43","false","Low","0",""
"#remakeTabFilterHostV6337 .remakeCacheActionBarV6338 .remakeButton:hover","","1-3-0","Remake","1","Index.html:1675","","Index.html","0","false","43","false","Low","0",""
"#remakeTabFilterHostV6337 .remakeCacheActionLabelV6338","@media (max-width:1500px) and (min-width:1280px)","1-1-0","Remake","1","Index.html:1699","","Index.html","0","false","13","false","Low","0",""
"#remakeTabFilterHostV6337 [data-filter-kind=""customer""] .remakeDropdownPanelV6245","","1-2-0","Remake","1","Index.html:1531","","Index.html","0","false","18","false","Low","0",""
"#remakeTabFilterHostV6337 [data-filter-kind=""reason""] .remakeDropdownPanelV6245","","1-2-0","Remake","1","Index.html:1531","","Index.html","0","false","18","false","Low","0",""
"#remakeTabViewsV6382","","1-0-0","Remake","1","RemakeResponsiveStyles.html:254","","RemakeResponsiveStyles.html","0","false","7","false","Low","0",""
"#singleShellDebugBanner b","","1-0-1","Overview","1","DashboardBaseStyles.html:4900","","DashboardBaseStyles.html","0","false","33","false","Low","0",""
"#tatDashboardPageV6509.cleanRemakeV6230 .tatProductIndentV6523","","1-2-0","TAT","1","Index.html:4690","","Index.html","0","false","595","false","Low","0",""
"#tatSettingsPanelV6509 .tatSettingsNoteV6524","","1-1-0","TAT","1","Index.html:4698","","Index.html","0","false","5","false","Low","0",""
